manage_sample,public_project,meta_g_sequencing_location,date,country,state,latitude,longitude,scorpan_zone,system,meta_g_number_of_reads,meta_g_size_gbp,number_of_d_rep_99_bins,total_c_mg_c_g_soil,soc_mg_c_g_soil,om_percent,maoc_mg_c_g_soil,poc_mg_c_g_soil,total_n_percent,no3_n_mg_kg,nh4_n_mg_kg,pmn_mg_kg,p_mg_kg,k_mg_kg,mg_mg_kg,ca_mg_kg,mn_mg_kg,na_mg_kg,zn_mg_kg,fe_mg_kg,cu_mg_kg,s_mg_kg,b_mg_kg,p_h,bulk_density_g_cm3,texture_class,sand_percent,clay_percent,silt_percent
MANAGE_00001,MANAGE Research Network,UC Denver,9/11/23,United States,WY,43.7274415,-104.23523,2,Grazing,54240775,16.58,2,13.6988,8.118702659,1.4,5.298172285,1.748865057,0.082722,NA,NA,NA,NA,NA,NA,NA,NA,NA,NA,NA,NA,NA,NA,7.05,1.569008029,Sandy Clay Loam,57.32270916,22.21513944,20.46215139
MANAGE_00002,MANAGE Research Network,UC Denver,9/11/23,United States,WY,43.7274415,-104.23523,2,Grazing,43476589,13.3,1,20.619,13.03978817,2.2,9.359338072,3.247895251,0.141063,NA,NA,NA,NA,NA,NA,NA,NA,NA,NA,NA,NA,NA,NA,7.06,1.348543568,Loam,39.49498998,18.98196393,41.52304609
MANAGE_00003,MANAGE Research Network,UC Denver,9/11/23,United States,WY,43.7274415,-104.23523,2,Grazing,49329954,15.14,8,10.7583,9.338014225,1.6,6.349331115,1.432588147,0.117091,NA,NA,NA,NA,NA,NA,NA,NA,NA,NA,NA,NA,NA,NA,7.16,1.385546652,Clay,21.85229541,64.28742515,13.86027944
MANAGE_00004,MANAGE Research Network,UC Denver,9/9/23,United States,WY,44.1357092,-105.70612,2,Grazing,55583685,17,1,21.9404,21.9404,3.8,12.35964862,5.979412352,0.217641,NA,NA,NA,NA,NA,NA,NA,NA,NA,NA,NA,NA,NA,NA,6.69,1.058515472,Loam,37.79919679,26.54136546,35.65943775
MANAGE_00005,MANAGE Research Network,UC Denver,9/9/23,United States,WY,44.1357092,-105.70612,2,Grazing,44442176,13.6,1,22.3248,14.85083445,2.6,8.80568553,6.702951275,0.149616,NA,NA,NA,NA,NA,NA,NA,NA,NA,NA,NA,NA,NA,NA,6.98,1.174537724,Sandy Loam,57.83266932,13.03585657,29.1314741
MANAGE_00006,MANAGE Research Network,UC Denver,9/9/23,United States,WY,44.1357092,-105.70612,2,Grazing,43613601,13.36,8,18.0786,18.0786,3.1,11.67053665,5.134857902,0.180225,NA,NA,NA,NA,NA,NA,NA,NA,NA,NA,NA,NA,NA,NA,6.28,1.147400065,Loam,38.02004008,23.73066132,38.2492986
MANAGE_00007,MANAGE Research Network,UC Denver,9/15/23,United States,CO,38.8526755,-106.91098,8,Grazing,40660508,12.44,1,37.7382,37.7382,6.5,24.79609424,15.98898579,0.331216,NA,NA,NA,NA,NA,NA,NA,NA,NA,NA,NA,NA,NA,NA,5.24,NA,Sandy Loam,50.46706587,12.90219561,36.63073852
MANAGE_00008,MANAGE Research Network,UC Denver,9/15/23,United States,CO,38.8526755,-106.91098,8,Grazing,47547443,14.54,4,57.41,57.41,9.9,34.95984379,15.15298531,0.518013,NA,NA,NA,NA,NA,NA,NA,NA,NA,NA,NA,NA,NA,NA,5.83,1.002241325,Sandy Loam,60.352,6.688,32.96
MANAGE_00009,MANAGE Research Network,UC Denver,9/15/23,United States,CO,38.8526755,-106.91098,8,Grazing,44185718,13.52,2,50.7886,50.7886,8.8,29.49531406,15.648675,0.441371,NA,NA,NA,NA,NA,NA,NA,NA,NA,NA,NA,NA,NA,NA,5.37,NA,Loam,38.82164329,12.02725451,49.1511022
MANAGE_00010,MANAGE Research Network,UC Denver,9/20/23,United States,CO,39.6449184,-103.68254,2,Grazing,37871167,11.6,3,13.1851,13.1851,2.3,9.1492232,1.624795867,0.145747,NA,NA,NA,NA,NA,NA,NA,NA,NA,NA,NA,NA,NA,NA,6.6,1.47253754,Silty Clay Loam,11.1503006,37.03406814,51.81563126
MANAGE_00011,MANAGE Research Network,UC Denver,9/20/23,United States,CO,39.6449184,-103.68254,2,Grazing,40730792,12.44,1,15.1767,15.1767,2.6,10.37341981,4.044621543,0.159562,NA,NA,NA,NA,NA,NA,NA,NA,NA,NA,NA,NA,NA,NA,5.86,1.162523248,Silt Loam,14.51703407,25.52304609,59.95991984
MANAGE_00012,MANAGE Research Network,UC Denver,9/20/23,United States,CO,39.6449184,-103.68254,2,Grazing,40293457,12.34,3,14.8226,14.8226,2.6,10.016793850000001,4.104029843,0.15625,NA,NA,NA,NA,NA,NA,NA,NA,NA,NA,NA,NA,NA,NA,6.47,1.141815367,Silt Loam,17.30120482,25.95983936,56.73895582
MANAGE_00013,MANAGE Research Network,UC Denver,9/13/23,United States,CO,40.6706952,-107.37873,2,Grazing,46506935,14.22,1,29.0848,29.0848,5,21.43750495,8.990695187,0.252233,NA,NA,NA,NA,NA,NA,NA,NA,NA,NA,NA,NA,NA,NA,6.25,1.203545843,Silt Loam,32.58283433,14.69061876,52.72654691
MANAGE_00014,MANAGE Research Network,UC Denver,9/13/23,United States,CO,40.6706952,-107.37873,2,Grazing,49118502,15.02,0,25.741,25.741,4.4,17.31324597,7.557610832,0.238623,NA,NA,NA,NA,NA,NA,NA,NA,NA,NA,NA,NA,NA,NA,6.62,1.204642495,Silt Loam,22.68263473,16.79840319,60.51896208
MANAGE_00015,MANAGE Research Network,UC Denver,9/13/23,United States,CO,40.6706952,-107.37873,2,Grazing,44313621,13.56,3,25.5762,25.5762,4.4,16.4454451,7.54778604,0.220711,NA,NA,NA,NA,NA,NA,NA,NA,NA,NA,NA,NA,NA,NA,6.03,1.23218359,Silt Loam,24.2004008,21.09819639,54.70140281
MANAGE_00016,MANAGE Research Network,UC Denver,9/6/23,United States,WY,42.2781387,-105.89445,2,Grazing,40609877,12.42,2,14.1465,14.1465,2.4,9.412583113,4.203651451,0.141534,NA,NA,NA,NA,NA,NA,NA,NA,NA,NA,NA,NA,NA,NA,5.98,1.234120251,Loam,42.22044088,12.40881764,45.37074148
MANAGE_00017,MANAGE Research Network,UC Denver,9/6/23,United States,WY,42.2781387,-105.89445,2,Grazing,45587013,13.94,1,11.6005,11.6005,2,6.030091864,2.20347336,0.118742,NA,NA,NA,NA,NA,NA,NA,NA,NA,NA,NA,NA,NA,NA,6.43,1.460938649,Sandy Loam,60.16,16.9312,22.9088
MANAGE_00018,MANAGE Research Network,UC Denver,9/6/23,United States,WY,42.2781387,-105.89445,2,Grazing,43667241,13.34,4,11.9712,11.9712,2.1,6.211018059,2.440784717,0.118015,NA,NA,NA,NA,NA,NA,NA,NA,NA,NA,NA,NA,NA,NA,6.07,NA,Sandy Clay Loam,51.83967936,22.02805611,26.13226453
MANAGE_00019,MANAGE Research Network,Colorado State University Sequencing Core,8/1/23,United States,MN,43.635062,-94.074464,9,Cropping,97147662,14.398419,0,NA,56.233,9.7,NA,NA,0.5256,NA,NA,88.17787777,39.09,236.63,NA,NA,NA,NA,NA,NA,NA,NA,NA,7.03,1.218502203,NA,NA,44,NA
MANAGE_00020,MANAGE Research Network,Colorado State University Sequencing Core,8/1/23,United States,MN,43.635242,-94.071673,9,Cropping,82854240,12.346914,0,NA,30.18520053,5.2,NA,NA,0.2681,NA,NA,47.34169788,102.33,399.07,NA,NA,NA,NA,NA,NA,NA,NA,NA,6.07,0.909838473,NA,NA,48,NA
MANAGE_00021,MANAGE Research Network,Colorado State University Sequencing Core,8/1/23,United States,MN,43.581724,-93.86542,3,Cropping,81571760,12.193327,0,NA,39.361,6.8,NA,NA,0.4181,NA,NA,91.94081534,14.53,71.06,NA,NA,NA,NA,NA,NA,NA,NA,NA,6.21,1.132452276,NA,NA,31,NA
MANAGE_00022,MANAGE Research Network,Colorado State University Sequencing Core,8/1/23,United States,MN,43.581294,-93.860312,3,Cropping,77328822,11.557033,0,NA,34.227,5.9,NA,NA,0.2983,NA,NA,29.95587248,44.97,85.91,NA,NA,NA,NA,NA,NA,NA,NA,NA,5.36,1.356534508,NA,NA,39,NA
MANAGE_00023,MANAGE Research Network,Colorado State University Sequencing Core,8/1/23,United States,MN,43.636721,-93.941628,3,Cropping,72190518,10.79497,0,NA,32.164,5.5,NA,NA,0.324,NA,NA,44.25608423,20.81,245.95,NA,NA,NA,NA,NA,NA,NA,NA,NA,5.66,1.226431718,NA,NA,32,NA
MANAGE_00024,MANAGE Research Network,Colorado State University Sequencing Core,8/1/23,United States,MN,43.63902,-93.942425,3,Cropping,64877262,9.715526,0,NA,30.816,5.3,NA,NA,0.257,NA,NA,34.22422361,61.86,286.03,NA,NA,NA,NA,NA,NA,NA,NA,NA,5.32,1.231718062,NA,NA,28,NA
MANAGE_00025,MANAGE Research Network,Colorado State University Sequencing Core,NA,United States,CO,40.3332755,-104.72761,7,Cropping,73736910,10.949602,1,NA,4.64,0.8,NA,NA,NA,8,NA,NA,81,188,233,1147,5,131,3,23,1.8,22,0.7,7.1,NA,Sandy Loam,77.5,9.8,12.7
MANAGE_00026,MANAGE Research Network,Colorado State University Sequencing Core,NA,United States,CO,40.3333071,-104.72671,7,Cropping,95303586,14.145157,4,NA,4.06,0.7,NA,NA,NA,9,NA,NA,63,124,133,824,5,106,2.6,29,1.4,23,0.5,6.8,NA,Loamy Sand,84.6,7.1,8.3
MANAGE_00027,MANAGE Research Network,Colorado State University Sequencing Core,NA,United States,CO,40.3333549,-104.72536,7,Cropping,133191976,19.928912,0,NA,6.38,1.1,NA,NA,NA,14,NA,NA,63,194,160,1098,5,123,3,19,1.4,36,0.8,7.2,NA,Loamy Sand,82,7,11
MANAGE_00028,MANAGE Research Network,Colorado State University Sequencing Core,NA,United States,CO,40.3333865,-104.72446,7,Cropping,136124980,20.346999,0,NA,9.28,1.6,NA,NA,NA,14,NA,NA,74,317,253,2202,4,153,4.5,20,3.1,40,1.5,7.9,NA,Fine Sandy Loam,60.6,17.2,22.2
MANAGE_00029,MANAGE Research Network,Colorado State University Sequencing Core,NA,United States,CO,40.3335265,-104.72088,7,Cropping,151588278,22.680714,0,NA,8.12,1.4,NA,NA,NA,8,NA,NA,28,200,233,1324,6,133,5.3,14,2.4,27,1,7.6,NA,Sandy Loam,77.4,8.5,14.1
MANAGE_00030,MANAGE Research Network,Colorado State University Sequencing Core,NA,United States,CO,40.333558,-104.71998,7,Cropping,135024704,20.191283,0,NA,8.12,1.4,NA,NA,NA,10,NA,NA,37,241,252,1473,8,133,5.8,16,2.9,31,1.1,7.5,NA,Sandy Loam,71.5,12.9,15.6
MANAGE_00031,MANAGE Research Network,Colorado State University Sequencing Core,NA,United States,CO,40.3335896,-104.71908,7,Cropping,155190770,23.193035,1,NA,8.7,1.5,NA,NA,NA,6,NA,NA,40,200,245,1408,7,153,5,17,2.5,34,1,7.6,NA,Sandy Loam,76,10.9,13.1
MANAGE_00032,MANAGE Research Network,Colorado State University Sequencing Core,NA,United States,CO,40.3330643,-104.72853,7,Cropping,148564734,22.228382,0,NA,6.96,1.2,NA,NA,NA,12,NA,NA,63,179,183,971,7,107,3.3,27,1.8,25,0.5,6.5,NA,Loamy Sand,79.6,9,11.4
MANAGE_00033,MANAGE Research Network,Colorado State University Sequencing Core,NA,United States,CO,40.333095899999996,-104.72764,7,Cropping,76045876,11.306678,0,NA,4.06,0.7,NA,NA,NA,14,NA,NA,78,192,216,1160,7,131,3.3,23,2,29,0.7,6.8,NA,Sandy Loam,79,9.3,11.7
MANAGE_00034,MANAGE Research Network,Colorado State University Sequencing Core,NA,United States,CO,40.3331275,-104.72674,7,Cropping,78686266,11.686756,2,NA,5.22,0.9,NA,NA,NA,11,NA,NA,61,164,154,974,5,93,2.7,28,1.5,18,0.6,7,NA,Loamy Sand,85.1,6.6,8.3
MANAGE_00035,MANAGE Research Network,Colorado State University Sequencing Core,NA,United States,CO,40.3331758,-104.72537,7,Cropping,139327724,20.806773,0,NA,4.64,0.8,NA,NA,NA,12,NA,NA,64,127,131,1376,3,118,2.1,12,1.2,33,1.1,7.9,NA,Loamy Sand,84.2,7.7,8.1
MANAGE_00036,MANAGE Research Network,Colorado State University Sequencing Core,NA,United States,CO,40.3332073,-104.72448,7,Cropping,127506906,19.072145,0,NA,8.12,1.4,NA,NA,NA,10,NA,NA,67,178,194,1254,5,88,4.4,20,2.5,22,0.9,7.4,NA,Sandy Loam,76.3,10.6,13.1
MANAGE_00037,MANAGE Research Network,Colorado State University Sequencing Core,NA,United States,CO,40.3332389,-104.72358,7,Cropping,128313090,19.174766,0,NA,6.38,1.1,NA,NA,NA,10,NA,NA,69,160,178,1141,4,120,3,13,1.6,32,0.9,7.7,NA,Loamy Coarse Sand,80.3,8.5,11.2
MANAGE_00038,MANAGE Research Network,Colorado State University Sequencing Core,NA,United States,CO,40.3332935,-104.72203,7,Cropping,135907594,20.329173,0,NA,6.38,1.1,NA,NA,NA,16,NA,NA,55,188,215,1195,6,116,4.5,16,2.2,33,0.9,7,NA,Fine Sandy Loam,75.2,11.3,13.5
MANAGE_00039,MANAGE Research Network,Colorado State University Sequencing Core,NA,United States,CO,40.333325,-104.72114,7,Cropping,137410574,20.53562,0,NA,6.96,1.2,NA,NA,NA,14,NA,NA,32,164,196,1123,6,109,5.3,16,2.4,31,0.7,7,NA,Fine Sandy Loam,76.3,10.5,13.2
MANAGE_00040,MANAGE Research Network,Colorado State University Sequencing Core,NA,United States,CO,40.3333566,-104.72024,7,Cropping,155498772,23.233191,0,NA,8.7,1.5,NA,NA,NA,33,NA,NA,44,238,261,1468,7,148,8.2,18,3.7,42,1.2,7.2,NA,Sandy Loam,78.6,17.3,4.1
MANAGE_00041,MANAGE Research Network,Colorado State University Sequencing Core,NA,United States,CO,40.3322088,-104.72941,7,Cropping,87723542,12.987629,0,NA,4.64,0.8,NA,NA,NA,22,NA,NA,81,246,237,1172,11,121,1.9,25,1.6,33,0.7,6.3,NA,Sandy Loam,74.8,10.9,14.3
MANAGE_00042,MANAGE Research Network,Colorado State University Sequencing Core,NA,United States,CO,40.3322404,-104.72852,7,Cropping,85978408,12.772748,3,NA,4.64,0.8,NA,NA,NA,10,NA,NA,67,183,172,883,8,101,3,28,2,23,0.5,6.5,NA,Loamy Coarse Sand,82.3,8.5,9.2
MANAGE_00043,MANAGE Research Network,Colorado State University Sequencing Core,NA,United States,CO,40.332272,-104.72762,7,Cropping,93523866,13.870073,3,NA,3.48,0.6,NA,NA,NA,8,NA,NA,78,192,153,815,6,86,3.1,27,2.1,19,0.5,6.7,NA,Loamy Sand,82.5,8.9,8.6
MANAGE_00044,MANAGE Research Network,Colorado State University Sequencing Core,NA,United States,CO,40.3323036,-104.72673,7,Cropping,118343892,17.690488,0,NA,6.38,1.1,NA,NA,NA,10,NA,NA,60,173,159,944,7,109,2.9,35,2,27,0.6,6.6,NA,Sandy Loam,79.6,9.7,10.7
MANAGE_00045,MANAGE Research Network,Colorado State University Sequencing Core,NA,United States,CO,40.3323532,-104.72532,7,Cropping,109163560,16.19051,2,NA,6.38,1.1,NA,NA,NA,12,NA,NA,46,167,170,2266,3,102,1.3,11,1,24,1.1,8.1,NA,Sandy Loam,78.6,10.4,11
MANAGE_00046,MANAGE Research Network,Colorado State University Sequencing Core,NA,United States,CO,40.3323848,-104.72442,7,Cropping,118976358,17.791329,0,NA,5.8,1,NA,NA,NA,10,NA,NA,53,160,194,1307,4,93,2.6,14,1.5,18,0.9,7.6,NA,Fine Sandy Loam,76.5,8.9,14.6
MANAGE_00047,MANAGE Research Network,Colorado State University Sequencing Core,NA,United States,CO,40.3324165,-104.72353,7,Cropping,102103950,15.25777,0,NA,5.8,1,NA,NA,NA,16,NA,NA,65,176,215,1180,5,137,2.1,18,1.4,32,0.7,7.2,NA,Sandy Loam,76.1,8.9,15
MANAGE_00048,MANAGE Research Network,Colorado State University Sequencing Core,NA,United States,CO,40.3324752,-104.72186,7,Cropping,122672068,18.304088,0,NA,6.96,1.2,NA,NA,NA,14,NA,NA,45,233,277,1486,7,136,3.9,17,2.5,34,0.9,7.4,NA,Fine Sandy Loam,68.2,12.8,19
MANAGE_00049,MANAGE Research Network,Colorado State University Sequencing Core,NA,United States,CO,40.3325068,-104.72096,7,Cropping,123627290,18.479411,0,NA,6.96,1.2,NA,NA,NA,29,NA,NA,45,242,261,1433,8,150,7.9,18,3.9,46,0.9,7.1,NA,Sandy Loam,73.8,10.1,16.1
MANAGE_00050,MANAGE Research Network,Colorado State University Sequencing Core,NA,United States,CO,40.33138,-104.7294,7,Cropping,80305782,11.912765,1,NA,5.8,1,NA,NA,NA,18,NA,NA,63,209,208,1008,9,113,3.9,27,1.9,36,0.6,6.5,NA,Loamy Sand,83.4,7,9.6
MANAGE_00051,MANAGE Research Network,Colorado State University Sequencing Core,NA,United States,CO,40.3314124,-104.7285,7,Cropping,108898782,16.200827,2,NA,7.54,1.3,NA,NA,NA,21,NA,NA,80,273,206,1037,14,117,6,36,3.1,36,0.7,6.1,NA,Sandy Loam,76.7,8.1,15.2
MANAGE_00052,MANAGE Research Network,Colorado State University Sequencing Core,NA,United States,CO,40.3314437,-104.7276,7,Cropping,76241840,11.336298,5,NA,4.64,0.8,NA,NA,NA,17,NA,NA,81,217,206,993,19,125,4.1,39,3.3,38,0.6,6,NA,Sandy Loam,73.3,13.9,12.8
MANAGE_00053,MANAGE Research Network,Colorado State University Sequencing Core,NA,United States,CO,40.3314785,-104.72671,7,Cropping,106986574,15.913535,1,NA,4.64,0.8,NA,NA,NA,12,NA,NA,62,179,175,973,7,117,4.8,29,2.5,30,0.6,6.8,NA,Loamy Sand,79.6,7.8,10.4
MANAGE_00054,MANAGE Research Network,Colorado State University Sequencing Core,NA,United States,CO,40.3315271,-104.72534,7,Cropping,80798536,12.010492,1,NA,5.8,1,NA,NA,NA,9,NA,NA,45,153,190,1256,4,117,4.4,18,2.7,21,0.8,7.5,NA,Loamy Sand,79.9,9.6,10.5
MANAGE_00055,MANAGE Research Network,Colorado State University Sequencing Core,NA,United States,CO,40.331558,-104.72445,7,Cropping,77551184,11.522149,3,NA,8.7,1.5,NA,NA,NA,16,NA,NA,54,171,205,1239,8,131,5.1,29,3.3,30,0.7,6.3,NA,Sandy Loam,75.8,9.3,14.9
MANAGE_00056,MANAGE Research Network,Colorado State University Sequencing Core,NA,United States,CO,40.3315895,-104.72355,7,Cropping,148303962,22.138915,0,NA,2.9,0.5,NA,NA,NA,9,NA,NA,58,151,180,1159,4,98,2.9,17,1.9,21,0.7,7.5,NA,Loamy Sand,80.1,9.6,10.3
MANAGE_00057,MANAGE Research Network,Colorado State University Sequencing Core,NA,United States,CO,40.3316468,-104.72197,7,Cropping,171120244,25.571175,0,NA,7.54,1.3,NA,NA,NA,4,NA,NA,44,199,244,1342,6,94,3.9,17,2.5,17,0.8,7.3,NA,Coarse Sandy Loam,75.7,10.1,14.2
MANAGE_00058,MANAGE Research Network,Colorado State University Sequencing Core,NA,United States,CO,40.3307667,-104.72391,7,Cropping,84752346,12.587949,1,NA,8.12,1.4,NA,NA,NA,9,NA,NA,43,224,279,1542,5,129,8.5,17,4.6,29,0.9,7,NA,Fine Sandy Loam,66.4,13.2,20.4
MANAGE_00059,MANAGE Research Network,Colorado State University Sequencing Core,NA,United States,CO,40.3301849,-104.7246,7,Cropping,72371696,10.737785,1,NA,6.38,1.1,NA,NA,NA,12,NA,NA,38,178,219,1212,5,138,9.8,18,5.3,34,0.9,7.2,NA,Sandy Loam,75.7,10.5,13.8
MANAGE_00060,MANAGE Research Network,Colorado State University Sequencing Core,NA,United States,CO,40.3302193,-104.72385,7,Cropping,143074990,21.355684,1,NA,7.54,1.3,NA,NA,NA,25,NA,NA,42,189,271,1530,5,171,15,18,9.3,51,1,6.9,NA,Fine Sandy Loam,68.4,12,19.6
MANAGE_00061,MANAGE Research Network,Colorado State University Sequencing Core,NA,United States,CO,40.3302537,-104.72311,7,Cropping,115775432,17.28743,0,NA,8.7,1.5,NA,NA,NA,42,NA,NA,50,249,364,1988,7,217,21.9,20,15.6,75,1.4,7,NA,Sandy Loam,62.4,14.8,22.8
MANAGE_00062,MANAGE Research Network,Colorado State University Sequencing Core,NA,United States,CO,40.329613,-104.72456,7,Cropping,137096606,20.482336,0,NA,8.12,1.4,NA,NA,NA,32,NA,NA,53,289,245,1207,8,141,3.1,17,1.8,41,1.1,7.1,NA,Sandy Loam,73.2,11.2,15.6
MANAGE_00063,MANAGE Research Network,Colorado State University Sequencing Core,NA,United States,CO,40.3296474,-104.72381,7,Cropping,129290942,19.317587,0,NA,5.8,1,NA,NA,NA,28,NA,NA,52,340,260,1534,7,160,3.5,16,2.3,43,1.3,7.4,NA,Fine Sandy Loam,68.9,13.2,17.9
MANAGE_00064,MANAGE Research Network,Colorado State University Sequencing Core,NA,United States,CO,40.3290411,-104.72451,2,Cropping,157590042,23.508456,1,NA,6.96,1.2,NA,NA,NA,11,NA,NA,52,271,246,1277,7,142,2.8,17,1.3,36,1,7.2,NA,Fine Sandy Loam,72.6,10.9,16.5
MANAGE_00065,Literature Sourced,NA,10/3/14,United States,NY,42.43,-76.23,6,Cropping,22277020,2.249979,0,NA,NA,NA,NA,NA,NA,NA,NA,NA,NA,NA,NA,NA,NA,NA,NA,NA,NA,NA,NA,NA,NA,NA,NA,NA,NA
MANAGE_00066,Literature Sourced,NA,10/3/14,United States,NY,42.43,-76.23,6,Cropping,22061214,2.228183,0,NA,NA,NA,NA,NA,NA,NA,NA,NA,NA,NA,NA,NA,NA,NA,NA,NA,NA,NA,NA,NA,NA,NA,NA,NA,NA
MANAGE_00067,Literature Sourced,NA,10/3/14,United States,NY,42.43,-76.23,6,Cropping,23274320,2.350706,0,NA,NA,NA,NA,NA,NA,NA,NA,NA,NA,NA,NA,NA,NA,NA,NA,NA,NA,NA,NA,NA,NA,NA,NA,NA,NA
MANAGE_00068,Literature Sourced,NA,9/18/15,United States,CA,39.74,-123.63,11,Grazing,12825802,1.81902,0,NA,NA,NA,NA,NA,NA,NA,NA,NA,NA,NA,NA,NA,NA,NA,NA,NA,NA,NA,NA,NA,NA,NA,NA,NA,NA
MANAGE_00069,Literature Sourced,NA,11/30/15,United States,HI,21.54,-158.02,NA,Cropping,98927204,14.938008,8,NA,NA,NA,NA,NA,NA,NA,NA,NA,NA,NA,NA,NA,NA,NA,NA,NA,NA,NA,NA,NA,NA,NA,NA,NA,NA
MANAGE_00070,Literature Sourced,NA,11/30/15,United States,HI,21.54,-158.02,NA,Cropping,99150274,14.971691999999999,6,NA,NA,NA,NA,NA,NA,NA,NA,NA,NA,NA,NA,NA,NA,NA,NA,NA,NA,NA,NA,NA,NA,NA,NA,NA,NA
MANAGE_00071,Literature Sourced,NA,11/30/15,United States,HI,21.54,-158.02,NA,Cropping,91361986,13.79566,2,NA,NA,NA,NA,NA,NA,NA,NA,NA,NA,NA,NA,NA,NA,NA,NA,NA,NA,NA,NA,NA,NA,NA,NA,NA,NA
MANAGE_00072,Literature Sourced,NA,11/30/15,United States,HI,21.54,-158.02,NA,Cropping,107101606,16.172342,3,NA,NA,NA,NA,NA,NA,NA,NA,NA,NA,NA,NA,NA,NA,NA,NA,NA,NA,NA,NA,NA,NA,NA,NA,NA,NA
MANAGE_00073,Literature Sourced,NA,11/30/15,United States,HI,21.54,-158.02,NA,Cropping,97878316,14.779626,7,NA,NA,NA,NA,NA,NA,NA,NA,NA,NA,NA,NA,NA,NA,NA,NA,NA,NA,NA,NA,NA,NA,NA,NA,NA,NA
MANAGE_00074,Literature Sourced,NA,11/30/15,United States,HI,21.54,-158.02,NA,Cropping,82028890,12.386362,3,NA,NA,NA,NA,NA,NA,NA,NA,NA,NA,NA,NA,NA,NA,NA,NA,NA,NA,NA,NA,NA,NA,NA,NA,NA,NA
MANAGE_00075,Literature Sourced,NA,11/30/15,United States,HI,21.54,-158.02,NA,Cropping,49310454,7.445878,3,NA,NA,NA,NA,NA,NA,NA,NA,NA,NA,NA,NA,NA,NA,NA,NA,NA,NA,NA,NA,NA,NA,NA,NA,NA,NA
MANAGE_00076,Literature Sourced,NA,11/30/15,United States,HI,21.54,-158.02,NA,Cropping,97295440,14.691612,2,NA,NA,NA,NA,NA,NA,NA,NA,NA,NA,NA,NA,NA,NA,NA,NA,NA,NA,NA,NA,NA,NA,NA,NA,NA,NA
MANAGE_00077,Literature Sourced,NA,7/1/18,United States,AR,35.06,-93.56,6,Grazing,7260410,1.947703,0,NA,NA,NA,NA,NA,NA,NA,NA,NA,NA,NA,NA,NA,NA,NA,NA,NA,NA,NA,NA,NA,NA,NA,NA,NA,NA
MANAGE_00078,Literature Sourced,NA,7/2/18,United States,AR,35.06,-93.56,6,Grazing,2567102,0.677354,0,NA,NA,NA,NA,NA,NA,NA,NA,NA,NA,NA,NA,NA,NA,NA,NA,NA,NA,NA,NA,NA,NA,NA,NA,NA,NA
MANAGE_00079,Literature Sourced,NA,7/3/18,United States,AR,35.06,-93.56,6,Grazing,2975046,0.797255,0,NA,NA,NA,NA,NA,NA,NA,NA,NA,NA,NA,NA,NA,NA,NA,NA,NA,NA,NA,NA,NA,NA,NA,NA,NA,NA
MANAGE_00080,Literature Sourced,NA,7/4/18,United States,AR,35.06,-93.56,6,Grazing,3853004,1.029217,0,NA,NA,NA,NA,NA,NA,NA,NA,NA,NA,NA,NA,NA,NA,NA,NA,NA,NA,NA,NA,NA,NA,NA,NA,NA,NA
MANAGE_00081,Literature Sourced,NA,7/5/18,United States,AR,35.06,-93.56,6,Grazing,3609966,0.965647,0,NA,NA,NA,NA,NA,NA,NA,NA,NA,NA,NA,NA,NA,NA,NA,NA,NA,NA,NA,NA,NA,NA,NA,NA,NA,NA
MANAGE_00082,Literature Sourced,NA,7/6/18,United States,AR,35.06,-93.56,6,Grazing,4527704,1.204671,0,NA,NA,NA,NA,NA,NA,NA,NA,NA,NA,NA,NA,NA,NA,NA,NA,NA,NA,NA,NA,NA,NA,NA,NA,NA,NA
MANAGE_00083,Literature Sourced,NA,5/6/19,United States,WA,47,-118.56,9,Cropping,25474305,2.54743,0,NA,NA,NA,NA,NA,NA,NA,NA,NA,NA,NA,NA,NA,NA,NA,NA,NA,NA,NA,NA,NA,NA,NA,NA,NA,NA
MANAGE_00084,Literature Sourced,NA,5/6/19,United States,WA,47,-118.56,9,Cropping,23306732,2.330673,0,NA,NA,NA,NA,NA,NA,NA,NA,NA,NA,NA,NA,NA,NA,NA,NA,NA,NA,NA,NA,NA,NA,NA,NA,NA,NA
MANAGE_00085,Literature Sourced,NA,5/6/19,United States,WA,47,-118.56,9,Cropping,20414744,2.041474,0,NA,NA,NA,NA,NA,NA,NA,NA,NA,NA,NA,NA,NA,NA,NA,NA,NA,NA,NA,NA,NA,NA,NA,NA,NA,NA
MANAGE_00086,Literature Sourced,NA,5/6/19,United States,WA,47,-118.56,9,Cropping,20215053,2.021505,0,NA,NA,NA,NA,NA,NA,NA,NA,NA,NA,NA,NA,NA,NA,NA,NA,NA,NA,NA,NA,NA,NA,NA,NA,NA,NA
MANAGE_00087,Literature Sourced,NA,5/6/19,United States,WA,47,-118.56,9,Cropping,18794710,1.879471,0,NA,NA,NA,NA,NA,NA,NA,NA,NA,NA,NA,NA,NA,NA,NA,NA,NA,NA,NA,NA,NA,NA,NA,NA,NA,NA
MANAGE_00088,Literature Sourced,NA,5/6/19,United States,WA,47,-118.56,9,Cropping,20115369,2.011537,0,NA,NA,NA,NA,NA,NA,NA,NA,NA,NA,NA,NA,NA,NA,NA,NA,NA,NA,NA,NA,NA,NA,NA,NA,NA,NA
MANAGE_00089,Literature Sourced,NA,5/6/19,United States,WA,47,-118.56,9,Cropping,18921405,1.892141,0,NA,NA,NA,NA,NA,NA,NA,NA,NA,NA,NA,NA,NA,NA,NA,NA,NA,NA,NA,NA,NA,NA,NA,NA,NA,NA
MANAGE_00090,Literature Sourced,NA,5/6/19,United States,WA,47,-118.56,9,Cropping,19036837,1.903684,0,NA,NA,NA,NA,NA,NA,NA,NA,NA,NA,NA,NA,NA,NA,NA,NA,NA,NA,NA,NA,NA,NA,NA,NA,NA,NA
MANAGE_00091,Literature Sourced,NA,9/1/12,United States,WA,46.25,-119.74,9,Cropping,31086724,4.08375,0,NA,NA,NA,NA,NA,NA,NA,NA,NA,NA,NA,NA,NA,NA,NA,NA,NA,NA,NA,NA,NA,NA,NA,NA,NA,NA
MANAGE_00092,Literature Sourced,NA,9/1/12,United States,WA,46.25,-119.74,9,Cropping,26603216,3.714333,0,NA,NA,NA,NA,NA,NA,NA,NA,NA,NA,NA,NA,NA,NA,NA,NA,NA,NA,NA,NA,NA,NA,NA,NA,NA,NA
MANAGE_00093,Literature Sourced,NA,7/1/12,United States,WA,46.25,-119.74,9,Cropping,37955286,5.068092,0,NA,NA,NA,NA,NA,NA,NA,NA,NA,NA,NA,NA,NA,NA,NA,NA,NA,NA,NA,NA,NA,NA,NA,NA,NA,NA
MANAGE_00094,Literature Sourced,NA,7/1/12,United States,WA,46.25,-119.74,9,Cropping,36178190,4.944343,0,NA,NA,NA,NA,NA,NA,NA,NA,NA,NA,NA,NA,NA,NA,NA,NA,NA,NA,NA,NA,NA,NA,NA,NA,NA,NA
MANAGE_00095,Literature Sourced,NA,7/1/12,United States,WA,46.25,-119.74,9,Cropping,26669744,3.924899,0,NA,NA,NA,NA,NA,NA,NA,NA,NA,NA,NA,NA,NA,NA,NA,NA,NA,NA,NA,NA,NA,NA,NA,NA,NA,NA
MANAGE_00096,Literature Sourced,NA,7/1/12,United States,WA,46.25,-119.74,9,Cropping,42440062,5.848075,0,NA,NA,NA,NA,NA,NA,NA,NA,NA,NA,NA,NA,NA,NA,NA,NA,NA,NA,NA,NA,NA,NA,NA,NA,NA,NA
MANAGE_00097,Literature Sourced,NA,7/1/12,United States,WA,46.25,-119.74,9,Cropping,32958776,4.550192,0,NA,NA,NA,NA,NA,NA,NA,NA,NA,NA,NA,NA,NA,NA,NA,NA,NA,NA,NA,NA,NA,NA,NA,NA,NA,NA
MANAGE_00098,Literature Sourced,NA,7/1/14,United States,WA,46.25,-119.74,9,Cropping,36032176,4.809888,0,NA,NA,NA,NA,NA,NA,NA,NA,NA,NA,NA,NA,NA,NA,NA,NA,NA,NA,NA,NA,NA,NA,NA,NA,NA,NA
MANAGE_00099,Literature Sourced,NA,7/1/14,United States,WA,46.25,-119.74,9,Cropping,31696994,4.275643,0,NA,NA,NA,NA,NA,NA,NA,NA,NA,NA,NA,NA,NA,NA,NA,NA,NA,NA,NA,NA,NA,NA,NA,NA,NA,NA
MANAGE_00100,Literature Sourced,NA,7/1/14,United States,WA,46.25,-119.74,9,Cropping,25177498,3.466582,0,NA,NA,NA,NA,NA,NA,NA,NA,NA,NA,NA,NA,NA,NA,NA,NA,NA,NA,NA,NA,NA,NA,NA,NA,NA,NA
MANAGE_00101,Literature Sourced,NA,9/1/13,United States,WA,46.25,-119.74,9,Cropping,35356968,4.68928,0,NA,NA,NA,NA,NA,NA,NA,NA,NA,NA,NA,NA,NA,NA,NA,NA,NA,NA,NA,NA,NA,NA,NA,NA,NA,NA
MANAGE_00102,Literature Sourced,NA,4/1/12,United States,WA,46.25,-119.74,9,Cropping,39813746,5.480868,0,NA,NA,NA,NA,NA,NA,NA,NA,NA,NA,NA,NA,NA,NA,NA,NA,NA,NA,NA,NA,NA,NA,NA,NA,NA,NA
MANAGE_00103,Literature Sourced,NA,9/1/13,United States,WA,46.25,-119.74,9,Cropping,27499848,3.931984,0,NA,NA,NA,NA,NA,NA,NA,NA,NA,NA,NA,NA,NA,NA,NA,NA,NA,NA,NA,NA,NA,NA,NA,NA,NA,NA
MANAGE_00104,Literature Sourced,NA,7/1/13,United States,WA,46.25,-119.74,9,Cropping,34802134,4.777509,0,NA,NA,NA,NA,NA,NA,NA,NA,NA,NA,NA,NA,NA,NA,NA,NA,NA,NA,NA,NA,NA,NA,NA,NA,NA,NA
MANAGE_00105,Literature Sourced,NA,7/1/13,United States,WA,46.25,-119.74,9,Cropping,35282764,4.713216,0,NA,NA,NA,NA,NA,NA,NA,NA,NA,NA,NA,NA,NA,NA,NA,NA,NA,NA,NA,NA,NA,NA,NA,NA,NA,NA
MANAGE_00106,Literature Sourced,NA,7/1/13,United States,WA,46.25,-119.74,9,Cropping,33685598,4.452961,0,NA,NA,NA,NA,NA,NA,NA,NA,NA,NA,NA,NA,NA,NA,NA,NA,NA,NA,NA,NA,NA,NA,NA,NA,NA,NA
MANAGE_00107,Literature Sourced,NA,7/1/13,United States,WA,46.25,-119.74,9,Cropping,33121664,4.236412,0,NA,NA,NA,NA,NA,NA,NA,NA,NA,NA,NA,NA,NA,NA,NA,NA,NA,NA,NA,NA,NA,NA,NA,NA,NA,NA
MANAGE_00108,Literature Sourced,NA,7/1/13,United States,WA,46.25,-119.74,9,Cropping,32785204,4.431441,0,NA,NA,NA,NA,NA,NA,NA,NA,NA,NA,NA,NA,NA,NA,NA,NA,NA,NA,NA,NA,NA,NA,NA,NA,NA,NA
MANAGE_00109,Literature Sourced,NA,4/1/13,United States,WA,46.25,-119.74,9,Cropping,29611536,3.942779,0,NA,NA,NA,NA,NA,NA,NA,NA,NA,NA,NA,NA,NA,NA,NA,NA,NA,NA,NA,NA,NA,NA,NA,NA,NA,NA
MANAGE_00110,Literature Sourced,NA,4/1/13,United States,WA,46.25,-119.74,9,Cropping,35418786,4.733762,0,NA,NA,NA,NA,NA,NA,NA,NA,NA,NA,NA,NA,NA,NA,NA,NA,NA,NA,NA,NA,NA,NA,NA,NA,NA,NA
MANAGE_00111,Literature Sourced,NA,4/1/13,United States,WA,46.25,-119.74,9,Cropping,23940012,3.491921,0,NA,NA,NA,NA,NA,NA,NA,NA,NA,NA,NA,NA,NA,NA,NA,NA,NA,NA,NA,NA,NA,NA,NA,NA,NA,NA
MANAGE_00112,Literature Sourced,NA,9/1/12,United States,WA,46.25,-119.74,9,Cropping,23215086,3.389789,0,NA,NA,NA,NA,NA,NA,NA,NA,NA,NA,NA,NA,NA,NA,NA,NA,NA,NA,NA,NA,NA,NA,NA,NA,NA,NA
MANAGE_00113,Literature Sourced,NA,4/1/12,United States,WA,46.25,-119.74,9,Cropping,34437084,4.818893,0,NA,NA,NA,NA,NA,NA,NA,NA,NA,NA,NA,NA,NA,NA,NA,NA,NA,NA,NA,NA,NA,NA,NA,NA,NA,NA
MANAGE_00114,Literature Sourced,NA,4/1/12,United States,WA,46.25,-119.74,9,Cropping,39260428,5.306877,0,NA,NA,NA,NA,NA,NA,NA,NA,NA,NA,NA,NA,NA,NA,NA,NA,NA,NA,NA,NA,NA,NA,NA,NA,NA,NA
MANAGE_00115,Literature Sourced,NA,8/1/15,United States,WI,44.68,-90.18,3,Cropping,10538804,1.58082,1,NA,NA,NA,NA,NA,NA,NA,NA,NA,NA,NA,NA,NA,NA,NA,NA,NA,NA,NA,NA,NA,NA,NA,NA,NA,NA
MANAGE_00116,Literature Sourced,NA,8/1/15,United States,WI,44.68,-90.18,3,Cropping,13731538,2.05973,0,NA,NA,NA,NA,NA,NA,NA,NA,NA,NA,NA,NA,NA,NA,NA,NA,NA,NA,NA,NA,NA,NA,NA,NA,NA,NA
MANAGE_00117,Literature Sourced,NA,8/1/15,United States,WI,44.68,-90.18,3,Cropping,14622758,2.193414,0,NA,NA,NA,NA,NA,NA,NA,NA,NA,NA,NA,NA,NA,NA,NA,NA,NA,NA,NA,NA,NA,NA,NA,NA,NA,NA
MANAGE_00118,Literature Sourced,NA,4/1/16,United States,WI,44.68,-90.18,3,Cropping,10405668,1.56085,0,NA,NA,NA,NA,NA,NA,NA,NA,NA,NA,NA,NA,NA,NA,NA,NA,NA,NA,NA,NA,NA,NA,NA,NA,NA,NA
MANAGE_00119,Literature Sourced,NA,4/1/16,United States,WI,44.68,-90.18,3,Cropping,11903698,1.785554,0,NA,NA,NA,NA,NA,NA,NA,NA,NA,NA,NA,NA,NA,NA,NA,NA,NA,NA,NA,NA,NA,NA,NA,NA,NA,NA
MANAGE_00120,Literature Sourced,NA,4/1/16,United States,WI,44.68,-90.18,3,Cropping,20520506,3.078076,0,NA,NA,NA,NA,NA,NA,NA,NA,NA,NA,NA,NA,NA,NA,NA,NA,NA,NA,NA,NA,NA,NA,NA,NA,NA,NA
MANAGE_00121,Literature Sourced,NA,8/1/15,United States,WI,44.68,-90.18,3,Cropping,15993250,2.398988,0,NA,NA,NA,NA,NA,NA,NA,NA,NA,NA,NA,NA,NA,NA,NA,NA,NA,NA,NA,NA,NA,NA,NA,NA,NA,NA
MANAGE_00122,Literature Sourced,NA,8/1/15,United States,WI,44.68,-90.18,3,Cropping,11356634,1.703496,0,NA,NA,NA,NA,NA,NA,NA,NA,NA,NA,NA,NA,NA,NA,NA,NA,NA,NA,NA,NA,NA,NA,NA,NA,NA,NA
MANAGE_00123,Literature Sourced,NA,4/1/16,United States,WI,44.68,-90.18,3,Cropping,10447664,1.56715,0,NA,NA,NA,NA,NA,NA,NA,NA,NA,NA,NA,NA,NA,NA,NA,NA,NA,NA,NA,NA,NA,NA,NA,NA,NA,NA
MANAGE_00124,Literature Sourced,NA,4/1/16,United States,WI,44.68,-90.18,3,Cropping,10115064,1.51726,0,NA,NA,NA,NA,NA,NA,NA,NA,NA,NA,NA,NA,NA,NA,NA,NA,NA,NA,NA,NA,NA,NA,NA,NA,NA,NA
MANAGE_00125,Literature Sourced,NA,8/1/15,United States,WI,44.68,-90.18,3,Cropping,12643114,1.896468,0,NA,NA,NA,NA,NA,NA,NA,NA,NA,NA,NA,NA,NA,NA,NA,NA,NA,NA,NA,NA,NA,NA,NA,NA,NA,NA
MANAGE_00126,Literature Sourced,NA,8/1/15,United States,WI,44.68,-90.18,3,Cropping,14407386,2.161108,1,NA,NA,NA,NA,NA,NA,NA,NA,NA,NA,NA,NA,NA,NA,NA,NA,NA,NA,NA,NA,NA,NA,NA,NA,NA,NA
MANAGE_00127,Literature Sourced,NA,8/1/15,United States,WI,44.68,-90.18,3,Cropping,12630758,1.894614,0,NA,NA,NA,NA,NA,NA,NA,NA,NA,NA,NA,NA,NA,NA,NA,NA,NA,NA,NA,NA,NA,NA,NA,NA,NA,NA
MANAGE_00128,Literature Sourced,NA,8/1/15,United States,WI,44.68,-90.18,3,Cropping,11596916,1.739538,0,NA,NA,NA,NA,NA,NA,NA,NA,NA,NA,NA,NA,NA,NA,NA,NA,NA,NA,NA,NA,NA,NA,NA,NA,NA,NA
MANAGE_00129,Literature Sourced,NA,4/1/16,United States,WI,44.68,-90.18,3,Cropping,14473978,2.171096,0,NA,NA,NA,NA,NA,NA,NA,NA,NA,NA,NA,NA,NA,NA,NA,NA,NA,NA,NA,NA,NA,NA,NA,NA,NA,NA
MANAGE_00130,Literature Sourced,NA,4/1/16,United States,WI,44.68,-90.18,3,Cropping,14916814,2.237522,0,NA,NA,NA,NA,NA,NA,NA,NA,NA,NA,NA,NA,NA,NA,NA,NA,NA,NA,NA,NA,NA,NA,NA,NA,NA,NA
MANAGE_00131,Literature Sourced,NA,4/1/16,United States,WI,44.68,-90.18,3,Cropping,12169000,1.82535,0,NA,NA,NA,NA,NA,NA,NA,NA,NA,NA,NA,NA,NA,NA,NA,NA,NA,NA,NA,NA,NA,NA,NA,NA,NA,NA
MANAGE_00132,Literature Sourced,NA,4/1/16,United States,WI,44.68,-90.18,3,Cropping,11386708,1.708006,0,NA,NA,NA,NA,NA,NA,NA,NA,NA,NA,NA,NA,NA,NA,NA,NA,NA,NA,NA,NA,NA,NA,NA,NA,NA,NA
MANAGE_00133,Literature Sourced,NA,8/1/15,United States,WI,44.68,-90.18,3,Cropping,12572524,1.885878,0,NA,NA,NA,NA,NA,NA,NA,NA,NA,NA,NA,NA,NA,NA,NA,NA,NA,NA,NA,NA,NA,NA,NA,NA,NA,NA
MANAGE_00134,Literature Sourced,NA,8/1/15,United States,WI,44.68,-90.18,3,Cropping,10593370,1.589006,0,NA,NA,NA,NA,NA,NA,NA,NA,NA,NA,NA,NA,NA,NA,NA,NA,NA,NA,NA,NA,NA,NA,NA,NA,NA,NA
MANAGE_00135,Literature Sourced,NA,4/1/16,United States,WI,44.68,-90.18,3,Cropping,14693282,2.203992,0,NA,NA,NA,NA,NA,NA,NA,NA,NA,NA,NA,NA,NA,NA,NA,NA,NA,NA,NA,NA,NA,NA,NA,NA,NA,NA
MANAGE_00136,Literature Sourced,NA,4/1/16,United States,WI,44.68,-90.18,3,Cropping,15179754,2.276964,0,NA,NA,NA,NA,NA,NA,NA,NA,NA,NA,NA,NA,NA,NA,NA,NA,NA,NA,NA,NA,NA,NA,NA,NA,NA,NA
MANAGE_00137,Literature Sourced,NA,4/1/16,United States,WI,44.68,-90.18,3,Cropping,16950394,2.54256,0,NA,NA,NA,NA,NA,NA,NA,NA,NA,NA,NA,NA,NA,NA,NA,NA,NA,NA,NA,NA,NA,NA,NA,NA,NA,NA
MANAGE_00138,Literature Sourced,NA,8/1/15,United States,WI,44.68,-90.18,3,Cropping,8109032,1.216354,0,NA,NA,NA,NA,NA,NA,NA,NA,NA,NA,NA,NA,NA,NA,NA,NA,NA,NA,NA,NA,NA,NA,NA,NA,NA,NA
MANAGE_00139,Literature Sourced,NA,4/1/16,United States,WI,44.68,-90.18,3,Cropping,9667686,1.450152,0,NA,NA,NA,NA,NA,NA,NA,NA,NA,NA,NA,NA,NA,NA,NA,NA,NA,NA,NA,NA,NA,NA,NA,NA,NA,NA
MANAGE_00140,Literature Sourced,NA,4/1/16,United States,WI,44.68,-90.18,3,Cropping,8508524,1.276278,0,NA,NA,NA,NA,NA,NA,NA,NA,NA,NA,NA,NA,NA,NA,NA,NA,NA,NA,NA,NA,NA,NA,NA,NA,NA,NA
MANAGE_00141,Literature Sourced,NA,4/1/16,United States,WI,44.68,-90.18,3,Cropping,10042378,1.506356,0,NA,NA,NA,NA,NA,NA,NA,NA,NA,NA,NA,NA,NA,NA,NA,NA,NA,NA,NA,NA,NA,NA,NA,NA,NA,NA
MANAGE_00142,Literature Sourced,NA,4/1/16,United States,WI,44.68,-90.18,3,Cropping,7246706,1.087006,0,NA,NA,NA,NA,NA,NA,NA,NA,NA,NA,NA,NA,NA,NA,NA,NA,NA,NA,NA,NA,NA,NA,NA,NA,NA,NA
MANAGE_00143,Literature Sourced,NA,8/1/15,United States,WI,44.68,-90.18,3,Cropping,5874152,0.881122,0,NA,NA,NA,NA,NA,NA,NA,NA,NA,NA,NA,NA,NA,NA,NA,NA,NA,NA,NA,NA,NA,NA,NA,NA,NA,NA
MANAGE_00144,Literature Sourced,NA,8/1/15,United States,WI,44.68,-90.18,3,Cropping,6848436,1.027266,0,NA,NA,NA,NA,NA,NA,NA,NA,NA,NA,NA,NA,NA,NA,NA,NA,NA,NA,NA,NA,NA,NA,NA,NA,NA,NA
MANAGE_00145,Literature Sourced,NA,4/1/16,United States,WI,44.68,-90.18,3,Cropping,6435936,0.96539,0,NA,NA,NA,NA,NA,NA,NA,NA,NA,NA,NA,NA,NA,NA,NA,NA,NA,NA,NA,NA,NA,NA,NA,NA,NA,NA
MANAGE_00146,Literature Sourced,NA,4/1/16,United States,WI,44.68,-90.18,3,Cropping,3969710,0.595456,0,NA,NA,NA,NA,NA,NA,NA,NA,NA,NA,NA,NA,NA,NA,NA,NA,NA,NA,NA,NA,NA,NA,NA,NA,NA,NA
MANAGE_00147,Literature Sourced,NA,4/1/16,United States,WI,44.68,-90.18,3,Cropping,6395446,0.959316,0,NA,NA,NA,NA,NA,NA,NA,NA,NA,NA,NA,NA,NA,NA,NA,NA,NA,NA,NA,NA,NA,NA,NA,NA,NA,NA
MANAGE_00148,Literature Sourced,NA,4/1/16,United States,WI,44.68,-90.18,3,Cropping,7923808,1.188572,0,NA,NA,NA,NA,NA,NA,NA,NA,NA,NA,NA,NA,NA,NA,NA,NA,NA,NA,NA,NA,NA,NA,NA,NA,NA,NA
MANAGE_00149,Literature Sourced,NA,8/1/15,United States,WI,44.68,-90.18,3,Cropping,10859268,1.62889,0,NA,NA,NA,NA,NA,NA,NA,NA,NA,NA,NA,NA,NA,NA,NA,NA,NA,NA,NA,NA,NA,NA,NA,NA,NA,NA
MANAGE_00150,Literature Sourced,NA,8/1/15,United States,WI,44.68,-90.18,3,Cropping,6080952,0.912142,0,NA,NA,NA,NA,NA,NA,NA,NA,NA,NA,NA,NA,NA,NA,NA,NA,NA,NA,NA,NA,NA,NA,NA,NA,NA,NA
MANAGE_00151,Literature Sourced,NA,8/1/15,United States,WI,44.68,-90.18,3,Cropping,5877868,0.88168,0,NA,NA,NA,NA,NA,NA,NA,NA,NA,NA,NA,NA,NA,NA,NA,NA,NA,NA,NA,NA,NA,NA,NA,NA,NA,NA
MANAGE_00152,Literature Sourced,NA,8/1/15,United States,WI,44.68,-90.18,3,Cropping,8870604,1.33059,0,NA,NA,NA,NA,NA,NA,NA,NA,NA,NA,NA,NA,NA,NA,NA,NA,NA,NA,NA,NA,NA,NA,NA,NA,NA,NA
MANAGE_00153,Literature Sourced,NA,8/1/15,United States,WI,44.68,-90.18,3,Cropping,1794272,0.26914,0,NA,NA,NA,NA,NA,NA,NA,NA,NA,NA,NA,NA,NA,NA,NA,NA,NA,NA,NA,NA,NA,NA,NA,NA,NA,NA
MANAGE_00154,Literature Sourced,NA,8/1/15,United States,WI,44.68,-90.18,3,Cropping,9589858,1.438478,0,NA,NA,NA,NA,NA,NA,NA,NA,NA,NA,NA,NA,NA,NA,NA,NA,NA,NA,NA,NA,NA,NA,NA,NA,NA,NA
MANAGE_00155,Literature Sourced,NA,8/1/15,United States,WI,44.68,-90.18,3,Cropping,2818660,0.422798,0,NA,NA,NA,NA,NA,NA,NA,NA,NA,NA,NA,NA,NA,NA,NA,NA,NA,NA,NA,NA,NA,NA,NA,NA,NA,NA
MANAGE_00156,Literature Sourced,NA,8/1/15,United States,WI,44.68,-90.18,3,Cropping,10092758,1.513914,0,NA,NA,NA,NA,NA,NA,NA,NA,NA,NA,NA,NA,NA,NA,NA,NA,NA,NA,NA,NA,NA,NA,NA,NA,NA,NA
MANAGE_00157,Literature Sourced,NA,8/1/15,United States,WI,44.68,-90.18,3,Cropping,5393336,0.809,0,NA,NA,NA,NA,NA,NA,NA,NA,NA,NA,NA,NA,NA,NA,NA,NA,NA,NA,NA,NA,NA,NA,NA,NA,NA,NA
MANAGE_00158,Literature Sourced,NA,8/1/15,United States,WI,44.68,-90.18,3,Cropping,11699876,1.754982,0,NA,NA,NA,NA,NA,NA,NA,NA,NA,NA,NA,NA,NA,NA,NA,NA,NA,NA,NA,NA,NA,NA,NA,NA,NA,NA
MANAGE_00159,Literature Sourced,NA,8/1/15,United States,WI,44.68,-90.18,3,Cropping,13294280,1.994142,0,NA,NA,NA,NA,NA,NA,NA,NA,NA,NA,NA,NA,NA,NA,NA,NA,NA,NA,NA,NA,NA,NA,NA,NA,NA,NA
MANAGE_00160,Literature Sourced,NA,8/1/15,United States,WI,44.68,-90.18,3,Cropping,5327212,0.799082,0,NA,NA,NA,NA,NA,NA,NA,NA,NA,NA,NA,NA,NA,NA,NA,NA,NA,NA,NA,NA,NA,NA,NA,NA,NA,NA
MANAGE_00161,Literature Sourced,NA,8/1/15,United States,WI,44.68,-90.18,3,Cropping,12545494,1.881824,0,NA,NA,NA,NA,NA,NA,NA,NA,NA,NA,NA,NA,NA,NA,NA,NA,NA,NA,NA,NA,NA,NA,NA,NA,NA,NA
MANAGE_00162,Literature Sourced,NA,8/1/15,United States,WI,44.68,-90.18,3,Cropping,28184926,4.227738,0,NA,NA,NA,NA,NA,NA,NA,NA,NA,NA,NA,NA,NA,NA,NA,NA,NA,NA,NA,NA,NA,NA,NA,NA,NA,NA
MANAGE_00163,Literature Sourced,NA,8/1/15,United States,WI,44.68,-90.18,3,Cropping,22857378,3.428606,0,NA,NA,NA,NA,NA,NA,NA,NA,NA,NA,NA,NA,NA,NA,NA,NA,NA,NA,NA,NA,NA,NA,NA,NA,NA,NA
MANAGE_00164,Literature Sourced,NA,8/1/15,United States,WI,44.68,-90.18,3,Cropping,19209198,2.88138,0,NA,NA,NA,NA,NA,NA,NA,NA,NA,NA,NA,NA,NA,NA,NA,NA,NA,NA,NA,NA,NA,NA,NA,NA,NA,NA
MANAGE_00165,Literature Sourced,NA,8/1/15,United States,WI,44.68,-90.18,3,Cropping,29262630,4.389394,0,NA,NA,NA,NA,NA,NA,NA,NA,NA,NA,NA,NA,NA,NA,NA,NA,NA,NA,NA,NA,NA,NA,NA,NA,NA,NA
MANAGE_00166,Literature Sourced,NA,8/1/15,United States,WI,44.68,-90.18,3,Cropping,15259224,2.288884,0,NA,NA,NA,NA,NA,NA,NA,NA,NA,NA,NA,NA,NA,NA,NA,NA,NA,NA,NA,NA,NA,NA,NA,NA,NA,NA
MANAGE_00167,Literature Sourced,NA,8/1/15,United States,WI,44.68,-90.18,3,Cropping,8353558,1.253034,0,NA,NA,NA,NA,NA,NA,NA,NA,NA,NA,NA,NA,NA,NA,NA,NA,NA,NA,NA,NA,NA,NA,NA,NA,NA,NA
MANAGE_00168,Literature Sourced,NA,8/1/15,United States,WI,44.68,-90.18,3,Cropping,18074280,2.711142,0,NA,NA,NA,NA,NA,NA,NA,NA,NA,NA,NA,NA,NA,NA,NA,NA,NA,NA,NA,NA,NA,NA,NA,NA,NA,NA
MANAGE_00169,Literature Sourced,NA,8/1/15,United States,WI,44.68,-90.18,3,Cropping,29981296,4.497194,0,NA,NA,NA,NA,NA,NA,NA,NA,NA,NA,NA,NA,NA,NA,NA,NA,NA,NA,NA,NA,NA,NA,NA,NA,NA,NA
MANAGE_00170,Literature Sourced,NA,8/1/15,United States,WI,44.68,-90.18,3,Cropping,8008630,1.201294,0,NA,NA,NA,NA,NA,NA,NA,NA,NA,NA,NA,NA,NA,NA,NA,NA,NA,NA,NA,NA,NA,NA,NA,NA,NA,NA
MANAGE_00171,Literature Sourced,NA,8/1/15,United States,WI,44.68,-90.18,3,Cropping,14825540,2.223832,0,NA,NA,NA,NA,NA,NA,NA,NA,NA,NA,NA,NA,NA,NA,NA,NA,NA,NA,NA,NA,NA,NA,NA,NA,NA,NA
MANAGE_00172,Literature Sourced,NA,8/1/15,United States,WI,44.68,-90.18,3,Cropping,16198742,2.429812,0,NA,NA,NA,NA,NA,NA,NA,NA,NA,NA,NA,NA,NA,NA,NA,NA,NA,NA,NA,NA,NA,NA,NA,NA,NA,NA
MANAGE_00173,Literature Sourced,NA,8/1/15,United States,WI,44.68,-90.18,3,Cropping,25685098,3.852764,0,NA,NA,NA,NA,NA,NA,NA,NA,NA,NA,NA,NA,NA,NA,NA,NA,NA,NA,NA,NA,NA,NA,NA,NA,NA,NA
MANAGE_00174,Literature Sourced,NA,8/1/15,United States,WI,44.68,-90.18,3,Cropping,15611948,2.341792,0,NA,NA,NA,NA,NA,NA,NA,NA,NA,NA,NA,NA,NA,NA,NA,NA,NA,NA,NA,NA,NA,NA,NA,NA,NA,NA
MANAGE_00175,Literature Sourced,NA,9/1/16,United States,WI,44.68,-90.18,3,Cropping,15367340,2.305102,0,NA,NA,NA,NA,NA,NA,NA,NA,NA,NA,NA,NA,NA,NA,NA,NA,NA,NA,NA,NA,NA,NA,NA,NA,NA,NA
MANAGE_00176,Literature Sourced,NA,9/1/16,United States,WI,44.68,-90.18,3,Cropping,8396248,1.259438,0,NA,NA,NA,NA,NA,NA,NA,NA,NA,NA,NA,NA,NA,NA,NA,NA,NA,NA,NA,NA,NA,NA,NA,NA,NA,NA
MANAGE_00177,Literature Sourced,NA,9/1/16,United States,WI,44.68,-90.18,3,Cropping,9233076,1.384962,0,NA,NA,NA,NA,NA,NA,NA,NA,NA,NA,NA,NA,NA,NA,NA,NA,NA,NA,NA,NA,NA,NA,NA,NA,NA,NA
MANAGE_00178,Literature Sourced,NA,9/1/16,United States,WI,44.68,-90.18,3,Cropping,12223403,1.83351,0,NA,NA,NA,NA,NA,NA,NA,NA,NA,NA,NA,NA,NA,NA,NA,NA,NA,NA,NA,NA,NA,NA,NA,NA,NA,NA
MANAGE_00179,Literature Sourced,NA,9/1/16,United States,WI,44.68,-90.18,3,Cropping,11506612,1.725992,0,NA,NA,NA,NA,NA,NA,NA,NA,NA,NA,NA,NA,NA,NA,NA,NA,NA,NA,NA,NA,NA,NA,NA,NA,NA,NA
MANAGE_00180,Literature Sourced,NA,8/1/15,United States,WI,44.68,-90.18,3,Cropping,12195674,1.829352,0,NA,NA,NA,NA,NA,NA,NA,NA,NA,NA,NA,NA,NA,NA,NA,NA,NA,NA,NA,NA,NA,NA,NA,NA,NA,NA
MANAGE_00181,Literature Sourced,NA,8/1/15,United States,WI,44.68,-90.18,3,Cropping,7127796,1.06917,0,NA,NA,NA,NA,NA,NA,NA,NA,NA,NA,NA,NA,NA,NA,NA,NA,NA,NA,NA,NA,NA,NA,NA,NA,NA,NA
MANAGE_00182,Literature Sourced,NA,9/1/16,United States,WI,44.68,-90.18,3,Cropping,9438520,1.415778,0,NA,NA,NA,NA,NA,NA,NA,NA,NA,NA,NA,NA,NA,NA,NA,NA,NA,NA,NA,NA,NA,NA,NA,NA,NA,NA
MANAGE_00183,Literature Sourced,NA,9/1/16,United States,WI,44.68,-90.18,3,Cropping,13512304,2.026846,0,NA,NA,NA,NA,NA,NA,NA,NA,NA,NA,NA,NA,NA,NA,NA,NA,NA,NA,NA,NA,NA,NA,NA,NA,NA,NA
MANAGE_00184,Literature Sourced,NA,9/1/16,United States,WI,44.68,-90.18,3,Cropping,9151230,1.372684,0,NA,NA,NA,NA,NA,NA,NA,NA,NA,NA,NA,NA,NA,NA,NA,NA,NA,NA,NA,NA,NA,NA,NA,NA,NA,NA
MANAGE_00185,Literature Sourced,NA,9/1/16,United States,WI,44.68,-90.18,3,Cropping,8139534,1.22093,0,NA,NA,NA,NA,NA,NA,NA,NA,NA,NA,NA,NA,NA,NA,NA,NA,NA,NA,NA,NA,NA,NA,NA,NA,NA,NA
MANAGE_00186,Literature Sourced,NA,8/1/15,United States,WI,44.68,-90.18,3,Cropping,12707168,1.906076,0,NA,NA,NA,NA,NA,NA,NA,NA,NA,NA,NA,NA,NA,NA,NA,NA,NA,NA,NA,NA,NA,NA,NA,NA,NA,NA
MANAGE_00187,Literature Sourced,NA,8/1/15,United States,WI,44.68,-90.18,3,Cropping,14790990,2.218648,0,NA,NA,NA,NA,NA,NA,NA,NA,NA,NA,NA,NA,NA,NA,NA,NA,NA,NA,NA,NA,NA,NA,NA,NA,NA,NA
MANAGE_00188,Literature Sourced,NA,9/1/16,United States,WI,44.68,-90.18,3,Cropping,13094704,1.964206,0,NA,NA,NA,NA,NA,NA,NA,NA,NA,NA,NA,NA,NA,NA,NA,NA,NA,NA,NA,NA,NA,NA,NA,NA,NA,NA
MANAGE_00189,Literature Sourced,NA,9/1/16,United States,WI,44.68,-90.18,3,Cropping,8465386,1.269808,0,NA,NA,NA,NA,NA,NA,NA,NA,NA,NA,NA,NA,NA,NA,NA,NA,NA,NA,NA,NA,NA,NA,NA,NA,NA,NA
MANAGE_00190,Literature Sourced,NA,9/1/16,United States,WI,44.68,-90.18,3,Cropping,13851614,2.077742,0,NA,NA,NA,NA,NA,NA,NA,NA,NA,NA,NA,NA,NA,NA,NA,NA,NA,NA,NA,NA,NA,NA,NA,NA,NA,NA
MANAGE_00191,Literature Sourced,NA,9/1/16,United States,WI,44.68,-90.18,3,Cropping,13437258,2.015588,0,NA,NA,NA,NA,NA,NA,NA,NA,NA,NA,NA,NA,NA,NA,NA,NA,NA,NA,NA,NA,NA,NA,NA,NA,NA,NA
MANAGE_00192,Literature Sourced,NA,8/1/15,United States,WI,44.68,-90.18,3,Cropping,6721648,1.008248,0,NA,NA,NA,NA,NA,NA,NA,NA,NA,NA,NA,NA,NA,NA,NA,NA,NA,NA,NA,NA,NA,NA,NA,NA,NA,NA
MANAGE_00193,Literature Sourced,NA,8/1/15,United States,WI,44.68,-90.18,3,Cropping,14093032,2.113954,0,NA,NA,NA,NA,NA,NA,NA,NA,NA,NA,NA,NA,NA,NA,NA,NA,NA,NA,NA,NA,NA,NA,NA,NA,NA,NA
MANAGE_00194,Literature Sourced,NA,8/1/15,United States,WI,44.68,-90.18,3,Cropping,11726708,1.759006,0,NA,NA,NA,NA,NA,NA,NA,NA,NA,NA,NA,NA,NA,NA,NA,NA,NA,NA,NA,NA,NA,NA,NA,NA,NA,NA
MANAGE_00195,Literature Sourced,NA,9/1/16,United States,WI,44.68,-90.18,3,Cropping,12351488,1.852724,0,NA,NA,NA,NA,NA,NA,NA,NA,NA,NA,NA,NA,NA,NA,NA,NA,NA,NA,NA,NA,NA,NA,NA,NA,NA,NA
MANAGE_00196,Literature Sourced,NA,9/1/16,United States,WI,44.68,-90.18,3,Cropping,12301604,1.84524,0,NA,NA,NA,NA,NA,NA,NA,NA,NA,NA,NA,NA,NA,NA,NA,NA,NA,NA,NA,NA,NA,NA,NA,NA,NA,NA
MANAGE_00197,Literature Sourced,NA,9/1/16,United States,WI,44.68,-90.18,3,Cropping,15047704,2.257156,0,NA,NA,NA,NA,NA,NA,NA,NA,NA,NA,NA,NA,NA,NA,NA,NA,NA,NA,NA,NA,NA,NA,NA,NA,NA,NA
MANAGE_00198,Literature Sourced,NA,9/1/16,United States,WI,44.68,-90.18,3,Cropping,12388628,1.858294,0,NA,NA,NA,NA,NA,NA,NA,NA,NA,NA,NA,NA,NA,NA,NA,NA,NA,NA,NA,NA,NA,NA,NA,NA,NA,NA
MANAGE_00199,Literature Sourced,NA,8/1/15,United States,WI,44.68,-90.18,3,Cropping,12069336,1.8104,0,NA,NA,NA,NA,NA,NA,NA,NA,NA,NA,NA,NA,NA,NA,NA,NA,NA,NA,NA,NA,NA,NA,NA,NA,NA,NA
MANAGE_00200,Literature Sourced,NA,4/1/16,United States,WI,44.68,-90.18,3,Cropping,4269396,0.64041,0,NA,NA,NA,NA,NA,NA,NA,NA,NA,NA,NA,NA,NA,NA,NA,NA,NA,NA,NA,NA,NA,NA,NA,NA,NA,NA
MANAGE_00201,Literature Sourced,NA,4/1/16,United States,WI,44.68,-90.18,3,Cropping,4067490,0.610124,0,NA,NA,NA,NA,NA,NA,NA,NA,NA,NA,NA,NA,NA,NA,NA,NA,NA,NA,NA,NA,NA,NA,NA,NA,NA,NA
MANAGE_00202,Literature Sourced,NA,4/1/16,United States,WI,44.68,-90.18,3,Cropping,15381898,2.307284,0,NA,NA,NA,NA,NA,NA,NA,NA,NA,NA,NA,NA,NA,NA,NA,NA,NA,NA,NA,NA,NA,NA,NA,NA,NA,NA
MANAGE_00203,Literature Sourced,NA,4/1/16,United States,WI,44.68,-90.18,3,Cropping,7775352,1.166302,0,NA,NA,NA,NA,NA,NA,NA,NA,NA,NA,NA,NA,NA,NA,NA,NA,NA,NA,NA,NA,NA,NA,NA,NA,NA,NA
MANAGE_00204,Literature Sourced,NA,8/1/15,United States,WI,44.68,-90.18,3,Cropping,11589306,1.738396,0,NA,NA,NA,NA,NA,NA,NA,NA,NA,NA,NA,NA,NA,NA,NA,NA,NA,NA,NA,NA,NA,NA,NA,NA,NA,NA
MANAGE_00205,Literature Sourced,NA,8/1/15,United States,WI,44.68,-90.18,3,Cropping,10366526,1.554978,0,NA,NA,NA,NA,NA,NA,NA,NA,NA,NA,NA,NA,NA,NA,NA,NA,NA,NA,NA,NA,NA,NA,NA,NA,NA,NA
MANAGE_00206,Literature Sourced,NA,4/1/16,United States,WI,44.68,-90.18,3,Cropping,6031378,0.904706,0,NA,NA,NA,NA,NA,NA,NA,NA,NA,NA,NA,NA,NA,NA,NA,NA,NA,NA,NA,NA,NA,NA,NA,NA,NA,NA
MANAGE_00207,Literature Sourced,NA,4/1/16,United States,WI,44.68,-90.18,3,Cropping,6850590,1.027588,0,NA,NA,NA,NA,NA,NA,NA,NA,NA,NA,NA,NA,NA,NA,NA,NA,NA,NA,NA,NA,NA,NA,NA,NA,NA,NA
MANAGE_00208,Literature Sourced,NA,8/1/15,United States,WI,44.68,-90.18,3,Cropping,13919532,2.08793,0,NA,NA,NA,NA,NA,NA,NA,NA,NA,NA,NA,NA,NA,NA,NA,NA,NA,NA,NA,NA,NA,NA,NA,NA,NA,NA
MANAGE_00209,Literature Sourced,NA,8/1/15,United States,WI,44.68,-90.18,3,Cropping,8046968,1.207046,0,NA,NA,NA,NA,NA,NA,NA,NA,NA,NA,NA,NA,NA,NA,NA,NA,NA,NA,NA,NA,NA,NA,NA,NA,NA,NA
MANAGE_00210,Literature Sourced,NA,8/1/15,United States,WI,44.68,-90.18,3,Cropping,6899152,1.034872,0,NA,NA,NA,NA,NA,NA,NA,NA,NA,NA,NA,NA,NA,NA,NA,NA,NA,NA,NA,NA,NA,NA,NA,NA,NA,NA
MANAGE_00211,Literature Sourced,NA,8/1/15,United States,WI,44.68,-90.18,3,Cropping,10758200,1.61373,0,NA,NA,NA,NA,NA,NA,NA,NA,NA,NA,NA,NA,NA,NA,NA,NA,NA,NA,NA,NA,NA,NA,NA,NA,NA,NA
MANAGE_00212,Literature Sourced,NA,8/1/15,United States,WI,44.68,-90.18,3,Cropping,16916584,2.537488,0,NA,NA,NA,NA,NA,NA,NA,NA,NA,NA,NA,NA,NA,NA,NA,NA,NA,NA,NA,NA,NA,NA,NA,NA,NA,NA
MANAGE_00213,Literature Sourced,NA,8/1/15,United States,WI,44.68,-90.18,3,Cropping,16068294,2.410244,0,NA,NA,NA,NA,NA,NA,NA,NA,NA,NA,NA,NA,NA,NA,NA,NA,NA,NA,NA,NA,NA,NA,NA,NA,NA,NA
MANAGE_00214,Literature Sourced,NA,8/1/15,United States,WI,44.68,-90.18,3,Cropping,22063840,3.309576,0,NA,NA,NA,NA,NA,NA,NA,NA,NA,NA,NA,NA,NA,NA,NA,NA,NA,NA,NA,NA,NA,NA,NA,NA,NA,NA
MANAGE_00215,Literature Sourced,NA,8/1/15,United States,WI,44.68,-90.18,3,Cropping,32592732,4.88891,0,NA,NA,NA,NA,NA,NA,NA,NA,NA,NA,NA,NA,NA,NA,NA,NA,NA,NA,NA,NA,NA,NA,NA,NA,NA,NA
MANAGE_00216,Literature Sourced,NA,8/1/15,United States,WI,44.68,-90.18,3,Cropping,15959774,2.393966,0,NA,NA,NA,NA,NA,NA,NA,NA,NA,NA,NA,NA,NA,NA,NA,NA,NA,NA,NA,NA,NA,NA,NA,NA,NA,NA
MANAGE_00217,Literature Sourced,NA,8/1/15,United States,WI,44.68,-90.18,3,Cropping,13584094,2.037614,0,NA,NA,NA,NA,NA,NA,NA,NA,NA,NA,NA,NA,NA,NA,NA,NA,NA,NA,NA,NA,NA,NA,NA,NA,NA,NA
MANAGE_00218,Literature Sourced,NA,8/1/15,United States,WI,44.68,-90.18,3,Cropping,13340244,2.001036,0,NA,NA,NA,NA,NA,NA,NA,NA,NA,NA,NA,NA,NA,NA,NA,NA,NA,NA,NA,NA,NA,NA,NA,NA,NA,NA
MANAGE_00219,Literature Sourced,NA,8/1/15,United States,WI,44.68,-90.18,3,Cropping,11446454,1.716968,0,NA,NA,NA,NA,NA,NA,NA,NA,NA,NA,NA,NA,NA,NA,NA,NA,NA,NA,NA,NA,NA,NA,NA,NA,NA,NA
MANAGE_00220,Literature Sourced,NA,8/1/15,United States,WI,44.68,-90.18,3,Cropping,16615074,2.492262,0,NA,NA,NA,NA,NA,NA,NA,NA,NA,NA,NA,NA,NA,NA,NA,NA,NA,NA,NA,NA,NA,NA,NA,NA,NA,NA
MANAGE_00221,Literature Sourced,NA,8/1/15,United States,WI,44.68,-90.18,3,Cropping,3681952,0.552292,0,NA,NA,NA,NA,NA,NA,NA,NA,NA,NA,NA,NA,NA,NA,NA,NA,NA,NA,NA,NA,NA,NA,NA,NA,NA,NA
MANAGE_00222,Literature Sourced,NA,8/1/15,United States,WI,44.68,-90.18,3,Cropping,23081808,3.462272,0,NA,NA,NA,NA,NA,NA,NA,NA,NA,NA,NA,NA,NA,NA,NA,NA,NA,NA,NA,NA,NA,NA,NA,NA,NA,NA
MANAGE_00223,Literature Sourced,NA,8/1/15,United States,WI,44.68,-90.18,3,Cropping,16783912,2.517586,0,NA,NA,NA,NA,NA,NA,NA,NA,NA,NA,NA,NA,NA,NA,NA,NA,NA,NA,NA,NA,NA,NA,NA,NA,NA,NA
MANAGE_00224,Literature Sourced,NA,9/1/16,United States,WI,44.68,-90.18,3,Cropping,10822178,1.623326,0,NA,NA,NA,NA,NA,NA,NA,NA,NA,NA,NA,NA,NA,NA,NA,NA,NA,NA,NA,NA,NA,NA,NA,NA,NA,NA
MANAGE_00225,Literature Sourced,NA,8/1/15,United States,WI,44.68,-90.18,3,Cropping,11698094,1.754714,0,NA,NA,NA,NA,NA,NA,NA,NA,NA,NA,NA,NA,NA,NA,NA,NA,NA,NA,NA,NA,NA,NA,NA,NA,NA,NA
MANAGE_00226,Literature Sourced,NA,8/1/15,United States,WI,44.68,-90.18,3,Cropping,19687146,2.953072,0,NA,NA,NA,NA,NA,NA,NA,NA,NA,NA,NA,NA,NA,NA,NA,NA,NA,NA,NA,NA,NA,NA,NA,NA,NA,NA
MANAGE_00227,Literature Sourced,NA,9/1/16,United States,WI,44.68,-90.18,3,Cropping,13131034,1.969656,0,NA,NA,NA,NA,NA,NA,NA,NA,NA,NA,NA,NA,NA,NA,NA,NA,NA,NA,NA,NA,NA,NA,NA,NA,NA,NA
MANAGE_00228,Literature Sourced,NA,9/1/16,United States,WI,44.68,-90.18,3,Cropping,16168258,2.425238,0,NA,NA,NA,NA,NA,NA,NA,NA,NA,NA,NA,NA,NA,NA,NA,NA,NA,NA,NA,NA,NA,NA,NA,NA,NA,NA
MANAGE_00229,Literature Sourced,NA,9/1/16,United States,WI,44.68,-90.18,3,Cropping,15703258,2.355488,0,NA,NA,NA,NA,NA,NA,NA,NA,NA,NA,NA,NA,NA,NA,NA,NA,NA,NA,NA,NA,NA,NA,NA,NA,NA,NA
MANAGE_00230,Literature Sourced,NA,9/1/16,United States,WI,44.68,-90.18,3,Cropping,14775904,2.216386,0,NA,NA,NA,NA,NA,NA,NA,NA,NA,NA,NA,NA,NA,NA,NA,NA,NA,NA,NA,NA,NA,NA,NA,NA,NA,NA
MANAGE_00231,Literature Sourced,NA,8/1/15,United States,WI,44.68,-90.18,3,Cropping,13525646,2.028846,0,NA,NA,NA,NA,NA,NA,NA,NA,NA,NA,NA,NA,NA,NA,NA,NA,NA,NA,NA,NA,NA,NA,NA,NA,NA,NA
MANAGE_00232,Literature Sourced,NA,8/1/15,United States,WI,44.68,-90.18,3,Cropping,8396984,1.259548,0,NA,NA,NA,NA,NA,NA,NA,NA,NA,NA,NA,NA,NA,NA,NA,NA,NA,NA,NA,NA,NA,NA,NA,NA,NA,NA
MANAGE_00233,Literature Sourced,NA,8/1/15,United States,WI,44.68,-90.18,3,Cropping,20256972,3.038546,0,NA,NA,NA,NA,NA,NA,NA,NA,NA,NA,NA,NA,NA,NA,NA,NA,NA,NA,NA,NA,NA,NA,NA,NA,NA,NA
MANAGE_00234,Literature Sourced,NA,9/1/16,United States,WI,44.68,-90.18,3,Cropping,13531654,2.029748,0,NA,NA,NA,NA,NA,NA,NA,NA,NA,NA,NA,NA,NA,NA,NA,NA,NA,NA,NA,NA,NA,NA,NA,NA,NA,NA
MANAGE_00235,Literature Sourced,NA,9/1/16,United States,WI,44.68,-90.18,3,Cropping,14217222,2.132584,0,NA,NA,NA,NA,NA,NA,NA,NA,NA,NA,NA,NA,NA,NA,NA,NA,NA,NA,NA,NA,NA,NA,NA,NA,NA,NA
MANAGE_00236,Literature Sourced,NA,9/1/16,United States,WI,44.68,-90.18,3,Cropping,23432120,3.514818,0,NA,NA,NA,NA,NA,NA,NA,NA,NA,NA,NA,NA,NA,NA,NA,NA,NA,NA,NA,NA,NA,NA,NA,NA,NA,NA
MANAGE_00237,Literature Sourced,NA,9/1/16,United States,WI,44.68,-90.18,3,Cropping,16771498,2.515724,0,NA,NA,NA,NA,NA,NA,NA,NA,NA,NA,NA,NA,NA,NA,NA,NA,NA,NA,NA,NA,NA,NA,NA,NA,NA,NA
MANAGE_00238,Literature Sourced,NA,8/1/15,United States,WI,44.68,-90.18,3,Cropping,11759574,1.763936,0,NA,NA,NA,NA,NA,NA,NA,NA,NA,NA,NA,NA,NA,NA,NA,NA,NA,NA,NA,NA,NA,NA,NA,NA,NA,NA
MANAGE_00239,Literature Sourced,NA,8/1/15,United States,WI,44.68,-90.18,3,Cropping,13235900,1.985384,0,NA,NA,NA,NA,NA,NA,NA,NA,NA,NA,NA,NA,NA,NA,NA,NA,NA,NA,NA,NA,NA,NA,NA,NA,NA,NA
MANAGE_00240,Literature Sourced,NA,9/1/16,United States,WI,44.68,-90.18,3,Cropping,13408424,2.011264,0,NA,NA,NA,NA,NA,NA,NA,NA,NA,NA,NA,NA,NA,NA,NA,NA,NA,NA,NA,NA,NA,NA,NA,NA,NA,NA
MANAGE_00241,Literature Sourced,NA,9/1/16,United States,WI,44.68,-90.18,3,Cropping,11465884,1.719882,0,NA,NA,NA,NA,NA,NA,NA,NA,NA,NA,NA,NA,NA,NA,NA,NA,NA,NA,NA,NA,NA,NA,NA,NA,NA,NA
MANAGE_00242,Literature Sourced,NA,9/1/16,United States,WI,44.68,-90.18,3,Cropping,12641394,1.89621,0,NA,NA,NA,NA,NA,NA,NA,NA,NA,NA,NA,NA,NA,NA,NA,NA,NA,NA,NA,NA,NA,NA,NA,NA,NA,NA
MANAGE_00243,Literature Sourced,NA,8/1/15,United States,WI,44.68,-90.18,3,Cropping,8316428,1.247464,0,NA,NA,NA,NA,NA,NA,NA,NA,NA,NA,NA,NA,NA,NA,NA,NA,NA,NA,NA,NA,NA,NA,NA,NA,NA,NA
MANAGE_00244,Literature Sourced,NA,9/1/16,United States,WI,44.68,-90.18,3,Cropping,12411924,1.861788,0,NA,NA,NA,NA,NA,NA,NA,NA,NA,NA,NA,NA,NA,NA,NA,NA,NA,NA,NA,NA,NA,NA,NA,NA,NA,NA
MANAGE_00245,Literature Sourced,NA,8/1/15,United States,WI,44.68,-90.18,3,Cropping,10876016,1.631402,0,NA,NA,NA,NA,NA,NA,NA,NA,NA,NA,NA,NA,NA,NA,NA,NA,NA,NA,NA,NA,NA,NA,NA,NA,NA,NA
MANAGE_00246,Literature Sourced,NA,8/1/15,United States,WI,44.68,-90.18,3,Cropping,12580482,1.887072,0,NA,NA,NA,NA,NA,NA,NA,NA,NA,NA,NA,NA,NA,NA,NA,NA,NA,NA,NA,NA,NA,NA,NA,NA,NA,NA
MANAGE_00247,Literature Sourced,NA,9/1/16,United States,WI,44.68,-90.18,3,Cropping,5803750,0.870562,0,NA,NA,NA,NA,NA,NA,NA,NA,NA,NA,NA,NA,NA,NA,NA,NA,NA,NA,NA,NA,NA,NA,NA,NA,NA,NA
MANAGE_00248,Literature Sourced,NA,8/1/15,United States,WI,44.68,-90.18,3,Cropping,10675454,1.601318,0,NA,NA,NA,NA,NA,NA,NA,NA,NA,NA,NA,NA,NA,NA,NA,NA,NA,NA,NA,NA,NA,NA,NA,NA,NA,NA
MANAGE_00249,Literature Sourced,NA,8/1/15,United States,WI,44.68,-90.18,3,Cropping,12160576,1.824086,0,NA,NA,NA,NA,NA,NA,NA,NA,NA,NA,NA,NA,NA,NA,NA,NA,NA,NA,NA,NA,NA,NA,NA,NA,NA,NA
MANAGE_00250,Literature Sourced,NA,8/1/15,United States,WI,44.68,-90.18,3,Cropping,11242002,1.6863,0,NA,NA,NA,NA,NA,NA,NA,NA,NA,NA,NA,NA,NA,NA,NA,NA,NA,NA,NA,NA,NA,NA,NA,NA,NA,NA
MANAGE_00251,Literature Sourced,NA,8/1/15,United States,WI,44.68,-90.18,3,Cropping,27995994,4.1994,0,NA,NA,NA,NA,NA,NA,NA,NA,NA,NA,NA,NA,NA,NA,NA,NA,NA,NA,NA,NA,NA,NA,NA,NA,NA,NA
MANAGE_00252,Literature Sourced,NA,8/1/15,United States,WI,44.68,-90.18,3,Cropping,15902392,2.385358,0,NA,NA,NA,NA,NA,NA,NA,NA,NA,NA,NA,NA,NA,NA,NA,NA,NA,NA,NA,NA,NA,NA,NA,NA,NA,NA
MANAGE_00253,Literature Sourced,NA,8/1/15,United States,WI,44.68,-90.18,3,Cropping,14283960,2.142594,0,NA,NA,NA,NA,NA,NA,NA,NA,NA,NA,NA,NA,NA,NA,NA,NA,NA,NA,NA,NA,NA,NA,NA,NA,NA,NA
MANAGE_00254,Literature Sourced,NA,8/1/15,United States,WI,44.68,-90.18,3,Cropping,14987118,2.248068,0,NA,NA,NA,NA,NA,NA,NA,NA,NA,NA,NA,NA,NA,NA,NA,NA,NA,NA,NA,NA,NA,NA,NA,NA,NA,NA
MANAGE_00255,Literature Sourced,NA,8/1/15,United States,WI,44.68,-90.18,3,Cropping,15539952,2.330992,0,NA,NA,NA,NA,NA,NA,NA,NA,NA,NA,NA,NA,NA,NA,NA,NA,NA,NA,NA,NA,NA,NA,NA,NA,NA,NA
MANAGE_00256,Literature Sourced,NA,8/1/15,United States,WI,44.68,-90.18,3,Cropping,10061344,1.509202,0,NA,NA,NA,NA,NA,NA,NA,NA,NA,NA,NA,NA,NA,NA,NA,NA,NA,NA,NA,NA,NA,NA,NA,NA,NA,NA
MANAGE_00257,Literature Sourced,NA,8/1/15,United States,WI,44.68,-90.18,3,Cropping,17859324,2.678898,0,NA,NA,NA,NA,NA,NA,NA,NA,NA,NA,NA,NA,NA,NA,NA,NA,NA,NA,NA,NA,NA,NA,NA,NA,NA,NA
MANAGE_00258,Literature Sourced,NA,8/1/15,United States,WI,44.68,-90.18,3,Cropping,11014566,1.652184,0,NA,NA,NA,NA,NA,NA,NA,NA,NA,NA,NA,NA,NA,NA,NA,NA,NA,NA,NA,NA,NA,NA,NA,NA,NA,NA
MANAGE_00259,Literature Sourced,NA,8/1/15,United States,WI,44.68,-90.18,3,Cropping,18998058,2.849708,0,NA,NA,NA,NA,NA,NA,NA,NA,NA,NA,NA,NA,NA,NA,NA,NA,NA,NA,NA,NA,NA,NA,NA,NA,NA,NA
MANAGE_00260,Literature Sourced,NA,8/1/15,United States,WI,44.68,-90.18,3,Cropping,11790442,1.768566,0,NA,NA,NA,NA,NA,NA,NA,NA,NA,NA,NA,NA,NA,NA,NA,NA,NA,NA,NA,NA,NA,NA,NA,NA,NA,NA
MANAGE_00261,Literature Sourced,NA,8/1/15,United States,WI,44.68,-90.18,3,Cropping,19746276,2.961942,0,NA,NA,NA,NA,NA,NA,NA,NA,NA,NA,NA,NA,NA,NA,NA,NA,NA,NA,NA,NA,NA,NA,NA,NA,NA,NA
MANAGE_00262,Literature Sourced,NA,8/1/15,United States,WI,44.68,-90.18,3,Cropping,14135512,2.120326,0,NA,NA,NA,NA,NA,NA,NA,NA,NA,NA,NA,NA,NA,NA,NA,NA,NA,NA,NA,NA,NA,NA,NA,NA,NA,NA
MANAGE_00263,Literature Sourced,NA,8/1/15,United States,WI,44.68,-90.18,3,Cropping,9280780,1.392118,0,NA,NA,NA,NA,NA,NA,NA,NA,NA,NA,NA,NA,NA,NA,NA,NA,NA,NA,NA,NA,NA,NA,NA,NA,NA,NA
MANAGE_00264,Literature Sourced,NA,8/1/15,United States,WI,44.68,-90.18,3,Cropping,14900888,2.235134,0,NA,NA,NA,NA,NA,NA,NA,NA,NA,NA,NA,NA,NA,NA,NA,NA,NA,NA,NA,NA,NA,NA,NA,NA,NA,NA
MANAGE_00265,Literature Sourced,NA,8/1/15,United States,WI,44.68,-90.18,3,Cropping,11993246,1.798986,0,NA,NA,NA,NA,NA,NA,NA,NA,NA,NA,NA,NA,NA,NA,NA,NA,NA,NA,NA,NA,NA,NA,NA,NA,NA,NA
MANAGE_00266,Literature Sourced,NA,8/1/15,United States,WI,44.68,-90.18,3,Cropping,14584144,2.187622,0,NA,NA,NA,NA,NA,NA,NA,NA,NA,NA,NA,NA,NA,NA,NA,NA,NA,NA,NA,NA,NA,NA,NA,NA,NA,NA
MANAGE_00267,Literature Sourced,NA,8/1/15,United States,WI,44.68,-90.18,3,Cropping,9105926,1.365888,0,NA,NA,NA,NA,NA,NA,NA,NA,NA,NA,NA,NA,NA,NA,NA,NA,NA,NA,NA,NA,NA,NA,NA,NA,NA,NA
MANAGE_00268,Literature Sourced,NA,8/1/15,United States,WI,44.68,-90.18,3,Cropping,12229848,1.834478,0,NA,NA,NA,NA,NA,NA,NA,NA,NA,NA,NA,NA,NA,NA,NA,NA,NA,NA,NA,NA,NA,NA,NA,NA,NA,NA
MANAGE_00269,Literature Sourced,NA,8/1/15,United States,WI,44.68,-90.18,3,Cropping,20182284,3.027342,0,NA,NA,NA,NA,NA,NA,NA,NA,NA,NA,NA,NA,NA,NA,NA,NA,NA,NA,NA,NA,NA,NA,NA,NA,NA,NA
MANAGE_00270,Literature Sourced,NA,8/1/15,United States,WI,44.68,-90.18,3,Cropping,11123406,1.66851,0,NA,NA,NA,NA,NA,NA,NA,NA,NA,NA,NA,NA,NA,NA,NA,NA,NA,NA,NA,NA,NA,NA,NA,NA,NA,NA
MANAGE_00271,Literature Sourced,NA,8/1/15,United States,WI,44.68,-90.18,3,Cropping,9377398,1.40661,0,NA,NA,NA,NA,NA,NA,NA,NA,NA,NA,NA,NA,NA,NA,NA,NA,NA,NA,NA,NA,NA,NA,NA,NA,NA,NA
MANAGE_00272,Literature Sourced,NA,9/1/16,United States,WI,44.68,-90.18,3,Cropping,9670414,1.450562,0,NA,NA,NA,NA,NA,NA,NA,NA,NA,NA,NA,NA,NA,NA,NA,NA,NA,NA,NA,NA,NA,NA,NA,NA,NA,NA
MANAGE_00273,Literature Sourced,NA,9/1/16,United States,WI,44.68,-90.18,3,Cropping,15768988,2.365348,0,NA,NA,NA,NA,NA,NA,NA,NA,NA,NA,NA,NA,NA,NA,NA,NA,NA,NA,NA,NA,NA,NA,NA,NA,NA,NA
MANAGE_00274,Literature Sourced,NA,9/1/16,United States,WI,44.68,-90.18,3,Cropping,12132680,1.819902,0,NA,NA,NA,NA,NA,NA,NA,NA,NA,NA,NA,NA,NA,NA,NA,NA,NA,NA,NA,NA,NA,NA,NA,NA,NA,NA
MANAGE_00275,Literature Sourced,NA,8/1/15,United States,WI,44.68,-90.18,3,Cropping,18709370,2.806406,0,NA,NA,NA,NA,NA,NA,NA,NA,NA,NA,NA,NA,NA,NA,NA,NA,NA,NA,NA,NA,NA,NA,NA,NA,NA,NA
MANAGE_00276,Literature Sourced,NA,8/1/15,United States,WI,44.68,-90.18,3,Cropping,16411492,2.461724,0,NA,NA,NA,NA,NA,NA,NA,NA,NA,NA,NA,NA,NA,NA,NA,NA,NA,NA,NA,NA,NA,NA,NA,NA,NA,NA
MANAGE_00277,Literature Sourced,NA,9/1/16,United States,WI,44.68,-90.18,3,Cropping,9456792,1.418518,0,NA,NA,NA,NA,NA,NA,NA,NA,NA,NA,NA,NA,NA,NA,NA,NA,NA,NA,NA,NA,NA,NA,NA,NA,NA,NA
MANAGE_00278,Literature Sourced,NA,8/1/15,United States,WI,44.68,-90.18,3,Cropping,6632984,0.994948,0,NA,NA,NA,NA,NA,NA,NA,NA,NA,NA,NA,NA,NA,NA,NA,NA,NA,NA,NA,NA,NA,NA,NA,NA,NA,NA
MANAGE_00279,Literature Sourced,NA,8/1/15,United States,WI,44.68,-90.18,3,Cropping,13916254,2.087438,0,NA,NA,NA,NA,NA,NA,NA,NA,NA,NA,NA,NA,NA,NA,NA,NA,NA,NA,NA,NA,NA,NA,NA,NA,NA,NA
MANAGE_00280,Literature Sourced,NA,9/1/16,United States,WI,44.68,-90.18,3,Cropping,10877676,1.631652,0,NA,NA,NA,NA,NA,NA,NA,NA,NA,NA,NA,NA,NA,NA,NA,NA,NA,NA,NA,NA,NA,NA,NA,NA,NA,NA
MANAGE_00281,Literature Sourced,NA,9/1/16,United States,WI,44.68,-90.18,3,Cropping,14582846,2.187426,0,NA,NA,NA,NA,NA,NA,NA,NA,NA,NA,NA,NA,NA,NA,NA,NA,NA,NA,NA,NA,NA,NA,NA,NA,NA,NA
MANAGE_00282,Literature Sourced,NA,8/1/15,United States,WI,44.68,-90.18,3,Cropping,14019928,2.10299,0,NA,NA,NA,NA,NA,NA,NA,NA,NA,NA,NA,NA,NA,NA,NA,NA,NA,NA,NA,NA,NA,NA,NA,NA,NA,NA
MANAGE_00283,Literature Sourced,NA,9/1/16,United States,WI,44.68,-90.18,3,Cropping,11270274,1.690542,0,NA,NA,NA,NA,NA,NA,NA,NA,NA,NA,NA,NA,NA,NA,NA,NA,NA,NA,NA,NA,NA,NA,NA,NA,NA,NA
MANAGE_00284,Literature Sourced,NA,9/1/16,United States,WI,44.68,-90.18,3,Cropping,12570988,1.885648,0,NA,NA,NA,NA,NA,NA,NA,NA,NA,NA,NA,NA,NA,NA,NA,NA,NA,NA,NA,NA,NA,NA,NA,NA,NA,NA
MANAGE_00285,Literature Sourced,NA,9/1/16,United States,WI,44.68,-90.18,3,Cropping,12333938,1.85009,0,NA,NA,NA,NA,NA,NA,NA,NA,NA,NA,NA,NA,NA,NA,NA,NA,NA,NA,NA,NA,NA,NA,NA,NA,NA,NA
MANAGE_00286,Literature Sourced,NA,9/1/16,United States,WI,44.68,-90.18,3,Cropping,13847044,2.077056,0,NA,NA,NA,NA,NA,NA,NA,NA,NA,NA,NA,NA,NA,NA,NA,NA,NA,NA,NA,NA,NA,NA,NA,NA,NA,NA
MANAGE_00287,Literature Sourced,NA,8/1/15,United States,WI,44.68,-90.18,3,Cropping,16284408,2.442662,0,NA,NA,NA,NA,NA,NA,NA,NA,NA,NA,NA,NA,NA,NA,NA,NA,NA,NA,NA,NA,NA,NA,NA,NA,NA,NA
MANAGE_00288,Literature Sourced,NA,8/1/15,United States,WI,44.68,-90.18,3,Cropping,17103374,2.565506,0,NA,NA,NA,NA,NA,NA,NA,NA,NA,NA,NA,NA,NA,NA,NA,NA,NA,NA,NA,NA,NA,NA,NA,NA,NA,NA
MANAGE_00289,Literature Sourced,NA,9/1/16,United States,WI,44.68,-90.18,3,Cropping,11421232,1.713184,0,NA,NA,NA,NA,NA,NA,NA,NA,NA,NA,NA,NA,NA,NA,NA,NA,NA,NA,NA,NA,NA,NA,NA,NA,NA,NA
MANAGE_00290,Literature Sourced,NA,8/1/15,United States,WI,44.68,-90.18,3,Cropping,13546394,2.03196,0,NA,NA,NA,NA,NA,NA,NA,NA,NA,NA,NA,NA,NA,NA,NA,NA,NA,NA,NA,NA,NA,NA,NA,NA,NA,NA
MANAGE_00291,Literature Sourced,NA,9/1/16,United States,WI,44.68,-90.18,3,Cropping,4477170,0.671576,0,NA,NA,NA,NA,NA,NA,NA,NA,NA,NA,NA,NA,NA,NA,NA,NA,NA,NA,NA,NA,NA,NA,NA,NA,NA,NA
MANAGE_00292,Literature Sourced,NA,9/1/16,United States,WI,44.68,-90.18,3,Cropping,15096118,2.264418,0,NA,NA,NA,NA,NA,NA,NA,NA,NA,NA,NA,NA,NA,NA,NA,NA,NA,NA,NA,NA,NA,NA,NA,NA,NA,NA
MANAGE_00293,Literature Sourced,NA,9/1/16,United States,WI,44.68,-90.18,3,Cropping,9137550,1.370632,0,NA,NA,NA,NA,NA,NA,NA,NA,NA,NA,NA,NA,NA,NA,NA,NA,NA,NA,NA,NA,NA,NA,NA,NA,NA,NA
MANAGE_00294,Literature Sourced,NA,8/1/15,United States,WI,44.68,-90.18,3,Cropping,12790216,1.918532,0,NA,NA,NA,NA,NA,NA,NA,NA,NA,NA,NA,NA,NA,NA,NA,NA,NA,NA,NA,NA,NA,NA,NA,NA,NA,NA
MANAGE_00295,Literature Sourced,NA,8/1/15,United States,WI,44.68,-90.18,3,Cropping,13119706,1.967956,0,NA,NA,NA,NA,NA,NA,NA,NA,NA,NA,NA,NA,NA,NA,NA,NA,NA,NA,NA,NA,NA,NA,NA,NA,NA,NA
MANAGE_00296,Literature Sourced,NA,8/1/15,United States,WI,44.68,-90.18,3,Cropping,16599240,2.489886,0,NA,NA,NA,NA,NA,NA,NA,NA,NA,NA,NA,NA,NA,NA,NA,NA,NA,NA,NA,NA,NA,NA,NA,NA,NA,NA
MANAGE_00297,Literature Sourced,NA,9/1/16,United States,WI,44.68,-90.18,3,Cropping,9253922,1.388088,0,NA,NA,NA,NA,NA,NA,NA,NA,NA,NA,NA,NA,NA,NA,NA,NA,NA,NA,NA,NA,NA,NA,NA,NA,NA,NA
MANAGE_00298,Literature Sourced,NA,9/1/16,United States,WI,44.68,-90.18,3,Cropping,8082044,1.212306,0,NA,NA,NA,NA,NA,NA,NA,NA,NA,NA,NA,NA,NA,NA,NA,NA,NA,NA,NA,NA,NA,NA,NA,NA,NA,NA
MANAGE_00299,Literature Sourced,NA,8/1/15,United States,WI,44.68,-90.18,3,Cropping,7927830,1.189174,0,NA,NA,NA,NA,NA,NA,NA,NA,NA,NA,NA,NA,NA,NA,NA,NA,NA,NA,NA,NA,NA,NA,NA,NA,NA,NA
MANAGE_00300,Literature Sourced,NA,9/1/16,United States,WI,44.68,-90.18,3,Cropping,11375564,1.706334,0,NA,NA,NA,NA,NA,NA,NA,NA,NA,NA,NA,NA,NA,NA,NA,NA,NA,NA,NA,NA,NA,NA,NA,NA,NA,NA
MANAGE_00301,Literature Sourced,NA,9/1/16,United States,WI,44.68,-90.18,3,Cropping,14295614,2.144342,0,NA,NA,NA,NA,NA,NA,NA,NA,NA,NA,NA,NA,NA,NA,NA,NA,NA,NA,NA,NA,NA,NA,NA,NA,NA,NA
MANAGE_00302,Literature Sourced,NA,8/1/15,United States,WI,44.68,-90.18,3,Cropping,13166804,1.97502,0,NA,NA,NA,NA,NA,NA,NA,NA,NA,NA,NA,NA,NA,NA,NA,NA,NA,NA,NA,NA,NA,NA,NA,NA,NA,NA
MANAGE_00303,Literature Sourced,NA,8/1/15,United States,WI,44.68,-90.18,3,Cropping,11002742,1.650412,0,NA,NA,NA,NA,NA,NA,NA,NA,NA,NA,NA,NA,NA,NA,NA,NA,NA,NA,NA,NA,NA,NA,NA,NA,NA,NA
MANAGE_00304,Literature Sourced,NA,9/1/16,United States,WI,44.68,-90.18,3,Cropping,11363392,1.704508,0,NA,NA,NA,NA,NA,NA,NA,NA,NA,NA,NA,NA,NA,NA,NA,NA,NA,NA,NA,NA,NA,NA,NA,NA,NA,NA
MANAGE_00305,Literature Sourced,NA,9/1/16,United States,WI,44.68,-90.18,3,Cropping,10146884,1.522032,0,NA,NA,NA,NA,NA,NA,NA,NA,NA,NA,NA,NA,NA,NA,NA,NA,NA,NA,NA,NA,NA,NA,NA,NA,NA,NA
MANAGE_00306,Literature Sourced,NA,4/1/16,United States,WI,44.68,-90.18,3,Cropping,11516928,1.72754,0,NA,NA,NA,NA,NA,NA,NA,NA,NA,NA,NA,NA,NA,NA,NA,NA,NA,NA,NA,NA,NA,NA,NA,NA,NA,NA
MANAGE_00307,Literature Sourced,NA,8/1/15,United States,WI,44.68,-90.18,3,Cropping,11135962,1.670394,0,NA,NA,NA,NA,NA,NA,NA,NA,NA,NA,NA,NA,NA,NA,NA,NA,NA,NA,NA,NA,NA,NA,NA,NA,NA,NA
MANAGE_00308,Literature Sourced,NA,8/1/15,United States,WI,44.68,-90.18,3,Cropping,16551780,2.482766,0,NA,NA,NA,NA,NA,NA,NA,NA,NA,NA,NA,NA,NA,NA,NA,NA,NA,NA,NA,NA,NA,NA,NA,NA,NA,NA
MANAGE_00309,Literature Sourced,NA,4/1/16,United States,WI,44.68,-90.18,3,Cropping,7521328,1.1282,0,NA,NA,NA,NA,NA,NA,NA,NA,NA,NA,NA,NA,NA,NA,NA,NA,NA,NA,NA,NA,NA,NA,NA,NA,NA,NA
MANAGE_00310,Literature Sourced,NA,8/1/15,United States,WI,44.68,-90.18,3,Cropping,6790520,1.018578,0,NA,NA,NA,NA,NA,NA,NA,NA,NA,NA,NA,NA,NA,NA,NA,NA,NA,NA,NA,NA,NA,NA,NA,NA,NA,NA
MANAGE_00311,Literature Sourced,NA,4/1/16,United States,WI,44.68,-90.18,3,Cropping,13029184,1.954378,0,NA,NA,NA,NA,NA,NA,NA,NA,NA,NA,NA,NA,NA,NA,NA,NA,NA,NA,NA,NA,NA,NA,NA,NA,NA,NA
MANAGE_00312,Literature Sourced,NA,4/1/16,United States,WI,44.68,-90.18,3,Cropping,15670076,2.350512,0,NA,NA,NA,NA,NA,NA,NA,NA,NA,NA,NA,NA,NA,NA,NA,NA,NA,NA,NA,NA,NA,NA,NA,NA,NA,NA
MANAGE_00313,Literature Sourced,NA,4/1/16,United States,WI,44.68,-90.18,3,Cropping,13587900,2.038184,0,NA,NA,NA,NA,NA,NA,NA,NA,NA,NA,NA,NA,NA,NA,NA,NA,NA,NA,NA,NA,NA,NA,NA,NA,NA,NA
MANAGE_00314,Literature Sourced,NA,8/1/15,United States,WI,44.68,-90.18,3,Cropping,14858698,2.228804,0,NA,NA,NA,NA,NA,NA,NA,NA,NA,NA,NA,NA,NA,NA,NA,NA,NA,NA,NA,NA,NA,NA,NA,NA,NA,NA
MANAGE_00315,Literature Sourced,NA,8/1/15,United States,WI,44.68,-90.18,3,Cropping,12367044,1.855056,0,NA,NA,NA,NA,NA,NA,NA,NA,NA,NA,NA,NA,NA,NA,NA,NA,NA,NA,NA,NA,NA,NA,NA,NA,NA,NA
MANAGE_00316,Literature Sourced,NA,4/1/16,United States,WI,44.68,-90.18,3,Cropping,10293992,1.544098,0,NA,NA,NA,NA,NA,NA,NA,NA,NA,NA,NA,NA,NA,NA,NA,NA,NA,NA,NA,NA,NA,NA,NA,NA,NA,NA
MANAGE_00317,Literature Sourced,NA,4/1/16,United States,WI,44.68,-90.18,3,Cropping,12378348,1.856752,0,NA,NA,NA,NA,NA,NA,NA,NA,NA,NA,NA,NA,NA,NA,NA,NA,NA,NA,NA,NA,NA,NA,NA,NA,NA,NA
MANAGE_00318,Literature Sourced,NA,4/1/16,United States,WI,44.68,-90.18,3,Cropping,21119242,3.167886,0,NA,NA,NA,NA,NA,NA,NA,NA,NA,NA,NA,NA,NA,NA,NA,NA,NA,NA,NA,NA,NA,NA,NA,NA,NA,NA
MANAGE_00319,Literature Sourced,NA,4/1/16,United States,WI,44.68,-90.18,3,Cropping,12231934,1.83479,0,NA,NA,NA,NA,NA,NA,NA,NA,NA,NA,NA,NA,NA,NA,NA,NA,NA,NA,NA,NA,NA,NA,NA,NA,NA,NA
MANAGE_00320,Literature Sourced,NA,4/1/16,United States,WI,44.68,-90.18,3,Cropping,10589076,1.588362,0,NA,NA,NA,NA,NA,NA,NA,NA,NA,NA,NA,NA,NA,NA,NA,NA,NA,NA,NA,NA,NA,NA,NA,NA,NA,NA
MANAGE_00321,Literature Sourced,NA,8/1/15,United States,WI,44.68,-90.18,3,Cropping,9931126,1.489668,0,NA,NA,NA,NA,NA,NA,NA,NA,NA,NA,NA,NA,NA,NA,NA,NA,NA,NA,NA,NA,NA,NA,NA,NA,NA,NA
MANAGE_00322,Literature Sourced,NA,8/1/15,United States,WI,44.68,-90.18,3,Cropping,8517798,1.27767,0,NA,NA,NA,NA,NA,NA,NA,NA,NA,NA,NA,NA,NA,NA,NA,NA,NA,NA,NA,NA,NA,NA,NA,NA,NA,NA
MANAGE_00323,Literature Sourced,NA,4/1/16,United States,WI,44.68,-90.18,3,Cropping,5958212,0.893732,0,NA,NA,NA,NA,NA,NA,NA,NA,NA,NA,NA,NA,NA,NA,NA,NA,NA,NA,NA,NA,NA,NA,NA,NA,NA,NA
MANAGE_00324,Literature Sourced,NA,4/1/16,United States,WI,44.68,-90.18,3,Cropping,6406782,0.961018,0,NA,NA,NA,NA,NA,NA,NA,NA,NA,NA,NA,NA,NA,NA,NA,NA,NA,NA,NA,NA,NA,NA,NA,NA,NA,NA
MANAGE_00325,Literature Sourced,NA,4/1/16,United States,WI,44.68,-90.18,3,Cropping,8560472,1.28407,0,NA,NA,NA,NA,NA,NA,NA,NA,NA,NA,NA,NA,NA,NA,NA,NA,NA,NA,NA,NA,NA,NA,NA,NA,NA,NA
MANAGE_00326,Literature Sourced,NA,8/1/15,United States,WI,44.68,-90.18,3,Cropping,7528372,1.129256,0,NA,NA,NA,NA,NA,NA,NA,NA,NA,NA,NA,NA,NA,NA,NA,NA,NA,NA,NA,NA,NA,NA,NA,NA,NA,NA
MANAGE_00327,Literature Sourced,NA,8/1/15,United States,WI,44.68,-90.18,3,Cropping,10492300,1.573844,0,NA,NA,NA,NA,NA,NA,NA,NA,NA,NA,NA,NA,NA,NA,NA,NA,NA,NA,NA,NA,NA,NA,NA,NA,NA,NA
MANAGE_00328,Literature Sourced,NA,4/1/16,United States,WI,44.68,-90.18,3,Cropping,11901044,1.785156,0,NA,NA,NA,NA,NA,NA,NA,NA,NA,NA,NA,NA,NA,NA,NA,NA,NA,NA,NA,NA,NA,NA,NA,NA,NA,NA
MANAGE_00329,Literature Sourced,NA,4/1/16,United States,WI,44.68,-90.18,3,Cropping,8778202,1.31673,0,NA,NA,NA,NA,NA,NA,NA,NA,NA,NA,NA,NA,NA,NA,NA,NA,NA,NA,NA,NA,NA,NA,NA,NA,NA,NA
MANAGE_00330,Literature Sourced,NA,8/1/15,United States,WI,44.68,-90.18,3,Cropping,10955108,1.643266,0,NA,NA,NA,NA,NA,NA,NA,NA,NA,NA,NA,NA,NA,NA,NA,NA,NA,NA,NA,NA,NA,NA,NA,NA,NA,NA
MANAGE_00331,Literature Sourced,NA,4/1/16,United States,WI,44.68,-90.18,3,Cropping,11173214,1.675982,0,NA,NA,NA,NA,NA,NA,NA,NA,NA,NA,NA,NA,NA,NA,NA,NA,NA,NA,NA,NA,NA,NA,NA,NA,NA,NA
MANAGE_00332,Literature Sourced,NA,4/1/16,United States,WI,44.68,-90.18,3,Cropping,12684950,1.902742,0,NA,NA,NA,NA,NA,NA,NA,NA,NA,NA,NA,NA,NA,NA,NA,NA,NA,NA,NA,NA,NA,NA,NA,NA,NA,NA
MANAGE_00333,Literature Sourced,NA,8/1/15,United States,WI,44.68,-90.18,3,Cropping,18480700,2.772104,0,NA,NA,NA,NA,NA,NA,NA,NA,NA,NA,NA,NA,NA,NA,NA,NA,NA,NA,NA,NA,NA,NA,NA,NA,NA,NA
MANAGE_00334,Literature Sourced,NA,8/1/15,United States,WI,44.68,-90.18,3,Cropping,18123618,2.718542,0,NA,NA,NA,NA,NA,NA,NA,NA,NA,NA,NA,NA,NA,NA,NA,NA,NA,NA,NA,NA,NA,NA,NA,NA,NA,NA
MANAGE_00335,Literature Sourced,NA,4/1/16,United States,WI,44.68,-90.18,3,Cropping,12418414,1.862762,0,NA,NA,NA,NA,NA,NA,NA,NA,NA,NA,NA,NA,NA,NA,NA,NA,NA,NA,NA,NA,NA,NA,NA,NA,NA,NA
MANAGE_00336,Literature Sourced,NA,4/1/16,United States,WI,44.68,-90.18,3,Cropping,12112240,1.816836,0,NA,NA,NA,NA,NA,NA,NA,NA,NA,NA,NA,NA,NA,NA,NA,NA,NA,NA,NA,NA,NA,NA,NA,NA,NA,NA
MANAGE_00337,Literature Sourced,NA,4/1/16,United States,WI,44.68,-90.18,3,Cropping,12067672,1.81015,0,NA,NA,NA,NA,NA,NA,NA,NA,NA,NA,NA,NA,NA,NA,NA,NA,NA,NA,NA,NA,NA,NA,NA,NA,NA,NA
MANAGE_00338,Literature Sourced,NA,4/1/16,United States,WI,44.68,-90.18,3,Cropping,11803950,1.770592,0,NA,NA,NA,NA,NA,NA,NA,NA,NA,NA,NA,NA,NA,NA,NA,NA,NA,NA,NA,NA,NA,NA,NA,NA,NA,NA
MANAGE_00339,Literature Sourced,NA,8/1/15,United States,WI,44.68,-90.18,3,Cropping,11083810,1.662572,0,NA,NA,NA,NA,NA,NA,NA,NA,NA,NA,NA,NA,NA,NA,NA,NA,NA,NA,NA,NA,NA,NA,NA,NA,NA,NA
MANAGE_00340,Literature Sourced,NA,8/1/15,United States,WI,44.68,-90.18,3,Cropping,10553332,1.583,0,NA,NA,NA,NA,NA,NA,NA,NA,NA,NA,NA,NA,NA,NA,NA,NA,NA,NA,NA,NA,NA,NA,NA,NA,NA,NA
MANAGE_00341,Literature Sourced,NA,8/1/15,United States,WI,44.68,-90.18,3,Cropping,13782140,2.067322,0,NA,NA,NA,NA,NA,NA,NA,NA,NA,NA,NA,NA,NA,NA,NA,NA,NA,NA,NA,NA,NA,NA,NA,NA,NA,NA
MANAGE_00342,Literature Sourced,NA,8/1/15,United States,WI,44.68,-90.18,3,Cropping,16661136,2.49917,0,NA,NA,NA,NA,NA,NA,NA,NA,NA,NA,NA,NA,NA,NA,NA,NA,NA,NA,NA,NA,NA,NA,NA,NA,NA,NA
MANAGE_00343,Literature Sourced,NA,8/1/15,United States,WI,44.68,-90.18,3,Cropping,11869524,1.780428,0,NA,NA,NA,NA,NA,NA,NA,NA,NA,NA,NA,NA,NA,NA,NA,NA,NA,NA,NA,NA,NA,NA,NA,NA,NA,NA
MANAGE_00344,Literature Sourced,NA,4/1/18,United States,CA,38.54,-121.77,6,Cropping,27271098,4.117936,0,NA,NA,NA,NA,NA,NA,NA,NA,NA,NA,NA,NA,NA,NA,NA,NA,NA,NA,NA,NA,NA,NA,NA,NA,NA,NA
MANAGE_00345,Literature Sourced,NA,4/1/18,United States,CA,38.54,-121.77,6,Cropping,26326880,3.975358,0,NA,NA,NA,NA,NA,NA,NA,NA,NA,NA,NA,NA,NA,NA,NA,NA,NA,NA,NA,NA,NA,NA,NA,NA,NA,NA
MANAGE_00346,Literature Sourced,NA,4/1/18,United States,CA,38.54,-121.77,6,Cropping,28301250,4.273488,0,NA,NA,NA,NA,NA,NA,NA,NA,NA,NA,NA,NA,NA,NA,NA,NA,NA,NA,NA,NA,NA,NA,NA,NA,NA,NA
MANAGE_00347,Literature Sourced,NA,4/1/18,United States,CA,38.54,-121.77,6,Cropping,27195428,4.10651,0,NA,NA,NA,NA,NA,NA,NA,NA,NA,NA,NA,NA,NA,NA,NA,NA,NA,NA,NA,NA,NA,NA,NA,NA,NA,NA
MANAGE_00348,Literature Sourced,NA,4/1/18,United States,CA,38.54,-121.77,6,Cropping,28719338,4.33662,0,NA,NA,NA,NA,NA,NA,NA,NA,NA,NA,NA,NA,NA,NA,NA,NA,NA,NA,NA,NA,NA,NA,NA,NA,NA,NA
MANAGE_00349,Literature Sourced,NA,4/1/18,United States,CA,38.54,-121.77,6,Cropping,27715654,4.185064,0,NA,NA,NA,NA,NA,NA,NA,NA,NA,NA,NA,NA,NA,NA,NA,NA,NA,NA,NA,NA,NA,NA,NA,NA,NA,NA
MANAGE_00350,Literature Sourced,NA,4/1/18,United States,CA,38.54,-121.77,6,Cropping,30182260,4.557522,0,NA,NA,NA,NA,NA,NA,NA,NA,NA,NA,NA,NA,NA,NA,NA,NA,NA,NA,NA,NA,NA,NA,NA,NA,NA,NA
MANAGE_00351,Literature Sourced,NA,4/1/18,United States,CA,38.54,-121.77,6,Cropping,28931300,4.368626,0,NA,NA,NA,NA,NA,NA,NA,NA,NA,NA,NA,NA,NA,NA,NA,NA,NA,NA,NA,NA,NA,NA,NA,NA,NA,NA
MANAGE_00352,Literature Sourced,NA,7/18/18,United States,CA,39,-123.07,11,Grazing,34412686,5.125841,0,NA,NA,NA,NA,NA,NA,NA,NA,NA,NA,NA,NA,NA,NA,NA,NA,NA,NA,NA,NA,NA,NA,NA,NA,NA,NA
MANAGE_00353,Literature Sourced,NA,7/19/18,United States,CA,39,-123.07,11,Grazing,43452988,6.468184,0,NA,NA,NA,NA,NA,NA,NA,NA,NA,NA,NA,NA,NA,NA,NA,NA,NA,NA,NA,NA,NA,NA,NA,NA,NA,NA
MANAGE_00354,Literature Sourced,NA,7/20/18,United States,CA,39,-123.07,11,Grazing,69362782,10.348186,0,NA,NA,NA,NA,NA,NA,NA,NA,NA,NA,NA,NA,NA,NA,NA,NA,NA,NA,NA,NA,NA,NA,NA,NA,NA,NA
MANAGE_00355,Literature Sourced,NA,7/21/18,United States,CA,39,-123.07,11,Grazing,43849036,6.534051,0,NA,NA,NA,NA,NA,NA,NA,NA,NA,NA,NA,NA,NA,NA,NA,NA,NA,NA,NA,NA,NA,NA,NA,NA,NA,NA
MANAGE_00356,Literature Sourced,NA,4/4/18,United States,CA,39,-123.07,11,Grazing,75080352,11.214672,0,NA,NA,NA,NA,NA,NA,NA,NA,NA,NA,NA,NA,NA,NA,NA,NA,NA,NA,NA,NA,NA,NA,NA,NA,NA,NA
MANAGE_00357,Literature Sourced,NA,4/5/18,United States,CA,39,-123.07,11,Grazing,52835104,7.885938,0,NA,NA,NA,NA,NA,NA,NA,NA,NA,NA,NA,NA,NA,NA,NA,NA,NA,NA,NA,NA,NA,NA,NA,NA,NA,NA
MANAGE_00358,Literature Sourced,NA,4/6/18,United States,CA,39,-123.07,11,Grazing,68942808,10.293718,0,NA,NA,NA,NA,NA,NA,NA,NA,NA,NA,NA,NA,NA,NA,NA,NA,NA,NA,NA,NA,NA,NA,NA,NA,NA,NA
MANAGE_00359,Literature Sourced,NA,4/7/18,United States,CA,39,-123.07,11,Grazing,67613364,10.091229,0,NA,NA,NA,NA,NA,NA,NA,NA,NA,NA,NA,NA,NA,NA,NA,NA,NA,NA,NA,NA,NA,NA,NA,NA,NA,NA
MANAGE_00360,Literature Sourced,NA,4/8/18,United States,CA,39,-123.07,11,Grazing,73176836,10.923347,0,NA,NA,NA,NA,NA,NA,NA,NA,NA,NA,NA,NA,NA,NA,NA,NA,NA,NA,NA,NA,NA,NA,NA,NA,NA,NA
MANAGE_00361,Literature Sourced,NA,4/9/18,United States,CA,39,-123.07,11,Grazing,39399506,5.883446,0,NA,NA,NA,NA,NA,NA,NA,NA,NA,NA,NA,NA,NA,NA,NA,NA,NA,NA,NA,NA,NA,NA,NA,NA,NA,NA
MANAGE_00362,Literature Sourced,NA,4/10/18,United States,CA,39,-123.07,11,Grazing,52450670,7.817547,0,NA,NA,NA,NA,NA,NA,NA,NA,NA,NA,NA,NA,NA,NA,NA,NA,NA,NA,NA,NA,NA,NA,NA,NA,NA,NA
MANAGE_00363,Literature Sourced,NA,4/11/18,United States,CA,39,-123.07,11,Grazing,55767868,8.321434,0,NA,NA,NA,NA,NA,NA,NA,NA,NA,NA,NA,NA,NA,NA,NA,NA,NA,NA,NA,NA,NA,NA,NA,NA,NA,NA
MANAGE_00364,Literature Sourced,NA,4/12/18,United States,CA,39,-123.07,11,Grazing,5066982,0.74676,0,NA,NA,NA,NA,NA,NA,NA,NA,NA,NA,NA,NA,NA,NA,NA,NA,NA,NA,NA,NA,NA,NA,NA,NA,NA,NA
MANAGE_00365,Literature Sourced,NA,4/13/18,United States,CA,39,-123.07,11,Grazing,48540474,7.231034,0,NA,NA,NA,NA,NA,NA,NA,NA,NA,NA,NA,NA,NA,NA,NA,NA,NA,NA,NA,NA,NA,NA,NA,NA,NA,NA
MANAGE_00366,Literature Sourced,NA,4/14/18,United States,CA,39,-123.07,11,Grazing,26826462,3.990101,0,NA,NA,NA,NA,NA,NA,NA,NA,NA,NA,NA,NA,NA,NA,NA,NA,NA,NA,NA,NA,NA,NA,NA,NA,NA,NA
MANAGE_00367,Literature Sourced,NA,4/15/18,United States,CA,39,-123.07,11,Grazing,80578968,12.010488,0,NA,NA,NA,NA,NA,NA,NA,NA,NA,NA,NA,NA,NA,NA,NA,NA,NA,NA,NA,NA,NA,NA,NA,NA,NA,NA
MANAGE_00368,Literature Sourced,NA,4/16/18,United States,CA,39,-123.07,11,Grazing,60879026,9.078503,0,NA,NA,NA,NA,NA,NA,NA,NA,NA,NA,NA,NA,NA,NA,NA,NA,NA,NA,NA,NA,NA,NA,NA,NA,NA,NA
MANAGE_00369,Literature Sourced,NA,4/17/18,United States,CA,39,-123.07,11,Grazing,86421062,12.890842,0,NA,NA,NA,NA,NA,NA,NA,NA,NA,NA,NA,NA,NA,NA,NA,NA,NA,NA,NA,NA,NA,NA,NA,NA,NA,NA
MANAGE_00370,Literature Sourced,NA,4/18/18,United States,CA,39,-123.07,11,Grazing,122601752,18.108288,0,NA,NA,NA,NA,NA,NA,NA,NA,NA,NA,NA,NA,NA,NA,NA,NA,NA,NA,NA,NA,NA,NA,NA,NA,NA,NA
MANAGE_00371,Literature Sourced,NA,4/19/18,United States,CA,39,-123.07,11,Grazing,58937700,8.773475,0,NA,NA,NA,NA,NA,NA,NA,NA,NA,NA,NA,NA,NA,NA,NA,NA,NA,NA,NA,NA,NA,NA,NA,NA,NA,NA
MANAGE_00372,Literature Sourced,NA,4/20/18,United States,CA,39,-123.07,11,Grazing,16594024,2.468285,0,NA,NA,NA,NA,NA,NA,NA,NA,NA,NA,NA,NA,NA,NA,NA,NA,NA,NA,NA,NA,NA,NA,NA,NA,NA,NA
MANAGE_00373,Literature Sourced,NA,4/21/18,United States,CA,39,-123.07,11,Grazing,37788198,5.643389,0,NA,NA,NA,NA,NA,NA,NA,NA,NA,NA,NA,NA,NA,NA,NA,NA,NA,NA,NA,NA,NA,NA,NA,NA,NA,NA
MANAGE_00374,Literature Sourced,NA,4/22/18,United States,CA,39,-123.07,11,Grazing,44767616,6.654159,0,NA,NA,NA,NA,NA,NA,NA,NA,NA,NA,NA,NA,NA,NA,NA,NA,NA,NA,NA,NA,NA,NA,NA,NA,NA,NA
MANAGE_00375,Literature Sourced,NA,4/23/18,United States,CA,39,-123.07,11,Grazing,30178878,4.499517,0,NA,NA,NA,NA,NA,NA,NA,NA,NA,NA,NA,NA,NA,NA,NA,NA,NA,NA,NA,NA,NA,NA,NA,NA,NA,NA
MANAGE_00376,Literature Sourced,NA,4/24/18,United States,CA,39,-123.07,11,Grazing,44987808,6.717467,0,NA,NA,NA,NA,NA,NA,NA,NA,NA,NA,NA,NA,NA,NA,NA,NA,NA,NA,NA,NA,NA,NA,NA,NA,NA,NA
MANAGE_00377,Literature Sourced,NA,4/25/18,United States,CA,39,-123.07,11,Grazing,32149354,4.783761,0,NA,NA,NA,NA,NA,NA,NA,NA,NA,NA,NA,NA,NA,NA,NA,NA,NA,NA,NA,NA,NA,NA,NA,NA,NA,NA
MANAGE_00378,Literature Sourced,NA,4/26/18,United States,CA,39,-123.07,11,Grazing,36091238,5.382679,0,NA,NA,NA,NA,NA,NA,NA,NA,NA,NA,NA,NA,NA,NA,NA,NA,NA,NA,NA,NA,NA,NA,NA,NA,NA,NA
MANAGE_00379,Literature Sourced,NA,4/27/18,United States,CA,39,-123.07,11,Grazing,50814612,7.570524,0,NA,NA,NA,NA,NA,NA,NA,NA,NA,NA,NA,NA,NA,NA,NA,NA,NA,NA,NA,NA,NA,NA,NA,NA,NA,NA
MANAGE_00380,Literature Sourced,NA,4/28/18,United States,CA,39,-123.07,11,Grazing,46940464,6.986735,0,NA,NA,NA,NA,NA,NA,NA,NA,NA,NA,NA,NA,NA,NA,NA,NA,NA,NA,NA,NA,NA,NA,NA,NA,NA,NA
MANAGE_00381,Literature Sourced,NA,4/29/18,United States,CA,39,-123.07,11,Grazing,47773276,7.128925,0,NA,NA,NA,NA,NA,NA,NA,NA,NA,NA,NA,NA,NA,NA,NA,NA,NA,NA,NA,NA,NA,NA,NA,NA,NA,NA
MANAGE_00382,Literature Sourced,NA,4/30/18,United States,CA,39,-123.07,11,Grazing,49859642,7.420422,0,NA,NA,NA,NA,NA,NA,NA,NA,NA,NA,NA,NA,NA,NA,NA,NA,NA,NA,NA,NA,NA,NA,NA,NA,NA,NA
MANAGE_00383,Literature Sourced,NA,5/1/18,United States,CA,39,-123.07,11,Grazing,53611058,7.982293,0,NA,NA,NA,NA,NA,NA,NA,NA,NA,NA,NA,NA,NA,NA,NA,NA,NA,NA,NA,NA,NA,NA,NA,NA,NA,NA
MANAGE_00384,Literature Sourced,NA,5/2/18,United States,CA,39,-123.07,11,Grazing,42683470,6.361535,0,NA,NA,NA,NA,NA,NA,NA,NA,NA,NA,NA,NA,NA,NA,NA,NA,NA,NA,NA,NA,NA,NA,NA,NA,NA,NA
MANAGE_00385,Literature Sourced,NA,5/3/18,United States,CA,39,-123.07,11,Grazing,51390322,7.664618,0,NA,NA,NA,NA,NA,NA,NA,NA,NA,NA,NA,NA,NA,NA,NA,NA,NA,NA,NA,NA,NA,NA,NA,NA,NA,NA
MANAGE_00386,Literature Sourced,NA,5/4/18,United States,CA,39,-123.07,11,Grazing,45345014,6.765304,0,NA,NA,NA,NA,NA,NA,NA,NA,NA,NA,NA,NA,NA,NA,NA,NA,NA,NA,NA,NA,NA,NA,NA,NA,NA,NA
MANAGE_00387,Literature Sourced,NA,5/5/18,United States,CA,39,-123.07,11,Grazing,55707550,8.310275,0,NA,NA,NA,NA,NA,NA,NA,NA,NA,NA,NA,NA,NA,NA,NA,NA,NA,NA,NA,NA,NA,NA,NA,NA,NA,NA
MANAGE_00388,Literature Sourced,NA,5/6/18,United States,CA,39,-123.07,11,Grazing,38822224,5.789346,0,NA,NA,NA,NA,NA,NA,NA,NA,NA,NA,NA,NA,NA,NA,NA,NA,NA,NA,NA,NA,NA,NA,NA,NA,NA,NA
MANAGE_00389,Literature Sourced,NA,5/7/18,United States,CA,39,-123.07,11,Grazing,78883678,11.741414,0,NA,NA,NA,NA,NA,NA,NA,NA,NA,NA,NA,NA,NA,NA,NA,NA,NA,NA,NA,NA,NA,NA,NA,NA,NA,NA
MANAGE_00390,Literature Sourced,NA,5/8/18,United States,CA,39,-123.07,11,Grazing,43623126,6.51463,0,NA,NA,NA,NA,NA,NA,NA,NA,NA,NA,NA,NA,NA,NA,NA,NA,NA,NA,NA,NA,NA,NA,NA,NA,NA,NA
MANAGE_00391,Literature Sourced,NA,5/9/18,United States,CA,39,-123.07,11,Grazing,36806104,5.496416,0,NA,NA,NA,NA,NA,NA,NA,NA,NA,NA,NA,NA,NA,NA,NA,NA,NA,NA,NA,NA,NA,NA,NA,NA,NA,NA
MANAGE_00392,Literature Sourced,NA,5/10/18,United States,CA,39,-123.07,11,Grazing,52424976,7.81283,0,NA,NA,NA,NA,NA,NA,NA,NA,NA,NA,NA,NA,NA,NA,NA,NA,NA,NA,NA,NA,NA,NA,NA,NA,NA,NA
MANAGE_00393,Literature Sourced,NA,5/11/18,United States,CA,39,-123.07,11,Grazing,145350046,21.603505,0,NA,NA,NA,NA,NA,NA,NA,NA,NA,NA,NA,NA,NA,NA,NA,NA,NA,NA,NA,NA,NA,NA,NA,NA,NA,NA
MANAGE_00394,Literature Sourced,NA,5/12/18,United States,CA,39,-123.07,11,Grazing,27954744,4.170899,0,NA,NA,NA,NA,NA,NA,NA,NA,NA,NA,NA,NA,NA,NA,NA,NA,NA,NA,NA,NA,NA,NA,NA,NA,NA,NA
MANAGE_00395,Literature Sourced,NA,5/13/18,United States,CA,39,-123.07,11,Grazing,33220526,4.950195,0,NA,NA,NA,NA,NA,NA,NA,NA,NA,NA,NA,NA,NA,NA,NA,NA,NA,NA,NA,NA,NA,NA,NA,NA,NA,NA
MANAGE_00396,Literature Sourced,NA,5/14/18,United States,CA,39,-123.07,11,Grazing,62738264,9.335682,0,NA,NA,NA,NA,NA,NA,NA,NA,NA,NA,NA,NA,NA,NA,NA,NA,NA,NA,NA,NA,NA,NA,NA,NA,NA,NA
MANAGE_00397,Literature Sourced,NA,5/15/18,United States,CA,39,-123.07,11,Grazing,29170602,4.346438,0,NA,NA,NA,NA,NA,NA,NA,NA,NA,NA,NA,NA,NA,NA,NA,NA,NA,NA,NA,NA,NA,NA,NA,NA,NA,NA
MANAGE_00398,Literature Sourced,NA,5/16/18,United States,CA,39,-123.07,11,Grazing,88585928,13.195805,0,NA,NA,NA,NA,NA,NA,NA,NA,NA,NA,NA,NA,NA,NA,NA,NA,NA,NA,NA,NA,NA,NA,NA,NA,NA,NA
MANAGE_00399,Literature Sourced,NA,5/17/18,United States,CA,39,-123.07,11,Grazing,27304716,4.068736,0,NA,NA,NA,NA,NA,NA,NA,NA,NA,NA,NA,NA,NA,NA,NA,NA,NA,NA,NA,NA,NA,NA,NA,NA,NA,NA
MANAGE_00400,Literature Sourced,NA,5/18/18,United States,CA,39,-123.07,11,Grazing,54510090,8.118508,0,NA,NA,NA,NA,NA,NA,NA,NA,NA,NA,NA,NA,NA,NA,NA,NA,NA,NA,NA,NA,NA,NA,NA,NA,NA,NA
MANAGE_00401,Literature Sourced,NA,5/19/18,United States,CA,39,-123.07,11,Grazing,32602562,4.854108,0,NA,NA,NA,NA,NA,NA,NA,NA,NA,NA,NA,NA,NA,NA,NA,NA,NA,NA,NA,NA,NA,NA,NA,NA,NA,NA
MANAGE_00402,Literature Sourced,NA,5/20/18,United States,CA,39,-123.07,11,Grazing,100653862,14.991412,0,NA,NA,NA,NA,NA,NA,NA,NA,NA,NA,NA,NA,NA,NA,NA,NA,NA,NA,NA,NA,NA,NA,NA,NA,NA,NA
MANAGE_00403,Literature Sourced,NA,5/21/18,United States,CA,39,-123.07,11,Grazing,25164024,3.746591,0,NA,NA,NA,NA,NA,NA,NA,NA,NA,NA,NA,NA,NA,NA,NA,NA,NA,NA,NA,NA,NA,NA,NA,NA,NA,NA
MANAGE_00404,Literature Sourced,NA,5/22/18,United States,CA,39,-123.07,11,Grazing,37445066,5.571972,0,NA,NA,NA,NA,NA,NA,NA,NA,NA,NA,NA,NA,NA,NA,NA,NA,NA,NA,NA,NA,NA,NA,NA,NA,NA,NA
MANAGE_00405,Literature Sourced,NA,5/23/18,United States,CA,39,-123.07,11,Grazing,54934904,8.188542,0,NA,NA,NA,NA,NA,NA,NA,NA,NA,NA,NA,NA,NA,NA,NA,NA,NA,NA,NA,NA,NA,NA,NA,NA,NA,NA
MANAGE_00406,Literature Sourced,NA,5/24/18,United States,CA,39,-123.07,11,Grazing,36563850,5.450027,0,NA,NA,NA,NA,NA,NA,NA,NA,NA,NA,NA,NA,NA,NA,NA,NA,NA,NA,NA,NA,NA,NA,NA,NA,NA,NA
MANAGE_00407,Literature Sourced,NA,5/25/18,United States,CA,39,-123.07,11,Grazing,37528014,5.592359,0,NA,NA,NA,NA,NA,NA,NA,NA,NA,NA,NA,NA,NA,NA,NA,NA,NA,NA,NA,NA,NA,NA,NA,NA,NA,NA
MANAGE_00408,Literature Sourced,NA,5/26/18,United States,CA,39,-123.07,11,Grazing,40507514,6.028425,0,NA,NA,NA,NA,NA,NA,NA,NA,NA,NA,NA,NA,NA,NA,NA,NA,NA,NA,NA,NA,NA,NA,NA,NA,NA,NA
MANAGE_00409,Literature Sourced,NA,5/27/18,United States,CA,39,-123.07,11,Grazing,39303654,5.850291,0,NA,NA,NA,NA,NA,NA,NA,NA,NA,NA,NA,NA,NA,NA,NA,NA,NA,NA,NA,NA,NA,NA,NA,NA,NA,NA
MANAGE_00410,Literature Sourced,NA,5/28/18,United States,CA,39,-123.07,11,Grazing,26168858,3.897038,0,NA,NA,NA,NA,NA,NA,NA,NA,NA,NA,NA,NA,NA,NA,NA,NA,NA,NA,NA,NA,NA,NA,NA,NA,NA,NA
MANAGE_00411,Literature Sourced,NA,5/29/18,United States,CA,39,-123.07,11,Grazing,57109794,8.520583,0,NA,NA,NA,NA,NA,NA,NA,NA,NA,NA,NA,NA,NA,NA,NA,NA,NA,NA,NA,NA,NA,NA,NA,NA,NA,NA
MANAGE_00412,Literature Sourced,NA,5/30/18,United States,CA,39,-123.07,11,Grazing,24799688,3.692474,0,NA,NA,NA,NA,NA,NA,NA,NA,NA,NA,NA,NA,NA,NA,NA,NA,NA,NA,NA,NA,NA,NA,NA,NA,NA,NA
MANAGE_00413,Literature Sourced,NA,5/31/18,United States,CA,39,-123.07,11,Grazing,50294604,7.483926,0,NA,NA,NA,NA,NA,NA,NA,NA,NA,NA,NA,NA,NA,NA,NA,NA,NA,NA,NA,NA,NA,NA,NA,NA,NA,NA
MANAGE_00414,Literature Sourced,NA,6/1/18,United States,CA,39,-123.07,11,Grazing,29148722,4.337475,0,NA,NA,NA,NA,NA,NA,NA,NA,NA,NA,NA,NA,NA,NA,NA,NA,NA,NA,NA,NA,NA,NA,NA,NA,NA,NA
MANAGE_00415,Literature Sourced,NA,6/2/18,United States,CA,39,-123.07,11,Grazing,74412512,11.07435,0,NA,NA,NA,NA,NA,NA,NA,NA,NA,NA,NA,NA,NA,NA,NA,NA,NA,NA,NA,NA,NA,NA,NA,NA,NA,NA
MANAGE_00416,Literature Sourced,NA,6/3/18,United States,CA,39,-123.07,11,Grazing,49493798,7.377922,0,NA,NA,NA,NA,NA,NA,NA,NA,NA,NA,NA,NA,NA,NA,NA,NA,NA,NA,NA,NA,NA,NA,NA,NA,NA,NA
MANAGE_00417,Literature Sourced,NA,6/4/18,United States,CA,39,-123.07,11,Grazing,76367552,11.381285,0,NA,NA,NA,NA,NA,NA,NA,NA,NA,NA,NA,NA,NA,NA,NA,NA,NA,NA,NA,NA,NA,NA,NA,NA,NA,NA
MANAGE_00418,Literature Sourced,NA,6/5/18,United States,CA,39,-123.07,11,Grazing,34329414,5.115435,0,NA,NA,NA,NA,NA,NA,NA,NA,NA,NA,NA,NA,NA,NA,NA,NA,NA,NA,NA,NA,NA,NA,NA,NA,NA,NA
MANAGE_00419,Literature Sourced,NA,6/6/18,United States,CA,39,-123.07,11,Grazing,65431090,9.762782,0,NA,NA,NA,NA,NA,NA,NA,NA,NA,NA,NA,NA,NA,NA,NA,NA,NA,NA,NA,NA,NA,NA,NA,NA,NA,NA
MANAGE_00420,Literature Sourced,NA,6/7/18,United States,CA,39,-123.07,11,Grazing,43343020,6.464856,0,NA,NA,NA,NA,NA,NA,NA,NA,NA,NA,NA,NA,NA,NA,NA,NA,NA,NA,NA,NA,NA,NA,NA,NA,NA,NA
MANAGE_00421,Literature Sourced,NA,6/8/18,United States,CA,39,-123.07,11,Grazing,43604108,6.493161,0,NA,NA,NA,NA,NA,NA,NA,NA,NA,NA,NA,NA,NA,NA,NA,NA,NA,NA,NA,NA,NA,NA,NA,NA,NA,NA
MANAGE_00422,Literature Sourced,NA,6/9/18,United States,CA,39,-123.07,11,Grazing,85894194,12.828157,0,NA,NA,NA,NA,NA,NA,NA,NA,NA,NA,NA,NA,NA,NA,NA,NA,NA,NA,NA,NA,NA,NA,NA,NA,NA,NA
MANAGE_00423,Literature Sourced,NA,6/10/18,United States,CA,39,-123.07,11,Grazing,40933350,6.092819,0,NA,NA,NA,NA,NA,NA,NA,NA,NA,NA,NA,NA,NA,NA,NA,NA,NA,NA,NA,NA,NA,NA,NA,NA,NA,NA
MANAGE_00424,Literature Sourced,NA,6/11/18,United States,CA,39,-123.07,11,Grazing,75429976,11.248054,0,NA,NA,NA,NA,NA,NA,NA,NA,NA,NA,NA,NA,NA,NA,NA,NA,NA,NA,NA,NA,NA,NA,NA,NA,NA,NA
MANAGE_00425,Literature Sourced,NA,6/12/18,United States,CA,39,-123.07,11,Grazing,32079946,4.789291,0,NA,NA,NA,NA,NA,NA,NA,NA,NA,NA,NA,NA,NA,NA,NA,NA,NA,NA,NA,NA,NA,NA,NA,NA,NA,NA
MANAGE_00426,Literature Sourced,NA,6/13/18,United States,CA,39,-123.07,11,Grazing,28394208,4.235645,0,NA,NA,NA,NA,NA,NA,NA,NA,NA,NA,NA,NA,NA,NA,NA,NA,NA,NA,NA,NA,NA,NA,NA,NA,NA,NA
MANAGE_00427,Literature Sourced,NA,6/14/18,United States,CA,39,-123.07,11,Grazing,75431790,11.256281,0,NA,NA,NA,NA,NA,NA,NA,NA,NA,NA,NA,NA,NA,NA,NA,NA,NA,NA,NA,NA,NA,NA,NA,NA,NA,NA
MANAGE_00428,Literature Sourced,NA,6/15/18,United States,CA,39,-123.07,11,Grazing,158451526,23.634608,0,NA,NA,NA,NA,NA,NA,NA,NA,NA,NA,NA,NA,NA,NA,NA,NA,NA,NA,NA,NA,NA,NA,NA,NA,NA,NA
MANAGE_00429,Literature Sourced,NA,6/16/18,United States,CA,39,-123.07,11,Grazing,33106234,4.928067,0,NA,NA,NA,NA,NA,NA,NA,NA,NA,NA,NA,NA,NA,NA,NA,NA,NA,NA,NA,NA,NA,NA,NA,NA,NA,NA
MANAGE_00430,Literature Sourced,NA,6/17/18,United States,CA,39,-123.07,11,Grazing,40155654,5.980147,0,NA,NA,NA,NA,NA,NA,NA,NA,NA,NA,NA,NA,NA,NA,NA,NA,NA,NA,NA,NA,NA,NA,NA,NA,NA,NA
MANAGE_00431,Literature Sourced,NA,6/18/18,United States,CA,39,-123.07,11,Grazing,332457448,49.543672,0,NA,NA,NA,NA,NA,NA,NA,NA,NA,NA,NA,NA,NA,NA,NA,NA,NA,NA,NA,NA,NA,NA,NA,NA,NA,NA
MANAGE_00432,Literature Sourced,NA,6/19/18,United States,CA,39,-123.07,11,Grazing,381253988,56.908026,0,NA,NA,NA,NA,NA,NA,NA,NA,NA,NA,NA,NA,NA,NA,NA,NA,NA,NA,NA,NA,NA,NA,NA,NA,NA,NA
MANAGE_00433,Literature Sourced,NA,6/20/18,United States,CA,39,-123.07,11,Grazing,54817726,8.163728,0,NA,NA,NA,NA,NA,NA,NA,NA,NA,NA,NA,NA,NA,NA,NA,NA,NA,NA,NA,NA,NA,NA,NA,NA,NA,NA
MANAGE_00434,Literature Sourced,NA,6/21/18,United States,CA,39,-123.07,11,Grazing,112657108,16.775086,0,NA,NA,NA,NA,NA,NA,NA,NA,NA,NA,NA,NA,NA,NA,NA,NA,NA,NA,NA,NA,NA,NA,NA,NA,NA,NA
MANAGE_00435,Literature Sourced,NA,6/22/18,United States,CA,39,-123.07,11,Grazing,59238220,8.818836,0,NA,NA,NA,NA,NA,NA,NA,NA,NA,NA,NA,NA,NA,NA,NA,NA,NA,NA,NA,NA,NA,NA,NA,NA,NA,NA
MANAGE_00436,Literature Sourced,NA,6/23/18,United States,CA,39,-123.07,11,Grazing,89673688,13.377961,0,NA,NA,NA,NA,NA,NA,NA,NA,NA,NA,NA,NA,NA,NA,NA,NA,NA,NA,NA,NA,NA,NA,NA,NA,NA,NA
MANAGE_00437,Literature Sourced,NA,6/24/18,United States,CA,39,-123.07,11,Grazing,40333298,5.997909,0,NA,NA,NA,NA,NA,NA,NA,NA,NA,NA,NA,NA,NA,NA,NA,NA,NA,NA,NA,NA,NA,NA,NA,NA,NA,NA
MANAGE_00438,Literature Sourced,NA,6/25/18,United States,CA,39,-123.07,11,Grazing,46076964,6.857292,0,NA,NA,NA,NA,NA,NA,NA,NA,NA,NA,NA,NA,NA,NA,NA,NA,NA,NA,NA,NA,NA,NA,NA,NA,NA,NA
MANAGE_00439,Literature Sourced,NA,6/26/18,United States,CA,39,-123.07,11,Grazing,40424496,6.010188,0,NA,NA,NA,NA,NA,NA,NA,NA,NA,NA,NA,NA,NA,NA,NA,NA,NA,NA,NA,NA,NA,NA,NA,NA,NA,NA
MANAGE_00440,Literature Sourced,NA,6/27/18,United States,CA,39,-123.07,11,Grazing,42898908,6.390222,0,NA,NA,NA,NA,NA,NA,NA,NA,NA,NA,NA,NA,NA,NA,NA,NA,NA,NA,NA,NA,NA,NA,NA,NA,NA,NA
MANAGE_00441,Literature Sourced,NA,6/28/18,United States,CA,39,-123.07,11,Grazing,36956182,5.498533,0,NA,NA,NA,NA,NA,NA,NA,NA,NA,NA,NA,NA,NA,NA,NA,NA,NA,NA,NA,NA,NA,NA,NA,NA,NA,NA
MANAGE_00442,Literature Sourced,NA,6/29/18,United States,CA,39,-123.07,11,Grazing,54221278,8.046397,0,NA,NA,NA,NA,NA,NA,NA,NA,NA,NA,NA,NA,NA,NA,NA,NA,NA,NA,NA,NA,NA,NA,NA,NA,NA,NA
MANAGE_00443,Literature Sourced,NA,6/30/18,United States,CA,39,-123.07,11,Grazing,64433804,9.613303,0,NA,NA,NA,NA,NA,NA,NA,NA,NA,NA,NA,NA,NA,NA,NA,NA,NA,NA,NA,NA,NA,NA,NA,NA,NA,NA
MANAGE_00444,Literature Sourced,NA,7/1/18,United States,CA,39,-123.07,11,Grazing,36977328,5.50038,0,NA,NA,NA,NA,NA,NA,NA,NA,NA,NA,NA,NA,NA,NA,NA,NA,NA,NA,NA,NA,NA,NA,NA,NA,NA,NA
MANAGE_00445,Literature Sourced,NA,7/2/18,United States,CA,39,-123.07,11,Grazing,56881254,8.469452,0,NA,NA,NA,NA,NA,NA,NA,NA,NA,NA,NA,NA,NA,NA,NA,NA,NA,NA,NA,NA,NA,NA,NA,NA,NA,NA
MANAGE_00446,Literature Sourced,NA,7/3/18,United States,CA,39,-123.07,11,Grazing,56789252,8.459369,0,NA,NA,NA,NA,NA,NA,NA,NA,NA,NA,NA,NA,NA,NA,NA,NA,NA,NA,NA,NA,NA,NA,NA,NA,NA,NA
MANAGE_00447,Literature Sourced,NA,7/4/18,United States,CA,39,-123.07,11,Grazing,94620896,14.110061,0,NA,NA,NA,NA,NA,NA,NA,NA,NA,NA,NA,NA,NA,NA,NA,NA,NA,NA,NA,NA,NA,NA,NA,NA,NA,NA
MANAGE_00448,Literature Sourced,NA,7/5/18,United States,CA,39,-123.07,11,Grazing,60594016,9.027484,0,NA,NA,NA,NA,NA,NA,NA,NA,NA,NA,NA,NA,NA,NA,NA,NA,NA,NA,NA,NA,NA,NA,NA,NA,NA,NA
MANAGE_00449,Literature Sourced,NA,7/6/18,United States,CA,39,-123.07,11,Grazing,52296676,7.7921569999999996,0,NA,NA,NA,NA,NA,NA,NA,NA,NA,NA,NA,NA,NA,NA,NA,NA,NA,NA,NA,NA,NA,NA,NA,NA,NA,NA
MANAGE_00450,Literature Sourced,NA,7/7/18,United States,CA,39,-123.07,11,Grazing,27771236,4.139133,0,NA,NA,NA,NA,NA,NA,NA,NA,NA,NA,NA,NA,NA,NA,NA,NA,NA,NA,NA,NA,NA,NA,NA,NA,NA,NA
MANAGE_00451,Literature Sourced,NA,7/8/18,United States,CA,39,-123.07,11,Grazing,34230192,5.108065,0,NA,NA,NA,NA,NA,NA,NA,NA,NA,NA,NA,NA,NA,NA,NA,NA,NA,NA,NA,NA,NA,NA,NA,NA,NA,NA
MANAGE_00452,Literature Sourced,NA,7/9/18,United States,CA,39,-123.07,11,Grazing,33055442,4.935715,0,NA,NA,NA,NA,NA,NA,NA,NA,NA,NA,NA,NA,NA,NA,NA,NA,NA,NA,NA,NA,NA,NA,NA,NA,NA,NA
MANAGE_00453,Literature Sourced,NA,7/10/18,United States,CA,39,-123.07,11,Grazing,49922478,7.454482,0,NA,NA,NA,NA,NA,NA,NA,NA,NA,NA,NA,NA,NA,NA,NA,NA,NA,NA,NA,NA,NA,NA,NA,NA,NA,NA
MANAGE_00454,Literature Sourced,NA,7/11/18,United States,CA,39,-123.07,11,Grazing,175197544,25.982951,0,NA,NA,NA,NA,NA,NA,NA,NA,NA,NA,NA,NA,NA,NA,NA,NA,NA,NA,NA,NA,NA,NA,NA,NA,NA,NA
MANAGE_00455,Literature Sourced,NA,7/12/18,United States,CA,39,-123.07,11,Grazing,65365018,9.744388,0,NA,NA,NA,NA,NA,NA,NA,NA,NA,NA,NA,NA,NA,NA,NA,NA,NA,NA,NA,NA,NA,NA,NA,NA,NA,NA
MANAGE_00456,Literature Sourced,NA,3/22/18,United States,CA,39,-123.07,11,Grazing,27995976,4.174048,0,NA,NA,NA,NA,NA,NA,NA,NA,NA,NA,NA,NA,NA,NA,NA,NA,NA,NA,NA,NA,NA,NA,NA,NA,NA,NA
MANAGE_00457,Literature Sourced,NA,3/31/18,United States,CA,39,-123.07,11,Grazing,70165990,10.451391,0,NA,NA,NA,NA,NA,NA,NA,NA,NA,NA,NA,NA,NA,NA,NA,NA,NA,NA,NA,NA,NA,NA,NA,NA,NA,NA
MANAGE_00458,Literature Sourced,NA,2/26/18,United States,CA,39,-123.07,11,Grazing,42432880,6.335532,0,NA,NA,NA,NA,NA,NA,NA,NA,NA,NA,NA,NA,NA,NA,NA,NA,NA,NA,NA,NA,NA,NA,NA,NA,NA,NA
MANAGE_00459,Literature Sourced,NA,2/22/18,United States,CA,39,-123.07,11,Grazing,125393198,18.705149,0,NA,NA,NA,NA,NA,NA,NA,NA,NA,NA,NA,NA,NA,NA,NA,NA,NA,NA,NA,NA,NA,NA,NA,NA,NA,NA
MANAGE_00460,Literature Sourced,NA,2/18/18,United States,CA,39,-123.07,11,Grazing,26983100,4.021933,0,NA,NA,NA,NA,NA,NA,NA,NA,NA,NA,NA,NA,NA,NA,NA,NA,NA,NA,NA,NA,NA,NA,NA,NA,NA,NA
MANAGE_00461,Literature Sourced,NA,3/7/18,United States,CA,39,-123.07,11,Grazing,79124864,11.778727,0,NA,NA,NA,NA,NA,NA,NA,NA,NA,NA,NA,NA,NA,NA,NA,NA,NA,NA,NA,NA,NA,NA,NA,NA,NA,NA
MANAGE_00462,Literature Sourced,NA,2/20/18,United States,CA,39,-123.07,11,Grazing,30876720,4.607506,0,NA,NA,NA,NA,NA,NA,NA,NA,NA,NA,NA,NA,NA,NA,NA,NA,NA,NA,NA,NA,NA,NA,NA,NA,NA,NA
MANAGE_00463,Literature Sourced,NA,2/8/18,United States,CA,39,-123.07,11,Grazing,52480164,7.825174,0,NA,NA,NA,NA,NA,NA,NA,NA,NA,NA,NA,NA,NA,NA,NA,NA,NA,NA,NA,NA,NA,NA,NA,NA,NA,NA
MANAGE_00464,Literature Sourced,NA,3/10/18,United States,CA,39,-123.07,11,Grazing,62569896,9.317853,0,NA,NA,NA,NA,NA,NA,NA,NA,NA,NA,NA,NA,NA,NA,NA,NA,NA,NA,NA,NA,NA,NA,NA,NA,NA,NA
MANAGE_00465,Literature Sourced,NA,2/16/18,United States,CA,39,-123.07,11,Grazing,71855198,10.697975,0,NA,NA,NA,NA,NA,NA,NA,NA,NA,NA,NA,NA,NA,NA,NA,NA,NA,NA,NA,NA,NA,NA,NA,NA,NA,NA
MANAGE_00466,Literature Sourced,NA,3/24/18,United States,CA,39,-123.07,11,Grazing,83594042,12.489345,0,NA,NA,NA,NA,NA,NA,NA,NA,NA,NA,NA,NA,NA,NA,NA,NA,NA,NA,NA,NA,NA,NA,NA,NA,NA,NA
MANAGE_00467,Literature Sourced,NA,2/10/18,United States,CA,39,-123.07,11,Grazing,70747188,10.544607,0,NA,NA,NA,NA,NA,NA,NA,NA,NA,NA,NA,NA,NA,NA,NA,NA,NA,NA,NA,NA,NA,NA,NA,NA,NA,NA
MANAGE_00468,Literature Sourced,NA,2/17/18,United States,CA,39,-123.07,11,Grazing,40050878,5.963391,0,NA,NA,NA,NA,NA,NA,NA,NA,NA,NA,NA,NA,NA,NA,NA,NA,NA,NA,NA,NA,NA,NA,NA,NA,NA,NA
MANAGE_00469,Literature Sourced,NA,3/9/18,United States,CA,39,-123.07,11,Grazing,48856978,7.298474,0,NA,NA,NA,NA,NA,NA,NA,NA,NA,NA,NA,NA,NA,NA,NA,NA,NA,NA,NA,NA,NA,NA,NA,NA,NA,NA
MANAGE_00470,Literature Sourced,NA,2/12/18,United States,CA,39,-123.07,11,Grazing,66501434,9.910665,0,NA,NA,NA,NA,NA,NA,NA,NA,NA,NA,NA,NA,NA,NA,NA,NA,NA,NA,NA,NA,NA,NA,NA,NA,NA,NA
MANAGE_00471,Literature Sourced,NA,3/28/18,United States,CA,39,-123.07,11,Grazing,41579214,6.198882,0,NA,NA,NA,NA,NA,NA,NA,NA,NA,NA,NA,NA,NA,NA,NA,NA,NA,NA,NA,NA,NA,NA,NA,NA,NA,NA
MANAGE_00472,Literature Sourced,NA,2/14/18,United States,CA,39,-123.07,11,Grazing,51338116,7.65131,0,NA,NA,NA,NA,NA,NA,NA,NA,NA,NA,NA,NA,NA,NA,NA,NA,NA,NA,NA,NA,NA,NA,NA,NA,NA,NA
MANAGE_00473,Literature Sourced,NA,2/13/18,United States,CA,39,-123.07,11,Grazing,68312254,10.195454,0,NA,NA,NA,NA,NA,NA,NA,NA,NA,NA,NA,NA,NA,NA,NA,NA,NA,NA,NA,NA,NA,NA,NA,NA,NA,NA
MANAGE_00474,Literature Sourced,NA,3/5/18,United States,CA,39,-123.07,11,Grazing,46988010,7.012512,0,NA,NA,NA,NA,NA,NA,NA,NA,NA,NA,NA,NA,NA,NA,NA,NA,NA,NA,NA,NA,NA,NA,NA,NA,NA,NA
MANAGE_00475,Literature Sourced,NA,2/23/18,United States,CA,39,-123.07,11,Grazing,36263702,5.413797,0,NA,NA,NA,NA,NA,NA,NA,NA,NA,NA,NA,NA,NA,NA,NA,NA,NA,NA,NA,NA,NA,NA,NA,NA,NA,NA
MANAGE_00476,Literature Sourced,NA,2/24/18,United States,CA,39,-123.07,11,Grazing,52645480,7.836756,0,NA,NA,NA,NA,NA,NA,NA,NA,NA,NA,NA,NA,NA,NA,NA,NA,NA,NA,NA,NA,NA,NA,NA,NA,NA,NA
MANAGE_00477,Literature Sourced,NA,3/14/18,United States,CA,39,-123.07,11,Grazing,39523548,5.890276,0,NA,NA,NA,NA,NA,NA,NA,NA,NA,NA,NA,NA,NA,NA,NA,NA,NA,NA,NA,NA,NA,NA,NA,NA,NA,NA
MANAGE_00478,Literature Sourced,NA,3/18/18,United States,CA,39,-123.07,11,Grazing,54877420,8.159563,0,NA,NA,NA,NA,NA,NA,NA,NA,NA,NA,NA,NA,NA,NA,NA,NA,NA,NA,NA,NA,NA,NA,NA,NA,NA,NA
MANAGE_00479,Literature Sourced,NA,2/7/18,United States,CA,39,-123.07,11,Grazing,148423114,21.94078,0,NA,NA,NA,NA,NA,NA,NA,NA,NA,NA,NA,NA,NA,NA,NA,NA,NA,NA,NA,NA,NA,NA,NA,NA,NA,NA
MANAGE_00480,Literature Sourced,NA,3/15/18,United States,CA,39,-123.07,11,Grazing,55062260,8.19004,0,NA,NA,NA,NA,NA,NA,NA,NA,NA,NA,NA,NA,NA,NA,NA,NA,NA,NA,NA,NA,NA,NA,NA,NA,NA,NA
MANAGE_00481,Literature Sourced,NA,3/1/18,United States,CA,39,-123.07,11,Grazing,42720964,6.368193,0,NA,NA,NA,NA,NA,NA,NA,NA,NA,NA,NA,NA,NA,NA,NA,NA,NA,NA,NA,NA,NA,NA,NA,NA,NA,NA
MANAGE_00482,Literature Sourced,NA,3/25/18,United States,CA,39,-123.07,11,Grazing,27012554,4.025875,0,NA,NA,NA,NA,NA,NA,NA,NA,NA,NA,NA,NA,NA,NA,NA,NA,NA,NA,NA,NA,NA,NA,NA,NA,NA,NA
MANAGE_00483,Literature Sourced,NA,2/9/18,United States,CA,39,-123.07,11,Grazing,54850526,8.160716,0,NA,NA,NA,NA,NA,NA,NA,NA,NA,NA,NA,NA,NA,NA,NA,NA,NA,NA,NA,NA,NA,NA,NA,NA,NA,NA
MANAGE_00484,Literature Sourced,NA,2/28/18,United States,CA,39,-123.07,11,Grazing,12951048,1.919974,0,NA,NA,NA,NA,NA,NA,NA,NA,NA,NA,NA,NA,NA,NA,NA,NA,NA,NA,NA,NA,NA,NA,NA,NA,NA,NA
MANAGE_00485,Literature Sourced,NA,7/13/18,United States,CA,39,-123.07,11,Grazing,NA,NA,0,NA,NA,NA,NA,NA,NA,NA,NA,NA,NA,NA,NA,NA,NA,NA,NA,NA,NA,NA,NA,NA,NA,NA,NA,NA,NA
MANAGE_00486,Literature Sourced,NA,7/14/18,United States,CA,39,-123.07,11,Grazing,52293190,7.786625,0,NA,NA,NA,NA,NA,NA,NA,NA,NA,NA,NA,NA,NA,NA,NA,NA,NA,NA,NA,NA,NA,NA,NA,NA,NA,NA
MANAGE_00487,Literature Sourced,NA,3/21/18,United States,CA,39,-123.07,11,Grazing,58937112,8.799543,0,NA,NA,NA,NA,NA,NA,NA,NA,NA,NA,NA,NA,NA,NA,NA,NA,NA,NA,NA,NA,NA,NA,NA,NA,NA,NA
MANAGE_00488,Literature Sourced,NA,4/1/18,United States,CA,39,-123.07,11,Grazing,30168060,4.509811,0,NA,NA,NA,NA,NA,NA,NA,NA,NA,NA,NA,NA,NA,NA,NA,NA,NA,NA,NA,NA,NA,NA,NA,NA,NA,NA
MANAGE_00489,Literature Sourced,NA,2/25/18,United States,CA,39,-123.07,11,Grazing,92350914,13.791199,0,NA,NA,NA,NA,NA,NA,NA,NA,NA,NA,NA,NA,NA,NA,NA,NA,NA,NA,NA,NA,NA,NA,NA,NA,NA,NA
MANAGE_00490,Literature Sourced,NA,3/20/18,United States,CA,39,-123.07,11,Grazing,142439958,21.25575,0,NA,NA,NA,NA,NA,NA,NA,NA,NA,NA,NA,NA,NA,NA,NA,NA,NA,NA,NA,NA,NA,NA,NA,NA,NA,NA
MANAGE_00491,Literature Sourced,NA,2/11/18,United States,CA,39,-123.07,11,Grazing,70830510,10.572553,0,NA,NA,NA,NA,NA,NA,NA,NA,NA,NA,NA,NA,NA,NA,NA,NA,NA,NA,NA,NA,NA,NA,NA,NA,NA,NA
MANAGE_00492,Literature Sourced,NA,3/16/18,United States,CA,39,-123.07,11,Grazing,145056328,21.610681,0,NA,NA,NA,NA,NA,NA,NA,NA,NA,NA,NA,NA,NA,NA,NA,NA,NA,NA,NA,NA,NA,NA,NA,NA,NA,NA
MANAGE_00493,Literature Sourced,NA,3/2/18,United States,CA,39,-123.07,11,Grazing,42040832,6.258116,0,NA,NA,NA,NA,NA,NA,NA,NA,NA,NA,NA,NA,NA,NA,NA,NA,NA,NA,NA,NA,NA,NA,NA,NA,NA,NA
MANAGE_00494,Literature Sourced,NA,3/12/18,United States,CA,39,-123.07,11,Grazing,69218336,10.315677,0,NA,NA,NA,NA,NA,NA,NA,NA,NA,NA,NA,NA,NA,NA,NA,NA,NA,NA,NA,NA,NA,NA,NA,NA,NA,NA
MANAGE_00495,Literature Sourced,NA,3/6/18,United States,CA,39,-123.07,11,Grazing,81450472,12.156761,0,NA,NA,NA,NA,NA,NA,NA,NA,NA,NA,NA,NA,NA,NA,NA,NA,NA,NA,NA,NA,NA,NA,NA,NA,NA,NA
MANAGE_00496,Literature Sourced,NA,3/11/18,United States,CA,39,-123.07,11,Grazing,46600894,6.963719,0,NA,NA,NA,NA,NA,NA,NA,NA,NA,NA,NA,NA,NA,NA,NA,NA,NA,NA,NA,NA,NA,NA,NA,NA,NA,NA
MANAGE_00497,Literature Sourced,NA,3/8/18,United States,CA,39,-123.07,11,Grazing,25226612,3.753533,0,NA,NA,NA,NA,NA,NA,NA,NA,NA,NA,NA,NA,NA,NA,NA,NA,NA,NA,NA,NA,NA,NA,NA,NA,NA,NA
MANAGE_00498,Literature Sourced,NA,2/27/18,United States,CA,39,-123.07,11,Grazing,77305482,11.519767,0,NA,NA,NA,NA,NA,NA,NA,NA,NA,NA,NA,NA,NA,NA,NA,NA,NA,NA,NA,NA,NA,NA,NA,NA,NA,NA
MANAGE_00499,Literature Sourced,NA,3/23/18,United States,CA,39,-123.07,11,Grazing,50914004,7.583793,0,NA,NA,NA,NA,NA,NA,NA,NA,NA,NA,NA,NA,NA,NA,NA,NA,NA,NA,NA,NA,NA,NA,NA,NA,NA,NA
MANAGE_00500,Literature Sourced,NA,3/3/18,United States,CA,39,-123.07,11,Grazing,58435232,8.70954,0,NA,NA,NA,NA,NA,NA,NA,NA,NA,NA,NA,NA,NA,NA,NA,NA,NA,NA,NA,NA,NA,NA,NA,NA,NA,NA
MANAGE_00501,Literature Sourced,NA,4/3/18,United States,CA,39,-123.07,11,Grazing,47213342,7.043749,0,NA,NA,NA,NA,NA,NA,NA,NA,NA,NA,NA,NA,NA,NA,NA,NA,NA,NA,NA,NA,NA,NA,NA,NA,NA,NA
MANAGE_00502,Literature Sourced,NA,2/19/18,United States,CA,39,-123.07,11,Grazing,141085938,20.82172,0,NA,NA,NA,NA,NA,NA,NA,NA,NA,NA,NA,NA,NA,NA,NA,NA,NA,NA,NA,NA,NA,NA,NA,NA,NA,NA
MANAGE_00503,Literature Sourced,NA,3/19/18,United States,CA,39,-123.07,11,Grazing,73471048,10.958567,0,NA,NA,NA,NA,NA,NA,NA,NA,NA,NA,NA,NA,NA,NA,NA,NA,NA,NA,NA,NA,NA,NA,NA,NA,NA,NA
MANAGE_00504,Literature Sourced,NA,2/21/18,United States,CA,39,-123.07,11,Grazing,53107458,7.920267,0,NA,NA,NA,NA,NA,NA,NA,NA,NA,NA,NA,NA,NA,NA,NA,NA,NA,NA,NA,NA,NA,NA,NA,NA,NA,NA
MANAGE_00505,Literature Sourced,NA,7/15/18,United States,CA,39,-123.07,11,Grazing,52813096,7.865501,0,NA,NA,NA,NA,NA,NA,NA,NA,NA,NA,NA,NA,NA,NA,NA,NA,NA,NA,NA,NA,NA,NA,NA,NA,NA,NA
MANAGE_00506,Literature Sourced,NA,7/16/18,United States,CA,39,-123.07,11,Grazing,50332918,7.511737,0,NA,NA,NA,NA,NA,NA,NA,NA,NA,NA,NA,NA,NA,NA,NA,NA,NA,NA,NA,NA,NA,NA,NA,NA,NA,NA
MANAGE_00507,Literature Sourced,NA,7/17/18,United States,CA,39,-123.07,11,Grazing,54890508,8.176581,0,NA,NA,NA,NA,NA,NA,NA,NA,NA,NA,NA,NA,NA,NA,NA,NA,NA,NA,NA,NA,NA,NA,NA,NA,NA,NA
MANAGE_00508,Literature Sourced,NA,2/6/18,United States,CA,39,-123.07,11,Grazing,39945408,5.959554,0,NA,NA,NA,NA,NA,NA,NA,NA,NA,NA,NA,NA,NA,NA,NA,NA,NA,NA,NA,NA,NA,NA,NA,NA,NA,NA
MANAGE_00509,Literature Sourced,NA,2/15/18,United States,CA,39,-123.07,11,Grazing,145158850,21.608094,0,NA,NA,NA,NA,NA,NA,NA,NA,NA,NA,NA,NA,NA,NA,NA,NA,NA,NA,NA,NA,NA,NA,NA,NA,NA,NA
MANAGE_00510,Literature Sourced,NA,3/4/18,United States,CA,39,-123.07,11,Grazing,32332048,4.826501,0,NA,NA,NA,NA,NA,NA,NA,NA,NA,NA,NA,NA,NA,NA,NA,NA,NA,NA,NA,NA,NA,NA,NA,NA,NA,NA
MANAGE_00511,Literature Sourced,NA,3/30/18,United States,CA,39,-123.07,11,Grazing,94326044,14.07234,0,NA,NA,NA,NA,NA,NA,NA,NA,NA,NA,NA,NA,NA,NA,NA,NA,NA,NA,NA,NA,NA,NA,NA,NA,NA,NA
MANAGE_00512,Literature Sourced,NA,3/26/18,United States,CA,39,-123.07,11,Grazing,34136144,5.099216,0,NA,NA,NA,NA,NA,NA,NA,NA,NA,NA,NA,NA,NA,NA,NA,NA,NA,NA,NA,NA,NA,NA,NA,NA,NA,NA
MANAGE_00513,Literature Sourced,NA,3/29/18,United States,CA,39,-123.07,11,Grazing,62944620,9.388487,0,NA,NA,NA,NA,NA,NA,NA,NA,NA,NA,NA,NA,NA,NA,NA,NA,NA,NA,NA,NA,NA,NA,NA,NA,NA,NA
MANAGE_00514,Literature Sourced,NA,3/13/18,United States,CA,39,-123.07,11,Grazing,36964642,5.503305,0,NA,NA,NA,NA,NA,NA,NA,NA,NA,NA,NA,NA,NA,NA,NA,NA,NA,NA,NA,NA,NA,NA,NA,NA,NA,NA
MANAGE_00515,Literature Sourced,NA,3/17/18,United States,CA,39,-123.07,11,Grazing,133748644,19.780705,0,NA,NA,NA,NA,NA,NA,NA,NA,NA,NA,NA,NA,NA,NA,NA,NA,NA,NA,NA,NA,NA,NA,NA,NA,NA,NA
MANAGE_00516,Literature Sourced,NA,4/2/18,United States,CA,39,-123.07,11,Grazing,27841456,4.154011,0,NA,NA,NA,NA,NA,NA,NA,NA,NA,NA,NA,NA,NA,NA,NA,NA,NA,NA,NA,NA,NA,NA,NA,NA,NA,NA
MANAGE_00517,Literature Sourced,NA,3/27/18,United States,CA,39,-123.07,11,Grazing,53940086,8.022729,0,NA,NA,NA,NA,NA,NA,NA,NA,NA,NA,NA,NA,NA,NA,NA,NA,NA,NA,NA,NA,NA,NA,NA,NA,NA,NA
MANAGE_00518,Literature Sourced,NA,5/1/19,United States,TN,35.62,-88.85,6,Cropping,180794088,27.299908,2,NA,NA,NA,NA,NA,NA,NA,NA,NA,NA,NA,NA,NA,NA,NA,NA,NA,NA,NA,NA,NA,NA,NA,NA,NA,NA
MANAGE_00519,Literature Sourced,NA,5/1/19,United States,TN,35.62,-88.85,6,Cropping,103725866,15.662606,2,NA,NA,NA,NA,NA,NA,NA,NA,NA,NA,NA,NA,NA,NA,NA,NA,NA,NA,NA,NA,NA,NA,NA,NA,NA,NA
MANAGE_00520,Literature Sourced,NA,5/1/19,United States,TN,35.62,-88.85,6,Cropping,135500742,20.460612,2,NA,NA,NA,NA,NA,NA,NA,NA,NA,NA,NA,NA,NA,NA,NA,NA,NA,NA,NA,NA,NA,NA,NA,NA,NA,NA
MANAGE_00521,Literature Sourced,NA,5/1/19,United States,TN,35.62,-88.85,6,Cropping,153408308,23.164654,0,NA,NA,NA,NA,NA,NA,NA,NA,NA,NA,NA,NA,NA,NA,NA,NA,NA,NA,NA,NA,NA,NA,NA,NA,NA,NA
MANAGE_00522,Literature Sourced,NA,5/1/19,United States,TN,35.62,-88.85,6,Cropping,134573372,20.32058,0,NA,NA,NA,NA,NA,NA,NA,NA,NA,NA,NA,NA,NA,NA,NA,NA,NA,NA,NA,NA,NA,NA,NA,NA,NA,NA
MANAGE_00523,Literature Sourced,NA,5/1/19,United States,TN,35.62,-88.85,6,Cropping,163934452,24.754102,0,NA,NA,NA,NA,NA,NA,NA,NA,NA,NA,NA,NA,NA,NA,NA,NA,NA,NA,NA,NA,NA,NA,NA,NA,NA,NA
MANAGE_00524,Literature Sourced,NA,5/1/19,United States,TN,35.62,-88.85,6,Cropping,135380820,20.442504,0,NA,NA,NA,NA,NA,NA,NA,NA,NA,NA,NA,NA,NA,NA,NA,NA,NA,NA,NA,NA,NA,NA,NA,NA,NA,NA
MANAGE_00525,Literature Sourced,NA,5/1/19,United States,TN,35.62,-88.85,6,Cropping,122497550,18.49713,0,NA,NA,NA,NA,NA,NA,NA,NA,NA,NA,NA,NA,NA,NA,NA,NA,NA,NA,NA,NA,NA,NA,NA,NA,NA,NA
MANAGE_00526,Literature Sourced,NA,5/1/19,United States,TN,35.62,-88.85,6,Cropping,148324098,22.396938,0,NA,NA,NA,NA,NA,NA,NA,NA,NA,NA,NA,NA,NA,NA,NA,NA,NA,NA,NA,NA,NA,NA,NA,NA,NA,NA
MANAGE_00527,Literature Sourced,NA,5/1/19,United States,TN,35.62,-88.85,6,Cropping,123492604,18.647384,0,NA,NA,NA,NA,NA,NA,NA,NA,NA,NA,NA,NA,NA,NA,NA,NA,NA,NA,NA,NA,NA,NA,NA,NA,NA,NA
MANAGE_00528,Literature Sourced,NA,5/1/19,United States,TN,35.62,-88.85,6,Cropping,116955848,17.660334,0,NA,NA,NA,NA,NA,NA,NA,NA,NA,NA,NA,NA,NA,NA,NA,NA,NA,NA,NA,NA,NA,NA,NA,NA,NA,NA
MANAGE_00529,Literature Sourced,NA,5/1/19,United States,TN,35.62,-88.85,6,Cropping,158376426,23.91484,0,NA,NA,NA,NA,NA,NA,NA,NA,NA,NA,NA,NA,NA,NA,NA,NA,NA,NA,NA,NA,NA,NA,NA,NA,NA,NA
MANAGE_00530,Literature Sourced,NA,6/18/21,United States,AL,32.66,-85.52,6,Grazing,182721154,27.590894,10,NA,NA,NA,NA,NA,NA,NA,NA,NA,NA,NA,NA,NA,NA,NA,NA,NA,NA,NA,NA,NA,NA,NA,NA,NA,NA
MANAGE_00531,Literature Sourced,NA,7/29/21,United States,AL,32.66,-85.52,6,Grazing,235953344,35.628954,10,NA,NA,NA,NA,NA,NA,NA,NA,NA,NA,NA,NA,NA,NA,NA,NA,NA,NA,NA,NA,NA,NA,NA,NA,NA,NA
MANAGE_00532,Literature Sourced,NA,4/19/21,United States,AL,32.66,-85.52,6,Grazing,18879282,2.850772,0,NA,NA,NA,NA,NA,NA,NA,NA,NA,NA,NA,NA,NA,NA,NA,NA,NA,NA,NA,NA,NA,NA,NA,NA,NA,NA
MANAGE_00533,Literature Sourced,NA,4/19/21,United States,AL,32.66,-85.52,6,Grazing,41926072,6.330836,3,NA,NA,NA,NA,NA,NA,NA,NA,NA,NA,NA,NA,NA,NA,NA,NA,NA,NA,NA,NA,NA,NA,NA,NA,NA,NA
MANAGE_00534,Literature Sourced,NA,6/18/21,United States,AL,32.66,-85.52,6,Grazing,254621246,38.447808,0,NA,NA,NA,NA,NA,NA,NA,NA,NA,NA,NA,NA,NA,NA,NA,NA,NA,NA,NA,NA,NA,NA,NA,NA,NA,NA
MANAGE_00535,Literature Sourced,NA,7/29/21,United States,AL,32.66,-85.52,6,Grazing,276274392,41.717434,0,NA,NA,NA,NA,NA,NA,NA,NA,NA,NA,NA,NA,NA,NA,NA,NA,NA,NA,NA,NA,NA,NA,NA,NA,NA,NA
MANAGE_00536,Literature Sourced,NA,6/18/21,United States,AL,32.66,-85.52,6,Grazing,265809560,40.137244,0,NA,NA,NA,NA,NA,NA,NA,NA,NA,NA,NA,NA,NA,NA,NA,NA,NA,NA,NA,NA,NA,NA,NA,NA,NA,NA
MANAGE_00537,Literature Sourced,NA,6/18/21,United States,AL,32.66,-85.52,6,Grazing,190385618,28.748228,0,NA,NA,NA,NA,NA,NA,NA,NA,NA,NA,NA,NA,NA,NA,NA,NA,NA,NA,NA,NA,NA,NA,NA,NA,NA,NA
MANAGE_00538,Literature Sourced,NA,7/29/21,United States,AL,32.66,-85.52,6,Grazing,167178910,25.244016,0,NA,NA,NA,NA,NA,NA,NA,NA,NA,NA,NA,NA,NA,NA,NA,NA,NA,NA,NA,NA,NA,NA,NA,NA,NA,NA
MANAGE_00539,Literature Sourced,NA,8/20/13,United States,CA,34.09,-118.43,10,Grazing,86799034,21.786558,0,NA,NA,NA,NA,NA,NA,NA,NA,NA,NA,NA,NA,NA,NA,NA,NA,NA,NA,NA,NA,NA,NA,NA,NA,NA,NA
MANAGE_00540,Literature Sourced,NA,8/20/13,United States,CA,34.09,-118.43,10,Grazing,71771642,18.014682,0,NA,NA,NA,NA,NA,NA,NA,NA,NA,NA,NA,NA,NA,NA,NA,NA,NA,NA,NA,NA,NA,NA,NA,NA,NA,NA
MANAGE_00541,Literature Sourced,NA,8/20/13,United States,CA,34.09,-118.43,10,Grazing,95719920,24.0257,0,NA,NA,NA,NA,NA,NA,NA,NA,NA,NA,NA,NA,NA,NA,NA,NA,NA,NA,NA,NA,NA,NA,NA,NA,NA,NA
MANAGE_00542,Literature Sourced,NA,8/20/13,United States,CA,34.09,-118.43,10,Grazing,112640098,28.272664,0,NA,NA,NA,NA,NA,NA,NA,NA,NA,NA,NA,NA,NA,NA,NA,NA,NA,NA,NA,NA,NA,NA,NA,NA,NA,NA
MANAGE_00543,Literature Sourced,NA,8/20/13,United States,CA,34.09,-118.43,10,Grazing,85341800,21.420792,0,NA,NA,NA,NA,NA,NA,NA,NA,NA,NA,NA,NA,NA,NA,NA,NA,NA,NA,NA,NA,NA,NA,NA,NA,NA,NA
MANAGE_00544,Literature Sourced,NA,8/20/13,United States,CA,34.09,-118.43,10,Grazing,81717662,20.511134,0,NA,NA,NA,NA,NA,NA,NA,NA,NA,NA,NA,NA,NA,NA,NA,NA,NA,NA,NA,NA,NA,NA,NA,NA,NA,NA
MANAGE_00545,Literature Sourced,NA,9/15/11,United States,MD,39.07,-76.7,6,Grazing,6401730,0.96026,0,NA,NA,NA,NA,NA,NA,NA,NA,NA,NA,NA,NA,NA,NA,NA,NA,NA,NA,NA,NA,NA,NA,NA,NA,NA,NA
MANAGE_00546,Literature Sourced,NA,7/13/15,United States,CA,39.72,-123.65,11,Grazing,76224514,11.509902,0,NA,NA,NA,NA,NA,NA,NA,NA,NA,NA,NA,NA,NA,NA,NA,NA,NA,NA,NA,NA,NA,NA,NA,NA,NA,NA
MANAGE_00547,Literature Sourced,NA,7/13/15,United States,CA,39.72,-123.65,11,Grazing,78487122,11.851556,0,NA,NA,NA,NA,NA,NA,NA,NA,NA,NA,NA,NA,NA,NA,NA,NA,NA,NA,NA,NA,NA,NA,NA,NA,NA,NA
MANAGE_00548,Literature Sourced,NA,7/13/15,United States,CA,39.72,-123.65,11,Grazing,111716504,16.869192,0,NA,NA,NA,NA,NA,NA,NA,NA,NA,NA,NA,NA,NA,NA,NA,NA,NA,NA,NA,NA,NA,NA,NA,NA,NA,NA
MANAGE_00549,Literature Sourced,NA,7/13/15,United States,CA,39.72,-123.65,11,Grazing,77033124,11.632002,0,NA,NA,NA,NA,NA,NA,NA,NA,NA,NA,NA,NA,NA,NA,NA,NA,NA,NA,NA,NA,NA,NA,NA,NA,NA,NA
MANAGE_00550,Literature Sourced,NA,7/13/15,United States,CA,39.72,-123.65,11,Grazing,99960044,15.093966,0,NA,NA,NA,NA,NA,NA,NA,NA,NA,NA,NA,NA,NA,NA,NA,NA,NA,NA,NA,NA,NA,NA,NA,NA,NA,NA
MANAGE_00551,Literature Sourced,NA,6/11/14,United States,UT,41.77,-111.81,2,Cropping,64425160,16.170716,3,NA,NA,NA,NA,NA,NA,NA,NA,NA,NA,NA,NA,NA,NA,NA,NA,NA,NA,NA,NA,NA,NA,NA,NA,NA,NA
MANAGE_00552,Literature Sourced,NA,6/11/14,United States,UT,41.77,-111.81,2,Cropping,149042836,37.409752,6,NA,NA,NA,NA,NA,NA,NA,NA,NA,NA,NA,NA,NA,NA,NA,NA,NA,NA,NA,NA,NA,NA,NA,NA,NA,NA
MANAGE_00553,Literature Sourced,NA,8/11/11,United States,NC,35.91,-79.06,6,Grazing,19065060,2.859758,0,NA,NA,NA,NA,NA,NA,NA,NA,NA,NA,NA,NA,NA,NA,NA,NA,NA,NA,NA,NA,NA,NA,NA,NA,NA,NA
MANAGE_00554,Literature Sourced,NA,8/11/11,United States,NC,35.91,-79.06,6,Grazing,24108844,3.616326,0,NA,NA,NA,NA,NA,NA,NA,NA,NA,NA,NA,NA,NA,NA,NA,NA,NA,NA,NA,NA,NA,NA,NA,NA,NA,NA
MANAGE_00555,Literature Sourced,NA,10/9/14,United States,CA,39.74,-123.63,11,Grazing,122972572,23.528757,0,NA,NA,NA,NA,NA,NA,NA,NA,NA,NA,NA,NA,NA,NA,NA,NA,NA,NA,NA,NA,NA,NA,NA,NA,NA,NA
MANAGE_00556,Literature Sourced,NA,10/9/14,United States,CA,39.74,-123.63,11,Grazing,80129478,15.519556,0,NA,NA,NA,NA,NA,NA,NA,NA,NA,NA,NA,NA,NA,NA,NA,NA,NA,NA,NA,NA,NA,NA,NA,NA,NA,NA
MANAGE_00557,Literature Sourced,NA,9/3/14,United States,CA,39.74,-123.63,11,Grazing,82912568,16.016642,0,NA,NA,NA,NA,NA,NA,NA,NA,NA,NA,NA,NA,NA,NA,NA,NA,NA,NA,NA,NA,NA,NA,NA,NA,NA,NA
MANAGE_00558,Literature Sourced,NA,10/9/14,United States,CA,39.74,-123.63,11,Grazing,85492620,16.547014,0,NA,NA,NA,NA,NA,NA,NA,NA,NA,NA,NA,NA,NA,NA,NA,NA,NA,NA,NA,NA,NA,NA,NA,NA,NA,NA
MANAGE_00559,Literature Sourced,NA,9/3/14,United States,CA,39.74,-123.63,11,Grazing,146193382,27.630339,0,NA,NA,NA,NA,NA,NA,NA,NA,NA,NA,NA,NA,NA,NA,NA,NA,NA,NA,NA,NA,NA,NA,NA,NA,NA,NA
MANAGE_00560,Literature Sourced,NA,10/9/14,United States,CA,39.74,-123.63,11,Grazing,85676008,16.632458,0,NA,NA,NA,NA,NA,NA,NA,NA,NA,NA,NA,NA,NA,NA,NA,NA,NA,NA,NA,NA,NA,NA,NA,NA,NA,NA
MANAGE_00561,Literature Sourced,NA,9/29/14,United States,CA,39.74,-123.63,11,Grazing,86580130,16.575143,6,NA,NA,NA,NA,NA,NA,NA,NA,NA,NA,NA,NA,NA,NA,NA,NA,NA,NA,NA,NA,NA,NA,NA,NA,NA,NA
MANAGE_00562,Literature Sourced,NA,9/29/14,United States,CA,39.74,-123.63,11,Grazing,91677448,17.622319,8,NA,NA,NA,NA,NA,NA,NA,NA,NA,NA,NA,NA,NA,NA,NA,NA,NA,NA,NA,NA,NA,NA,NA,NA,NA,NA
MANAGE_00563,Literature Sourced,NA,9/27/14,United States,CA,39.74,-123.63,11,Grazing,108574138,20.973777,6,NA,NA,NA,NA,NA,NA,NA,NA,NA,NA,NA,NA,NA,NA,NA,NA,NA,NA,NA,NA,NA,NA,NA,NA,NA,NA
MANAGE_00564,Literature Sourced,NA,9/27/14,United States,CA,39.74,-123.63,11,Grazing,102770780,19.815938,2,NA,NA,NA,NA,NA,NA,NA,NA,NA,NA,NA,NA,NA,NA,NA,NA,NA,NA,NA,NA,NA,NA,NA,NA,NA,NA
MANAGE_00565,Literature Sourced,NA,9/3/14,United States,CA,39.74,-123.63,11,Grazing,105257008,20.14588,3,NA,NA,NA,NA,NA,NA,NA,NA,NA,NA,NA,NA,NA,NA,NA,NA,NA,NA,NA,NA,NA,NA,NA,NA,NA,NA
MANAGE_00566,Literature Sourced,NA,9/19/14,United States,CA,39.74,-123.63,11,Grazing,98738038,18.910681,2,NA,NA,NA,NA,NA,NA,NA,NA,NA,NA,NA,NA,NA,NA,NA,NA,NA,NA,NA,NA,NA,NA,NA,NA,NA,NA
MANAGE_00567,Literature Sourced,NA,9/3/14,United States,CA,39.74,-123.63,11,Grazing,100492312,18.967644,3,NA,NA,NA,NA,NA,NA,NA,NA,NA,NA,NA,NA,NA,NA,NA,NA,NA,NA,NA,NA,NA,NA,NA,NA,NA,NA
MANAGE_00568,Literature Sourced,NA,9/3/14,United States,CA,39.74,-123.63,11,Grazing,75127926,14.128194,1,NA,NA,NA,NA,NA,NA,NA,NA,NA,NA,NA,NA,NA,NA,NA,NA,NA,NA,NA,NA,NA,NA,NA,NA,NA,NA
MANAGE_00569,Literature Sourced,NA,10/9/14,United States,CA,39.74,-123.63,11,Grazing,65776578,12.485401,3,NA,NA,NA,NA,NA,NA,NA,NA,NA,NA,NA,NA,NA,NA,NA,NA,NA,NA,NA,NA,NA,NA,NA,NA,NA,NA
MANAGE_00570,Literature Sourced,NA,10/9/14,United States,CA,39.74,-123.63,11,Grazing,76255288,14.796934,9,NA,NA,NA,NA,NA,NA,NA,NA,NA,NA,NA,NA,NA,NA,NA,NA,NA,NA,NA,NA,NA,NA,NA,NA,NA,NA
MANAGE_00571,Literature Sourced,NA,9/29/14,United States,CA,39.74,-123.63,11,Grazing,94894808,18.239524,1,NA,NA,NA,NA,NA,NA,NA,NA,NA,NA,NA,NA,NA,NA,NA,NA,NA,NA,NA,NA,NA,NA,NA,NA,NA,NA
MANAGE_00572,Literature Sourced,NA,9/29/14,United States,CA,39.74,-123.63,11,Grazing,89748386,17.259281,9,NA,NA,NA,NA,NA,NA,NA,NA,NA,NA,NA,NA,NA,NA,NA,NA,NA,NA,NA,NA,NA,NA,NA,NA,NA,NA
MANAGE_00573,Literature Sourced,NA,9/29/14,United States,CA,39.74,-123.63,11,Grazing,84144722,16.09991,5,NA,NA,NA,NA,NA,NA,NA,NA,NA,NA,NA,NA,NA,NA,NA,NA,NA,NA,NA,NA,NA,NA,NA,NA,NA,NA
MANAGE_00574,Literature Sourced,NA,10/9/14,United States,CA,39.74,-123.63,11,Grazing,96900020,18.756264,0,NA,NA,NA,NA,NA,NA,NA,NA,NA,NA,NA,NA,NA,NA,NA,NA,NA,NA,NA,NA,NA,NA,NA,NA,NA,NA
MANAGE_00575,Literature Sourced,NA,10/9/14,United States,CA,39.74,-123.63,11,Grazing,94632304,18.29808,0,NA,NA,NA,NA,NA,NA,NA,NA,NA,NA,NA,NA,NA,NA,NA,NA,NA,NA,NA,NA,NA,NA,NA,NA,NA,NA
MANAGE_00576,Literature Sourced,NA,10/9/14,United States,CA,39.74,-123.63,11,Grazing,79272784,15.333134,0,NA,NA,NA,NA,NA,NA,NA,NA,NA,NA,NA,NA,NA,NA,NA,NA,NA,NA,NA,NA,NA,NA,NA,NA,NA,NA
MANAGE_00577,Literature Sourced,NA,10/9/14,United States,CA,39.74,-123.63,11,Grazing,83663464,16.267467,0,NA,NA,NA,NA,NA,NA,NA,NA,NA,NA,NA,NA,NA,NA,NA,NA,NA,NA,NA,NA,NA,NA,NA,NA,NA,NA
MANAGE_00578,Literature Sourced,NA,9/3/14,United States,CA,39.74,-123.63,11,Grazing,81029160,15.598926,0,NA,NA,NA,NA,NA,NA,NA,NA,NA,NA,NA,NA,NA,NA,NA,NA,NA,NA,NA,NA,NA,NA,NA,NA,NA,NA
MANAGE_00579,Literature Sourced,NA,9/3/14,United States,CA,39.74,-123.63,11,Grazing,120784298,23.263603,0,NA,NA,NA,NA,NA,NA,NA,NA,NA,NA,NA,NA,NA,NA,NA,NA,NA,NA,NA,NA,NA,NA,NA,NA,NA,NA
MANAGE_00580,Literature Sourced,NA,9/19/14,United States,CA,39.74,-123.63,11,Grazing,81740906,15.708749,0,NA,NA,NA,NA,NA,NA,NA,NA,NA,NA,NA,NA,NA,NA,NA,NA,NA,NA,NA,NA,NA,NA,NA,NA,NA,NA
MANAGE_00581,Literature Sourced,NA,9/3/14,United States,CA,39.74,-123.63,11,Grazing,128176196,23.959046,0,NA,NA,NA,NA,NA,NA,NA,NA,NA,NA,NA,NA,NA,NA,NA,NA,NA,NA,NA,NA,NA,NA,NA,NA,NA,NA
MANAGE_00582,Literature Sourced,NA,9/3/14,United States,CA,39.74,-123.63,11,Grazing,111551278,21.14183,0,NA,NA,NA,NA,NA,NA,NA,NA,NA,NA,NA,NA,NA,NA,NA,NA,NA,NA,NA,NA,NA,NA,NA,NA,NA,NA
MANAGE_00583,Literature Sourced,NA,9/29/14,United States,CA,39.74,-123.63,11,Grazing,90863612,17.338973,0,NA,NA,NA,NA,NA,NA,NA,NA,NA,NA,NA,NA,NA,NA,NA,NA,NA,NA,NA,NA,NA,NA,NA,NA,NA,NA
MANAGE_00584,Literature Sourced,NA,9/29/14,United States,CA,39.74,-123.63,11,Grazing,82934890,15.832925,0,NA,NA,NA,NA,NA,NA,NA,NA,NA,NA,NA,NA,NA,NA,NA,NA,NA,NA,NA,NA,NA,NA,NA,NA,NA,NA
MANAGE_00585,Literature Sourced,NA,9/27/14,United States,CA,39.74,-123.63,11,Grazing,84697846,15.987746,0,NA,NA,NA,NA,NA,NA,NA,NA,NA,NA,NA,NA,NA,NA,NA,NA,NA,NA,NA,NA,NA,NA,NA,NA,NA,NA
MANAGE_00586,Literature Sourced,NA,9/27/14,United States,CA,39.74,-123.63,11,Grazing,57334446,10.859434,0,NA,NA,NA,NA,NA,NA,NA,NA,NA,NA,NA,NA,NA,NA,NA,NA,NA,NA,NA,NA,NA,NA,NA,NA,NA,NA
MANAGE_00587,Literature Sourced,NA,9/3/14,United States,CA,39.74,-123.63,11,Grazing,49371012,9.600681,0,NA,NA,NA,NA,NA,NA,NA,NA,NA,NA,NA,NA,NA,NA,NA,NA,NA,NA,NA,NA,NA,NA,NA,NA,NA,NA
MANAGE_00588,Literature Sourced,NA,9/19/14,United States,CA,39.74,-123.63,11,Grazing,102572790,19.430928,0,NA,NA,NA,NA,NA,NA,NA,NA,NA,NA,NA,NA,NA,NA,NA,NA,NA,NA,NA,NA,NA,NA,NA,NA,NA,NA
MANAGE_00589,Literature Sourced,NA,9/3/14,United States,CA,39.74,-123.63,11,Grazing,90118114,17.166037,0,NA,NA,NA,NA,NA,NA,NA,NA,NA,NA,NA,NA,NA,NA,NA,NA,NA,NA,NA,NA,NA,NA,NA,NA,NA,NA
MANAGE_00590,Literature Sourced,NA,9/3/14,United States,CA,39.74,-123.63,11,Grazing,163378954,31.97568,0,NA,NA,NA,NA,NA,NA,NA,NA,NA,NA,NA,NA,NA,NA,NA,NA,NA,NA,NA,NA,NA,NA,NA,NA,NA,NA
MANAGE_00591,Literature Sourced,NA,9/29/14,United States,CA,39.74,-123.63,11,Grazing,83889440,15.77921,0,NA,NA,NA,NA,NA,NA,NA,NA,NA,NA,NA,NA,NA,NA,NA,NA,NA,NA,NA,NA,NA,NA,NA,NA,NA,NA
MANAGE_00592,Literature Sourced,NA,10/9/14,United States,CA,39.74,-123.63,11,Grazing,62300778,11.802774,0,NA,NA,NA,NA,NA,NA,NA,NA,NA,NA,NA,NA,NA,NA,NA,NA,NA,NA,NA,NA,NA,NA,NA,NA,NA,NA
MANAGE_00593,Literature Sourced,NA,9/27/14,United States,CA,39.74,-123.63,11,Grazing,85186354,15.947937,0,NA,NA,NA,NA,NA,NA,NA,NA,NA,NA,NA,NA,NA,NA,NA,NA,NA,NA,NA,NA,NA,NA,NA,NA,NA,NA
MANAGE_00594,Literature Sourced,NA,9/27/14,United States,CA,39.74,-123.63,11,Grazing,92354154,17.389428,0,NA,NA,NA,NA,NA,NA,NA,NA,NA,NA,NA,NA,NA,NA,NA,NA,NA,NA,NA,NA,NA,NA,NA,NA,NA,NA
MANAGE_00595,Literature Sourced,NA,9/29/14,United States,CA,39.74,-123.63,11,Grazing,75757174,14.486655,0,NA,NA,NA,NA,NA,NA,NA,NA,NA,NA,NA,NA,NA,NA,NA,NA,NA,NA,NA,NA,NA,NA,NA,NA,NA,NA
MANAGE_00596,Literature Sourced,NA,9/29/14,United States,CA,39.74,-123.63,11,Grazing,88659612,16.905229,0,NA,NA,NA,NA,NA,NA,NA,NA,NA,NA,NA,NA,NA,NA,NA,NA,NA,NA,NA,NA,NA,NA,NA,NA,NA,NA
MANAGE_00597,Literature Sourced,NA,9/29/14,United States,CA,39.74,-123.63,11,Grazing,92291824,17.728102,0,NA,NA,NA,NA,NA,NA,NA,NA,NA,NA,NA,NA,NA,NA,NA,NA,NA,NA,NA,NA,NA,NA,NA,NA,NA,NA
MANAGE_00598,Literature Sourced,NA,9/29/14,United States,CA,39.74,-123.63,11,Grazing,77276534,14.803878,0,NA,NA,NA,NA,NA,NA,NA,NA,NA,NA,NA,NA,NA,NA,NA,NA,NA,NA,NA,NA,NA,NA,NA,NA,NA,NA
MANAGE_00599,Literature Sourced,NA,9/29/14,United States,CA,39.74,-123.63,11,Grazing,90606042,17.345502,0,NA,NA,NA,NA,NA,NA,NA,NA,NA,NA,NA,NA,NA,NA,NA,NA,NA,NA,NA,NA,NA,NA,NA,NA,NA,NA
MANAGE_00600,Literature Sourced,NA,9/29/14,United States,CA,39.74,-123.63,11,Grazing,77591032,15.009376,0,NA,NA,NA,NA,NA,NA,NA,NA,NA,NA,NA,NA,NA,NA,NA,NA,NA,NA,NA,NA,NA,NA,NA,NA,NA,NA
MANAGE_00601,Literature Sourced,NA,9/29/14,United States,CA,39.74,-123.63,11,Grazing,NA,NA,0,NA,NA,NA,NA,NA,NA,NA,NA,NA,NA,NA,NA,NA,NA,NA,NA,NA,NA,NA,NA,NA,NA,NA,NA,NA,NA
MANAGE_00602,Literature Sourced,NA,9/29/14,United States,CA,39.74,-123.63,11,Grazing,114925522,21.307348,0,NA,NA,NA,NA,NA,NA,NA,NA,NA,NA,NA,NA,NA,NA,NA,NA,NA,NA,NA,NA,NA,NA,NA,NA,NA,NA
MANAGE_00603,Literature Sourced,NA,9/29/14,United States,CA,39.74,-123.63,11,Grazing,NA,NA,0,NA,NA,NA,NA,NA,NA,NA,NA,NA,NA,NA,NA,NA,NA,NA,NA,NA,NA,NA,NA,NA,NA,NA,NA,NA,NA
MANAGE_00604,Literature Sourced,NA,9/29/14,United States,CA,39.74,-123.63,11,Grazing,104340436,19.960462,0,NA,NA,NA,NA,NA,NA,NA,NA,NA,NA,NA,NA,NA,NA,NA,NA,NA,NA,NA,NA,NA,NA,NA,NA,NA,NA
MANAGE_00605,Literature Sourced,NA,9/29/14,United States,CA,39.74,-123.63,11,Grazing,88397438,17.267498,0,NA,NA,NA,NA,NA,NA,NA,NA,NA,NA,NA,NA,NA,NA,NA,NA,NA,NA,NA,NA,NA,NA,NA,NA,NA,NA
MANAGE_00606,Literature Sourced,NA,9/29/14,United States,CA,39.74,-123.63,11,Grazing,57655922,11.14838,0,NA,NA,NA,NA,NA,NA,NA,NA,NA,NA,NA,NA,NA,NA,NA,NA,NA,NA,NA,NA,NA,NA,NA,NA,NA,NA
MANAGE_00607,Literature Sourced,NA,9/29/14,United States,CA,39.74,-123.63,11,Grazing,64813256,12.088727,0,NA,NA,NA,NA,NA,NA,NA,NA,NA,NA,NA,NA,NA,NA,NA,NA,NA,NA,NA,NA,NA,NA,NA,NA,NA,NA
MANAGE_00608,Literature Sourced,NA,9/29/14,United States,CA,39.74,-123.63,11,Grazing,88044624,17.006362,0,NA,NA,NA,NA,NA,NA,NA,NA,NA,NA,NA,NA,NA,NA,NA,NA,NA,NA,NA,NA,NA,NA,NA,NA,NA,NA
MANAGE_00609,Literature Sourced,NA,9/29/14,United States,CA,39.74,-123.63,11,Grazing,68378838,13.215437,0,NA,NA,NA,NA,NA,NA,NA,NA,NA,NA,NA,NA,NA,NA,NA,NA,NA,NA,NA,NA,NA,NA,NA,NA,NA,NA
MANAGE_00610,Literature Sourced,NA,9/29/14,United States,CA,39.74,-123.63,11,Grazing,84790006,16.350018,0,NA,NA,NA,NA,NA,NA,NA,NA,NA,NA,NA,NA,NA,NA,NA,NA,NA,NA,NA,NA,NA,NA,NA,NA,NA,NA
MANAGE_00611,Literature Sourced,NA,9/29/14,United States,CA,39.74,-123.63,11,Grazing,82598622,15.826068,0,NA,NA,NA,NA,NA,NA,NA,NA,NA,NA,NA,NA,NA,NA,NA,NA,NA,NA,NA,NA,NA,NA,NA,NA,NA,NA
MANAGE_00612,Literature Sourced,NA,9/27/14,United States,CA,39.74,-123.63,11,Grazing,102273914,19.415714,0,NA,NA,NA,NA,NA,NA,NA,NA,NA,NA,NA,NA,NA,NA,NA,NA,NA,NA,NA,NA,NA,NA,NA,NA,NA,NA
MANAGE_00613,Literature Sourced,NA,9/27/14,United States,CA,39.74,-123.63,11,Grazing,90393742,16.945322,0,NA,NA,NA,NA,NA,NA,NA,NA,NA,NA,NA,NA,NA,NA,NA,NA,NA,NA,NA,NA,NA,NA,NA,NA,NA,NA
MANAGE_00614,Literature Sourced,NA,11/30/15,United States,HI,21.54,-158.09,NA,Cropping,25240334,3.798767,0,NA,NA,NA,NA,NA,NA,NA,NA,NA,NA,NA,NA,NA,NA,NA,NA,NA,NA,NA,NA,NA,NA,NA,NA,NA,NA
MANAGE_00615,Literature Sourced,NA,11/30/15,United States,HI,21.54,-158.09,NA,Cropping,25323736,3.811292,0,NA,NA,NA,NA,NA,NA,NA,NA,NA,NA,NA,NA,NA,NA,NA,NA,NA,NA,NA,NA,NA,NA,NA,NA,NA,NA
MANAGE_00616,Literature Sourced,NA,11/30/15,United States,HI,21.54,-158.09,NA,Cropping,24993030,3.762208,0,NA,NA,NA,NA,NA,NA,NA,NA,NA,NA,NA,NA,NA,NA,NA,NA,NA,NA,NA,NA,NA,NA,NA,NA,NA,NA
MANAGE_00617,Literature Sourced,NA,11/30/15,United States,HI,21.54,-158.09,NA,Cropping,24847034,3.740356,0,NA,NA,NA,NA,NA,NA,NA,NA,NA,NA,NA,NA,NA,NA,NA,NA,NA,NA,NA,NA,NA,NA,NA,NA,NA,NA
MANAGE_00618,Literature Sourced,NA,11/30/15,United States,HI,21.54,-158.09,NA,Cropping,31018240,4.668297,0,NA,NA,NA,NA,NA,NA,NA,NA,NA,NA,NA,NA,NA,NA,NA,NA,NA,NA,NA,NA,NA,NA,NA,NA,NA,NA
MANAGE_00619,Literature Sourced,NA,11/30/15,United States,HI,21.54,-158.09,NA,Cropping,30689174,4.618793,0,NA,NA,NA,NA,NA,NA,NA,NA,NA,NA,NA,NA,NA,NA,NA,NA,NA,NA,NA,NA,NA,NA,NA,NA,NA,NA
MANAGE_00620,Literature Sourced,NA,11/30/15,United States,HI,21.54,-158.09,NA,Cropping,91205764,13.729719,0,NA,NA,NA,NA,NA,NA,NA,NA,NA,NA,NA,NA,NA,NA,NA,NA,NA,NA,NA,NA,NA,NA,NA,NA,NA,NA
MANAGE_00621,Literature Sourced,NA,11/30/15,United States,HI,21.54,-158.09,NA,Cropping,90943012,13.689699,0,NA,NA,NA,NA,NA,NA,NA,NA,NA,NA,NA,NA,NA,NA,NA,NA,NA,NA,NA,NA,NA,NA,NA,NA,NA,NA
MANAGE_00622,Literature Sourced,NA,11/30/15,United States,HI,21.54,-158.09,NA,Cropping,92226654,13.880453,0,NA,NA,NA,NA,NA,NA,NA,NA,NA,NA,NA,NA,NA,NA,NA,NA,NA,NA,NA,NA,NA,NA,NA,NA,NA,NA
MANAGE_00623,Literature Sourced,NA,11/30/15,United States,HI,21.54,-158.09,NA,Cropping,91871354,13.827086,0,NA,NA,NA,NA,NA,NA,NA,NA,NA,NA,NA,NA,NA,NA,NA,NA,NA,NA,NA,NA,NA,NA,NA,NA,NA,NA
MANAGE_00624,Literature Sourced,NA,11/30/15,United States,HI,21.54,-158.09,NA,Cropping,NA,NA,0,NA,NA,NA,NA,NA,NA,NA,NA,NA,NA,NA,NA,NA,NA,NA,NA,NA,NA,NA,NA,NA,NA,NA,NA,NA,NA
MANAGE_00625,Literature Sourced,NA,11/30/15,United States,HI,21.54,-158.09,NA,Cropping,97228710,14.635547,0,NA,NA,NA,NA,NA,NA,NA,NA,NA,NA,NA,NA,NA,NA,NA,NA,NA,NA,NA,NA,NA,NA,NA,NA,NA,NA
MANAGE_00626,Literature Sourced,NA,11/30/15,United States,HI,21.54,-158.09,NA,Cropping,99190460,14.928255,0,NA,NA,NA,NA,NA,NA,NA,NA,NA,NA,NA,NA,NA,NA,NA,NA,NA,NA,NA,NA,NA,NA,NA,NA,NA,NA
MANAGE_00627,Literature Sourced,NA,11/30/15,United States,HI,21.54,-158.09,NA,Cropping,98207160,14.78028,0,NA,NA,NA,NA,NA,NA,NA,NA,NA,NA,NA,NA,NA,NA,NA,NA,NA,NA,NA,NA,NA,NA,NA,NA,NA,NA
MANAGE_00628,Literature Sourced,NA,11/30/15,United States,HI,21.54,-158.09,NA,Cropping,23475340,3.533715,0,NA,NA,NA,NA,NA,NA,NA,NA,NA,NA,NA,NA,NA,NA,NA,NA,NA,NA,NA,NA,NA,NA,NA,NA,NA,NA
MANAGE_00629,Literature Sourced,NA,11/30/15,United States,HI,21.54,-158.09,NA,Cropping,23775244,3.578731,0,NA,NA,NA,NA,NA,NA,NA,NA,NA,NA,NA,NA,NA,NA,NA,NA,NA,NA,NA,NA,NA,NA,NA,NA,NA,NA
MANAGE_00630,Literature Sourced,NA,11/30/15,United States,HI,21.54,-158.09,NA,Cropping,30531580,4.596023,0,NA,NA,NA,NA,NA,NA,NA,NA,NA,NA,NA,NA,NA,NA,NA,NA,NA,NA,NA,NA,NA,NA,NA,NA,NA,NA
MANAGE_00631,Literature Sourced,NA,11/30/15,United States,HI,21.54,-158.09,NA,Cropping,30396890,4.575593,0,NA,NA,NA,NA,NA,NA,NA,NA,NA,NA,NA,NA,NA,NA,NA,NA,NA,NA,NA,NA,NA,NA,NA,NA,NA,NA
MANAGE_00632,Literature Sourced,NA,11/30/15,United States,HI,21.54,-158.09,NA,Cropping,26297898,3.957651,0,NA,NA,NA,NA,NA,NA,NA,NA,NA,NA,NA,NA,NA,NA,NA,NA,NA,NA,NA,NA,NA,NA,NA,NA,NA,NA
MANAGE_00633,Literature Sourced,NA,11/30/15,United States,HI,21.54,-158.09,NA,Cropping,26044066,3.919493,0,NA,NA,NA,NA,NA,NA,NA,NA,NA,NA,NA,NA,NA,NA,NA,NA,NA,NA,NA,NA,NA,NA,NA,NA,NA,NA
MANAGE_00634,Literature Sourced,NA,11/30/15,United States,HI,21.54,-158.09,NA,Cropping,25464036,3.832996,0,NA,NA,NA,NA,NA,NA,NA,NA,NA,NA,NA,NA,NA,NA,NA,NA,NA,NA,NA,NA,NA,NA,NA,NA,NA,NA
MANAGE_00635,Literature Sourced,NA,11/30/15,United States,HI,21.54,-158.09,NA,Cropping,25844546,3.890128,0,NA,NA,NA,NA,NA,NA,NA,NA,NA,NA,NA,NA,NA,NA,NA,NA,NA,NA,NA,NA,NA,NA,NA,NA,NA,NA
MANAGE_00636,Literature Sourced,NA,11/30/15,United States,HI,21.54,-158.09,NA,Cropping,24225650,3.645881,0,NA,NA,NA,NA,NA,NA,NA,NA,NA,NA,NA,NA,NA,NA,NA,NA,NA,NA,NA,NA,NA,NA,NA,NA,NA,NA
MANAGE_00637,Literature Sourced,NA,11/30/15,United States,HI,21.54,-158.09,NA,Cropping,24014258,3.614092,0,NA,NA,NA,NA,NA,NA,NA,NA,NA,NA,NA,NA,NA,NA,NA,NA,NA,NA,NA,NA,NA,NA,NA,NA,NA,NA
MANAGE_00638,Literature Sourced,NA,4/18/23,United States,CA,38.54,-121.77,6,Cropping,27221284,4.110414,0,NA,NA,NA,NA,NA,NA,NA,NA,NA,NA,NA,NA,NA,NA,NA,NA,NA,NA,NA,NA,NA,NA,NA,NA,NA,NA
MANAGE_00639,Literature Sourced,NA,4/18/23,United States,CA,38.54,-121.77,6,Cropping,27180638,4.104276,0,NA,NA,NA,NA,NA,NA,NA,NA,NA,NA,NA,NA,NA,NA,NA,NA,NA,NA,NA,NA,NA,NA,NA,NA,NA,NA
MANAGE_00640,Literature Sourced,NA,8/18/23,United States,CA,38.54,-121.77,6,Cropping,66527452,10.045646,0,NA,NA,NA,NA,NA,NA,NA,NA,NA,NA,NA,NA,NA,NA,NA,NA,NA,NA,NA,NA,NA,NA,NA,NA,NA,NA
MANAGE_00641,Literature Sourced,NA,8/18/23,United States,CA,38.54,-121.77,6,Cropping,57311130,8.65398,0,NA,NA,NA,NA,NA,NA,NA,NA,NA,NA,NA,NA,NA,NA,NA,NA,NA,NA,NA,NA,NA,NA,NA,NA,NA,NA
MANAGE_00642,Literature Sourced,NA,8/18/23,United States,CA,38.54,-121.77,6,Cropping,21708334,3.277958,0,NA,NA,NA,NA,NA,NA,NA,NA,NA,NA,NA,NA,NA,NA,NA,NA,NA,NA,NA,NA,NA,NA,NA,NA,NA,NA
MANAGE_00643,Literature Sourced,NA,8/18/23,United States,CA,38.54,-121.77,6,Cropping,10335864,1.560716,0,NA,NA,NA,NA,NA,NA,NA,NA,NA,NA,NA,NA,NA,NA,NA,NA,NA,NA,NA,NA,NA,NA,NA,NA,NA,NA
MANAGE_00644,Literature Sourced,NA,4/18/23,United States,CA,38.54,-121.77,6,Cropping,26847586,4.053986,0,NA,NA,NA,NA,NA,NA,NA,NA,NA,NA,NA,NA,NA,NA,NA,NA,NA,NA,NA,NA,NA,NA,NA,NA,NA,NA
MANAGE_00645,Literature Sourced,NA,4/18/23,United States,CA,38.54,-121.77,6,Cropping,26177978,3.952874,0,NA,NA,NA,NA,NA,NA,NA,NA,NA,NA,NA,NA,NA,NA,NA,NA,NA,NA,NA,NA,NA,NA,NA,NA,NA,NA
MANAGE_00646,Literature Sourced,NA,8/18/23,United States,CA,38.54,-121.77,6,Cropping,29193406,4.408204,0,NA,NA,NA,NA,NA,NA,NA,NA,NA,NA,NA,NA,NA,NA,NA,NA,NA,NA,NA,NA,NA,NA,NA,NA,NA,NA
MANAGE_00647,Literature Sourced,NA,4/18/23,United States,CA,38.54,-121.77,6,Cropping,24373292,3.680368,0,NA,NA,NA,NA,NA,NA,NA,NA,NA,NA,NA,NA,NA,NA,NA,NA,NA,NA,NA,NA,NA,NA,NA,NA,NA,NA
MANAGE_00648,Literature Sourced,NA,4/18/23,United States,CA,38.54,-121.77,6,Cropping,25463842,3.84504,0,NA,NA,NA,NA,NA,NA,NA,NA,NA,NA,NA,NA,NA,NA,NA,NA,NA,NA,NA,NA,NA,NA,NA,NA,NA,NA
MANAGE_00649,Literature Sourced,NA,8/18/23,United States,CA,38.54,-121.77,6,Cropping,25621856,3.8689,0,NA,NA,NA,NA,NA,NA,NA,NA,NA,NA,NA,NA,NA,NA,NA,NA,NA,NA,NA,NA,NA,NA,NA,NA,NA,NA
MANAGE_00650,Literature Sourced,NA,4/18/23,United States,CA,38.54,-121.77,6,Cropping,27356524,4.130836,0,NA,NA,NA,NA,NA,NA,NA,NA,NA,NA,NA,NA,NA,NA,NA,NA,NA,NA,NA,NA,NA,NA,NA,NA,NA,NA
MANAGE_00651,Literature Sourced,NA,8/18/23,United States,CA,38.54,-121.77,6,Cropping,24151920,3.64694,0,NA,NA,NA,NA,NA,NA,NA,NA,NA,NA,NA,NA,NA,NA,NA,NA,NA,NA,NA,NA,NA,NA,NA,NA,NA,NA
MANAGE_00652,Literature Sourced,NA,4/18/23,United States,CA,38.54,-121.77,6,Cropping,21210760,3.202824,0,NA,NA,NA,NA,NA,NA,NA,NA,NA,NA,NA,NA,NA,NA,NA,NA,NA,NA,NA,NA,NA,NA,NA,NA,NA,NA
MANAGE_00653,Literature Sourced,NA,4/18/23,United States,CA,38.54,-121.77,6,Cropping,24446554,3.69143,0,NA,NA,NA,NA,NA,NA,NA,NA,NA,NA,NA,NA,NA,NA,NA,NA,NA,NA,NA,NA,NA,NA,NA,NA,NA,NA
MANAGE_00654,Literature Sourced,NA,8/18/23,United States,CA,38.54,-121.77,6,Cropping,59358326,8.963108,0,NA,NA,NA,NA,NA,NA,NA,NA,NA,NA,NA,NA,NA,NA,NA,NA,NA,NA,NA,NA,NA,NA,NA,NA,NA,NA
MANAGE_00655,Literature Sourced,NA,8/18/23,United States,CA,38.54,-121.77,6,Cropping,63651670,9.611402,0,NA,NA,NA,NA,NA,NA,NA,NA,NA,NA,NA,NA,NA,NA,NA,NA,NA,NA,NA,NA,NA,NA,NA,NA,NA,NA
MANAGE_00656,Literature Sourced,NA,4/18/23,United States,CA,38.54,-121.77,6,Cropping,25657900,3.874342,0,NA,NA,NA,NA,NA,NA,NA,NA,NA,NA,NA,NA,NA,NA,NA,NA,NA,NA,NA,NA,NA,NA,NA,NA,NA,NA
MANAGE_00657,Literature Sourced,NA,4/18/23,United States,CA,38.54,-121.77,6,Cropping,23107262,3.489196,0,NA,NA,NA,NA,NA,NA,NA,NA,NA,NA,NA,NA,NA,NA,NA,NA,NA,NA,NA,NA,NA,NA,NA,NA,NA,NA
MANAGE_00658,Literature Sourced,NA,8/18/23,United States,CA,38.54,-121.77,6,Cropping,68187822,10.296362,0,NA,NA,NA,NA,NA,NA,NA,NA,NA,NA,NA,NA,NA,NA,NA,NA,NA,NA,NA,NA,NA,NA,NA,NA,NA,NA
MANAGE_00659,Literature Sourced,NA,8/18/23,United States,CA,38.54,-121.77,6,Cropping,45617776,6.888284,0,NA,NA,NA,NA,NA,NA,NA,NA,NA,NA,NA,NA,NA,NA,NA,NA,NA,NA,NA,NA,NA,NA,NA,NA,NA,NA
MANAGE_00660,Literature Sourced,NA,4/18/23,United States,CA,38.54,-121.77,6,Cropping,24370236,3.679906,0,NA,NA,NA,NA,NA,NA,NA,NA,NA,NA,NA,NA,NA,NA,NA,NA,NA,NA,NA,NA,NA,NA,NA,NA,NA,NA
MANAGE_00661,Literature Sourced,NA,4/18/23,United States,CA,38.54,-121.77,6,Cropping,23096896,3.487632,0,NA,NA,NA,NA,NA,NA,NA,NA,NA,NA,NA,NA,NA,NA,NA,NA,NA,NA,NA,NA,NA,NA,NA,NA,NA,NA
MANAGE_00662,Literature Sourced,NA,8/18/23,United States,CA,38.54,-121.77,6,Cropping,26821524,4.05005,0,NA,NA,NA,NA,NA,NA,NA,NA,NA,NA,NA,NA,NA,NA,NA,NA,NA,NA,NA,NA,NA,NA,NA,NA,NA,NA
MANAGE_00663,Literature Sourced,NA,8/18/23,United States,CA,38.54,-121.77,6,Cropping,25844500,3.90252,0,NA,NA,NA,NA,NA,NA,NA,NA,NA,NA,NA,NA,NA,NA,NA,NA,NA,NA,NA,NA,NA,NA,NA,NA,NA,NA
MANAGE_00664,Literature Sourced,NA,8/18/23,United States,CA,38.54,-121.77,6,Cropping,21435552,3.236768,0,NA,NA,NA,NA,NA,NA,NA,NA,NA,NA,NA,NA,NA,NA,NA,NA,NA,NA,NA,NA,NA,NA,NA,NA,NA,NA
MANAGE_00665,Literature Sourced,NA,4/18/23,United States,CA,38.54,-121.77,6,Cropping,23184550,3.500868,0,NA,NA,NA,NA,NA,NA,NA,NA,NA,NA,NA,NA,NA,NA,NA,NA,NA,NA,NA,NA,NA,NA,NA,NA,NA,NA
MANAGE_00666,Literature Sourced,NA,4/18/23,United States,CA,38.54,-121.77,6,Cropping,26800536,4.04688,0,NA,NA,NA,NA,NA,NA,NA,NA,NA,NA,NA,NA,NA,NA,NA,NA,NA,NA,NA,NA,NA,NA,NA,NA,NA,NA
MANAGE_00667,Literature Sourced,NA,8/18/23,United States,CA,38.54,-121.77,6,Cropping,62099904,9.377086,0,NA,NA,NA,NA,NA,NA,NA,NA,NA,NA,NA,NA,NA,NA,NA,NA,NA,NA,NA,NA,NA,NA,NA,NA,NA,NA
MANAGE_00668,Literature Sourced,NA,8/18/23,United States,CA,38.54,-121.77,6,Cropping,52635554,7.947968,0,NA,NA,NA,NA,NA,NA,NA,NA,NA,NA,NA,NA,NA,NA,NA,NA,NA,NA,NA,NA,NA,NA,NA,NA,NA,NA
MANAGE_00669,Literature Sourced,NA,10/1/10,United States,OK,34.98,-97.52,1,Grazing,47142452,4.761388,0,NA,NA,NA,NA,NA,NA,NA,NA,NA,NA,NA,NA,NA,NA,NA,NA,NA,NA,NA,NA,NA,NA,NA,NA,NA,NA
MANAGE_00670,Literature Sourced,NA,10/1/10,United States,OK,34.98,-97.52,1,Grazing,39810152,4.020826,0,NA,NA,NA,NA,NA,NA,NA,NA,NA,NA,NA,NA,NA,NA,NA,NA,NA,NA,NA,NA,NA,NA,NA,NA,NA,NA
MANAGE_00671,Literature Sourced,NA,10/1/10,United States,OK,34.98,-97.52,1,Grazing,190081670,19.008167,0,NA,NA,NA,NA,NA,NA,NA,NA,NA,NA,NA,NA,NA,NA,NA,NA,NA,NA,NA,NA,NA,NA,NA,NA,NA,NA
MANAGE_00672,Literature Sourced,NA,10/1/10,United States,OK,34.98,-97.52,1,Grazing,176280350,17.628036,0,NA,NA,NA,NA,NA,NA,NA,NA,NA,NA,NA,NA,NA,NA,NA,NA,NA,NA,NA,NA,NA,NA,NA,NA,NA,NA
MANAGE_00673,Literature Sourced,NA,10/1/10,United States,OK,34.98,-97.52,1,Grazing,134894966,13.489496,0,NA,NA,NA,NA,NA,NA,NA,NA,NA,NA,NA,NA,NA,NA,NA,NA,NA,NA,NA,NA,NA,NA,NA,NA,NA,NA
MANAGE_00674,Literature Sourced,NA,10/1/10,United States,OK,34.98,-97.52,1,Grazing,39810152,4.020826,0,NA,NA,NA,NA,NA,NA,NA,NA,NA,NA,NA,NA,NA,NA,NA,NA,NA,NA,NA,NA,NA,NA,NA,NA,NA,NA
MANAGE_00675,Literature Sourced,NA,10/1/10,United States,OK,34.98,-97.52,1,Grazing,190081670,19.008168,0,NA,NA,NA,NA,NA,NA,NA,NA,NA,NA,NA,NA,NA,NA,NA,NA,NA,NA,NA,NA,NA,NA,NA,NA,NA,NA
MANAGE_00676,Literature Sourced,NA,10/1/10,United States,OK,34.98,-97.52,1,Grazing,47142452,4.761388,0,NA,NA,NA,NA,NA,NA,NA,NA,NA,NA,NA,NA,NA,NA,NA,NA,NA,NA,NA,NA,NA,NA,NA,NA,NA,NA
MANAGE_00677,Literature Sourced,NA,7/4/05,United States,IN,39.7653833,-84.847958,3,Cropping,66883074,6.755192,0,NA,29,4.988,NA,NA,0.158,NA,NA,NA,17,162,185,1200,NA,NA,NA,NA,NA,NA,NA,5.1,NA,NA,NA,NA,NA
MANAGE_00678,Literature Sourced,NA,7/4/05,United States,IN,39.7737861,-84.816108,3,Cropping,26221324,2.648352,0,NA,34,5.848,NA,NA,0.179,NA,NA,NA,12,237,340,1750,NA,NA,NA,NA,NA,NA,NA,7,NA,NA,NA,NA,NA
MANAGE_00679,Literature Sourced,NA,7/4/05,United States,IN,39.7673639,-84.834247,3,Cropping,24291184,2.45341,0,NA,37,6.364,NA,NA,0.2,NA,NA,NA,54,326,195,1550,NA,NA,NA,NA,NA,NA,NA,5.7,NA,NA,NA,NA,NA
MANAGE_00680,Literature Sourced,NA,7/4/05,United States,IN,39.7738139,-84.8286,3,Cropping,14188646,1.433054,0,NA,28,4.816,NA,NA,0.159,NA,NA,NA,22,229,245,1300,NA,NA,NA,NA,NA,NA,NA,6.4,NA,NA,NA,NA,NA
MANAGE_00681,Literature Sourced,NA,7/4/05,United States,IN,39.8996556,-85.004658,3,Cropping,11752654,1.187018,0,NA,33,5.676,NA,NA,0.186,NA,NA,NA,69,200,190,1000,NA,NA,NA,NA,NA,NA,NA,5.8,NA,NA,NA,NA,NA
MANAGE_00682,Literature Sourced,NA,7/4/05,United States,IN,39.899675,-85.007883,3,Cropping,31414226,3.172836,0,NA,33,5.676,NA,NA,0.166,NA,NA,NA,32,165,355,1350,NA,NA,NA,NA,NA,NA,NA,6.7,NA,NA,NA,NA,NA
MANAGE_00683,Literature Sourced,NA,7/4/05,United States,IN,39.8877222,-84.981411,3,Cropping,16121356,1.628256,0,NA,31,5.332,NA,NA,0.177,NA,NA,NA,59,302,280,1200,NA,NA,NA,NA,NA,NA,NA,6.1,NA,NA,NA,NA,NA
MANAGE_00684,Literature Sourced,NA,7/4/05,United States,IN,39.8902667,-84.982583,3,Cropping,22086190,2.230706,0,NA,33,5.676,NA,NA,0.162,NA,NA,NA,50,188,295,1100,NA,NA,NA,NA,NA,NA,NA,6.5,NA,NA,NA,NA,NA
MANAGE_00685,Literature Sourced,NA,7/4/05,United States,IN,39.9469472,-84.814678,3,Cropping,14616372,1.476252,0,NA,41,7.052,NA,NA,0.271,NA,NA,NA,40,120,495,1750,NA,NA,NA,NA,NA,NA,NA,6.5,NA,NA,NA,NA,NA
MANAGE_00686,Literature Sourced,NA,7/4/05,United States,IN,39.9468639,-84.812947,3,Cropping,14179740,1.432154,0,NA,48,8.256,NA,NA,0.25,NA,NA,NA,42,123,425,1750,NA,NA,NA,NA,NA,NA,NA,7.2,NA,NA,NA,NA,NA
MANAGE_00687,Literature Sourced,NA,7/4/05,United States,OH,39.9298917,-84.764358,3,Cropping,12238212,1.23606,0,NA,30,5.16,NA,NA,0.155,NA,NA,NA,33,123,470,1700,NA,NA,NA,NA,NA,NA,NA,7,NA,NA,NA,NA,NA
MANAGE_00688,Literature Sourced,NA,7/4/05,United States,OH,39.9307556,-84.767531,3,Cropping,46907344,4.737642,0,NA,28,4.816,NA,NA,0.138,NA,NA,NA,81,184,195,850,NA,NA,NA,NA,NA,NA,NA,5.6,NA,NA,NA,NA,NA
MANAGE_00689,Literature Sourced,NA,7/4/05,United States,IN,39.8126444,-84.910717,3,Cropping,44752760,4.52003,0,NA,25,4.3,NA,NA,0.185,NA,NA,NA,52,286,215,1200,NA,NA,NA,NA,NA,NA,NA,6.3,NA,NA,NA,NA,NA
MANAGE_00690,Literature Sourced,NA,7/4/05,United States,IN,39.8011417,-84.92135,3,Cropping,15808386,1.596646,0,NA,35,6.02,NA,NA,0.153,NA,NA,NA,111,300,195,1050,NA,NA,NA,NA,NA,NA,NA,5.3,NA,NA,NA,NA,NA
MANAGE_00691,Literature Sourced,NA,7/4/05,United States,IN,39.459325,-84.952186,3,Cropping,13309406,1.34425,0,NA,24,4.128,NA,NA,0.152,NA,NA,NA,29,120,165,900,NA,NA,NA,NA,NA,NA,NA,5.4,NA,NA,NA,NA,NA
MANAGE_00692,Literature Sourced,NA,7/4/05,United States,IN,39.4614667,-84.943131,3,Cropping,17382930,1.755676,0,NA,32,5.504,NA,NA,0.143,NA,NA,NA,51,199,320,1350,NA,NA,NA,NA,NA,NA,NA,6,NA,NA,NA,NA,NA
MANAGE_00693,Literature Sourced,NA,7/4/05,United States,IN,39.8791833,-84.97925,9,Cropping,10266562,1.036922,0,NA,29,4.988,NA,NA,0.15,NA,NA,NA,43,173,355,1000,NA,NA,NA,NA,NA,NA,NA,5.9,NA,NA,NA,NA,NA
MANAGE_00694,Literature Sourced,NA,7/4/05,United States,IN,39.8762972,-84.978867,9,Cropping,44126,0.004456,0,NA,35,6.02,NA,NA,0.122,NA,NA,NA,42,329,250,1200,NA,NA,NA,NA,NA,NA,NA,5.9,NA,NA,NA,NA,NA
MANAGE_00695,Literature Sourced,NA,7/4/05,United States,IN,39.8761306,-84.981764,9,Cropping,28947586,2.923706,0,NA,30,5.16,NA,NA,0.157,NA,NA,NA,43,154,270,1300,NA,NA,NA,NA,NA,NA,NA,6.1,NA,NA,NA,NA,NA
MANAGE_00696,Literature Sourced,NA,7/4/05,United States,IN,39.8797194,-84.982178,3,Cropping,12744830,1.287228,0,NA,28,4.816,NA,NA,0.113,NA,NA,NA,17,123,230,900,NA,NA,NA,NA,NA,NA,NA,5.6,NA,NA,NA,NA,NA
MANAGE_00697,Literature Sourced,NA,7/5/05,United States,IN,39.7653833,-84.847958,3,Cropping,NA,NA,0,NA,31,5.332,NA,NA,0.188,NA,NA,NA,28,176,140,1200,NA,NA,NA,NA,NA,NA,NA,6.3,NA,NA,NA,NA,NA
MANAGE_00698,Literature Sourced,NA,7/5/05,United States,IN,39.7737861,-84.816108,3,Cropping,36139972,3.650138,0,NA,36,6.192,NA,NA,0.219,NA,NA,NA,18,235,255,1650,NA,NA,NA,NA,NA,NA,NA,7.3,NA,NA,NA,NA,NA
MANAGE_00699,Literature Sourced,NA,7/5/05,United States,IN,39.7673639,-84.834247,3,Cropping,15369188,1.552288,0,NA,40,6.88,NA,NA,0.218,NA,NA,NA,24,236,170,1500,NA,NA,NA,NA,NA,NA,NA,6.5,NA,NA,NA,NA,NA
MANAGE_00700,Literature Sourced,NA,7/5/05,United States,IN,39.8996556,-85.004658,3,Cropping,15188682,1.534056,0,NA,29,4.988,NA,NA,0.198,NA,NA,NA,43,249,120,800,NA,NA,NA,NA,NA,NA,NA,5.2,NA,NA,NA,NA,NA
MANAGE_00701,Literature Sourced,NA,7/5/05,United States,IN,39.899675,-85.007883,3,Cropping,14243318,1.438576,0,NA,37,6.364,NA,NA,0.253,NA,NA,NA,35,208,255,1000,NA,NA,NA,NA,NA,NA,NA,5.6,NA,NA,NA,NA,NA
MANAGE_00702,Literature Sourced,NA,7/5/05,United States,IN,39.8877222,-84.981411,3,Cropping,12587806,1.271368,0,NA,37,6.364,NA,NA,0.22,NA,NA,NA,47,208,325,1200,NA,NA,NA,NA,NA,NA,NA,6.5,NA,NA,NA,NA,NA
MANAGE_00703,Literature Sourced,NA,7/5/05,United States,IN,39.8902667,-84.982583,3,Cropping,13390628,1.352454,0,NA,27,4.644,NA,NA,0.195,NA,NA,NA,43,169,260,950,NA,NA,NA,NA,NA,NA,NA,6.4,NA,NA,NA,NA,NA
MANAGE_00704,Literature Sourced,NA,7/5/05,United States,IN,39.9469472,-84.814678,3,Cropping,16360826,1.652444,0,NA,77,13.244,NA,NA,0.476,NA,NA,NA,192,234,565,2150,NA,NA,NA,NA,NA,NA,NA,6.9,NA,NA,NA,NA,NA
MANAGE_00705,Literature Sourced,NA,7/5/05,United States,OH,39.9298917,-84.764358,3,Cropping,11342190,1.14556,0,NA,36,6.192,NA,NA,0.221,NA,NA,NA,42,122,460,1700,NA,NA,NA,NA,NA,NA,NA,7.2,NA,NA,NA,NA,NA
MANAGE_00706,Literature Sourced,NA,7/5/05,United States,OH,39.9307556,-84.767531,3,Cropping,NA,NA,0,NA,29,4.988,NA,NA,0.18,NA,NA,NA,125,251,210,900,NA,NA,NA,NA,NA,NA,NA,5.7,NA,NA,NA,NA,NA
MANAGE_00707,Literature Sourced,NA,7/5/05,United States,IN,39.8126444,-84.910717,3,Cropping,NA,NA,0,NA,29,4.988,NA,NA,0.186,NA,NA,NA,82,283,245,1000,NA,NA,NA,NA,NA,NA,NA,5.6,NA,NA,NA,NA,NA
MANAGE_00708,Literature Sourced,NA,7/5/05,United States,IN,39.8011417,-84.92135,3,Cropping,17711804,1.788892,0,NA,35,6.02,NA,NA,0.211,NA,NA,NA,110,258,245,1300,NA,NA,NA,NA,NA,NA,NA,6.4,NA,NA,NA,NA,NA
MANAGE_00709,Literature Sourced,NA,7/5/05,United States,IN,39.459325,-84.952186,3,Cropping,22959914,2.318952,0,NA,26,4.472,NA,NA,0.171,NA,NA,NA,29,175,145,1350,NA,NA,NA,NA,NA,NA,NA,7,NA,NA,NA,NA,NA
MANAGE_00710,Literature Sourced,NA,7/5/05,United States,IN,39.4614667,-84.943131,3,Cropping,18712468,1.88996,0,NA,28,4.816,NA,NA,0.161,NA,NA,NA,29,118,265,1150,NA,NA,NA,NA,NA,NA,NA,6.1,NA,NA,NA,NA,NA
MANAGE_00711,Literature Sourced,NA,7/5/05,United States,IN,39.8791833,-84.97925,9,Cropping,18769310,1.8957,0,NA,32,5.504,NA,NA,0.185,NA,NA,NA,29,174,395,1000,NA,NA,NA,NA,NA,NA,NA,6.7,NA,NA,NA,NA,NA
MANAGE_00712,Literature Sourced,NA,7/5/05,United States,IN,39.8762972,-84.978867,9,Cropping,35856404,3.621498,0,NA,29,4.988,NA,NA,0.172,NA,NA,NA,40,220,235,1200,NA,NA,NA,NA,NA,NA,NA,5.6,NA,NA,NA,NA,NA
MANAGE_00713,Literature Sourced,NA,7/5/05,United States,IN,39.8761306,-84.981764,9,Cropping,18225844,1.84081,0,NA,26,4.472,NA,NA,0.16,NA,NA,NA,35,116,275,1200,NA,NA,NA,NA,NA,NA,NA,7,NA,NA,NA,NA,NA
MANAGE_00714,Literature Sourced,NA,7/5/05,United States,IN,39.8797194,-84.982178,3,Cropping,33349752,3.368326,0,NA,24,4.128,NA,NA,0.141,NA,NA,NA,18,123,335,1050,NA,NA,NA,NA,NA,NA,NA,6.7,NA,NA,NA,NA,NA
MANAGE_00715,MANAGE Research Network,NA,6/20/22,United States,CO,40.26249704,-103.80975,2,Cropping,101091374,15.163706,0,NA,11.6,2,NA,NA,NA,13.5,1,NA,80,373,501,1767,122,182,6.1,65,2.4,65,1.8,7.6,NA,NA,NA,NA,NA
MANAGE_00716,MANAGE Research Network,NA,6/20/22,United States,CO,40.26249704,-103.80975,2,Cropping,138383900,20.757584,1,NA,12.76,2.2,NA,NA,NA,16.7,1,NA,67,471,548,2058,108,172,5.6,54,2,46,2,7.5,NA,NA,NA,NA,NA
MANAGE_00717,MANAGE Research Network,NA,6/20/22,United States,CO,40.26249704,-103.80975,2,Cropping,96093118,14.413968,1,NA,8.12,1.4,NA,NA,NA,10,1,NA,133,306,399,2381,76,169,6.8,48,1.7,85,1.8,7.9,NA,NA,NA,NA,NA
MANAGE_00718,MANAGE Research Network,NA,6/20/22,United States,CO,40.26249704,-103.80975,2,Cropping,117573472,17.63602,3,NA,10.44,1.8,NA,NA,NA,9.7,1,NA,37,422,421,1403,101,145,4.7,43,1.5,50,1.4,7.4,NA,NA,NA,NA,NA
MANAGE_00719,MANAGE Research Network,NA,6/20/22,United States,CO,40.26249704,-103.80975,2,Cropping,124614852,18.692228,4,NA,10.44,1.8,NA,NA,NA,12.8,1.1,NA,78,348,457,1813,100,124,5.8,48,2.2,46,1.9,7.5,NA,NA,NA,NA,NA
MANAGE_00720,MANAGE Research Network,NA,6/20/22,United States,CO,40.26249704,-103.80975,2,Cropping,107120478,16.068072,3,NA,12.18,2.1,NA,NA,NA,18.8,1.7,NA,93,453,597,2022,128,179,7,51,2.7,47,2.1,7.5,NA,NA,NA,NA,NA
MANAGE_00721,MANAGE Research Network,NA,6/20/22,United States,CO,40.26249704,-103.80975,2,Cropping,105730030,15.859504,2,NA,11.6,2,NA,NA,NA,3,2.2,NA,17,402,648,5346,89,170,3.3,39,1.9,68,2.2,8.1,NA,NA,NA,NA,NA
MANAGE_00722,MANAGE Research Network,NA,6/20/22,United States,CO,40.26249704,-103.80975,2,Cropping,124523552,18.678532,3,NA,11.6,2,NA,NA,NA,10.5,1,NA,45,363,408,1551,94,115,5.6,52,1.8,49,1.4,7.2,NA,NA,NA,NA,NA
MANAGE_00723,MANAGE Research Network,NA,6/20/22,United States,CO,40.26249704,-103.80975,2,Cropping,103667062,15.55006,0,NA,13.34,2.3,NA,NA,NA,12.9,2.8,NA,30,379,622,5398,70,157,3.7,38,1.5,57,1.5,7.8,NA,NA,NA,NA,NA
MANAGE_00724,MANAGE Research Network,NA,6/20/22,United States,CO,40.26249704,-103.80975,2,Cropping,119768128,17.96522,3,NA,10.44,1.8,NA,NA,NA,21.5,1.5,NA,65,309,383,1571,90,117,5.4,53,1.6,44,1.2,7,NA,NA,NA,NA,NA
MANAGE_00725,MANAGE Research Network,NA,6/20/22,United States,CO,40.26249704,-103.80975,2,Cropping,107558722,16.133808,2,NA,12.18,2.1,NA,NA,NA,11.1,1,NA,46,376,458,1612,122,153,4.6,66,2,59,1.7,7.2,NA,NA,NA,NA,NA
MANAGE_00726,MANAGE Research Network,NA,6/20/22,United States,CO,40.26249704,-103.80975,2,Cropping,107354078,16.103112,2,NA,9.28,1.6,NA,NA,NA,5.7,1.3,NA,65,327,380,1600,110,133,6.1,44,2.3,62,1.8,7.8,NA,NA,NA,NA,NA
MANAGE_00727,MANAGE Research Network,NA,6/20/22,United States,CO,40.26249704,-103.80975,2,Cropping,107364782,16.104718,2,NA,12.18,2.1,NA,NA,NA,5.1,1,NA,133,529,595,2116,139,164,5.9,46,2.5,56,2.5,7.8,NA,NA,NA,NA,NA
MANAGE_00728,MANAGE Research Network,NA,6/20/22,United States,CO,40.26249704,-103.80975,2,Cropping,113374398,17.00616,0,NA,8.12,1.4,NA,NA,NA,10.3,1.2,NA,29,267,328,1111,77,93,5.5,47,1.6,28,1.1,7.2,NA,NA,NA,NA,NA
MANAGE_00729,MANAGE Research Network,NA,6/20/22,United States,CO,40.26249704,-103.80975,2,Cropping,100771612,15.115742,4,NA,12.18,2.1,NA,NA,NA,7.4,1,NA,109,401,485,1756,135,167,6.1,60,2.4,84,1.9,7.1,NA,NA,NA,NA,NA
MANAGE_00730,MANAGE Research Network,NA,6/20/22,United States,CO,40.26249704,-103.80975,2,Cropping,98098450,14.714768,0,NA,13.34,2.3,NA,NA,NA,11.1,1.9,NA,59,339,447,1545,116,147,6.8,53,2.2,52,1.5,7.3,NA,NA,NA,NA,NA
MANAGE_00731,MANAGE Research Network,NA,6/20/22,United States,CO,40.26249704,-103.80975,2,Cropping,120326248,18.048938,3,NA,9.86,1.7,NA,NA,NA,1.1,1,NA,109,313,373,1427,97,120,7,61,1.9,47,1.4,7.4,NA,NA,NA,NA,NA
MANAGE_00732,MANAGE Research Network,NA,6/20/22,United States,CO,40.26249704,-103.80975,2,Cropping,121344092,18.201614,3,NA,11.02,1.9,NA,NA,NA,13.4,1.5,NA,180,322,421,1820,116,176,8.8,58,2.4,76,2.1,7.6,NA,NA,NA,NA,NA
MANAGE_00733,MANAGE Research Network,NA,6/20/22,United States,CO,40.26249704,-103.80975,2,Cropping,131144278,19.671642,4,NA,9.28,1.6,NA,NA,NA,8.5,1.3,NA,112,301,387,1569,101,119,8.6,53,2.3,46,1.7,7.4,NA,NA,NA,NA,NA
MANAGE_00734,MANAGE Research Network,NA,6/20/22,United States,CO,40.26249704,-103.80975,2,Cropping,122919274,18.437892,0,NA,7.54,1.3,NA,NA,NA,12.7,1.1,NA,17,245,300,999,69,104,4.7,49,1.1,37,0.8,7.3,NA,NA,NA,NA,NA
MANAGE_00735,MANAGE Research Network,NA,6/20/22,United States,CO,40.26249704,-103.80975,2,Cropping,87936292,13.190444,0,NA,12.18,2.1,NA,NA,NA,8.4,1.4,NA,81,432,549,1916,146,142,6.1,54,2.6,42,2.1,7.6,NA,NA,NA,NA,NA
MANAGE_00736,MANAGE Research Network,NA,6/20/22,United States,CO,40.26249704,-103.80975,2,Cropping,158070548,23.710582,5,NA,9.28,1.6,NA,NA,NA,7.1,1.2,NA,63,370,402,1419,100,125,5.8,114,2.1,38,1.4,7.2,NA,NA,NA,NA,NA
MANAGE_00737,MANAGE Research Network,NA,6/20/22,United States,CO,40.26249704,-103.80975,2,Cropping,137023476,20.553522,1,NA,7.54,1.3,NA,NA,NA,6.5,1,NA,31,284,341,1129,84,123,5.2,71,1.6,44,1.1,7.4,NA,NA,NA,NA,NA
MANAGE_00738,MANAGE Research Network,NA,8/22/22,United States,CO,40.55422215,-104.39369,2,Cropping,87669188,13.150378,2,NA,11.6,2,NA,NA,NA,NA,NA,NA,75,292,736,4285,94,167,6.1,45,4.1,140,2.6,7.9,NA,NA,48,NA,NA
MANAGE_00739,MANAGE Research Network,NA,8/22/22,United States,CO,40.55422215,-104.39369,2,Cropping,104951628,15.742744,0,NA,12.18,2.1,NA,NA,NA,NA,NA,NA,74,284,706,4955,83,154,6.1,39,4,135,2.7,7.9,NA,NA,48,NA,NA
MANAGE_00740,MANAGE Research Network,NA,8/22/22,United States,CO,40.55422215,-104.39369,2,Cropping,108246194,16.23693,1,NA,13.92,2.4,NA,NA,NA,NA,NA,NA,74,283,760,4357,98,180,6,45,4.2,136,2.8,8,NA,NA,48,NA,NA
MANAGE_00741,MANAGE Research Network,NA,8/22/22,United States,CO,40.55422215,-104.39369,2,Cropping,432540114,64.881018,12,NA,14.5,2.5,NA,NA,NA,NA,NA,NA,77,312,710,4351,93,134,6,44,3.9,125,2.8,8.3,NA,NA,48,NA,NA
MANAGE_00742,MANAGE Research Network,NA,8/22/22,United States,CO,40.55422215,-104.39369,2,Cropping,82534162,12.380124,0,NA,11.02,1.9,NA,NA,NA,NA,NA,NA,79,270,675,4092,89,161,5.7,45,3.9,147,2.6,8,NA,NA,48,NA,NA
MANAGE_00743,MANAGE Research Network,NA,8/22/22,United States,CO,40.55422215,-104.39369,2,Cropping,105978506,15.896776,3,NA,12.76,2.2,NA,NA,NA,NA,NA,NA,68,275,718,5037,89,144,6.2,38,3.9,110,2.6,8.1,NA,NA,48,NA,NA
MANAGE_00744,MANAGE Research Network,NA,8/22/22,United States,CO,40.55422215,-104.39369,2,Cropping,292830250,43.924538,14,NA,11.6,2,NA,NA,NA,NA,NA,NA,77,290,681,4510,91,137,5.8,42,3.9,103,2.5,8.2,NA,NA,48,NA,NA
MANAGE_00745,MANAGE Research Network,NA,8/22/22,United States,CO,40.55422215,-104.39369,2,Cropping,82892174,12.433826,1,NA,12.18,2.1,NA,NA,NA,NA,NA,NA,75,267,691,4955,84,149,6,39,3.8,138,2.6,8,NA,NA,48,NA,NA
MANAGE_00746,MANAGE Research Network,NA,8/22/22,United States,CO,40.55422215,-104.39369,2,Cropping,81047714,12.157158,0,NA,12.18,2.1,NA,NA,NA,NA,NA,NA,73,262,723,5059,86,145,6.1,38,4,113,2.6,8,NA,NA,48,NA,NA
MANAGE_00747,MANAGE Research Network,NA,8/22/22,United States,CO,40.55422215,-104.39369,2,Cropping,84024968,12.603746,1,NA,12.18,2.1,NA,NA,NA,NA,NA,NA,80,310,729,4715,91,161,6.1,44,4.2,154,2.7,8,NA,NA,48,NA,NA
MANAGE_00748,MANAGE Research Network,NA,8/22/22,United States,CO,40.55422215,-104.39369,2,Cropping,80378046,12.056706,1,NA,10.44,1.8,NA,NA,NA,NA,NA,NA,74,265,706,5062,85,138,5.8,38,3.9,122,2.6,8,NA,NA,48,NA,NA
MANAGE_00749,MANAGE Research Network,NA,8/22/22,United States,CO,40.55422215,-104.39369,2,Cropping,105535482,15.830322,5,NA,12.18,2.1,NA,NA,NA,NA,NA,NA,67,271,723,4174,91,167,5.6,43,4,130,2.6,8,NA,NA,48,NA,NA
MANAGE_00750,MANAGE Research Network,NA,8/22/22,United States,CO,40.55422215,-104.39369,2,Cropping,98217114,14.732568,1,NA,10.44,1.8,NA,NA,NA,NA,NA,NA,78,271,693,4884,89,160,5.8,42,4.1,129,2.6,8.1,NA,NA,48,NA,NA
MANAGE_00751,MANAGE Research Network,NA,8/22/22,United States,CO,40.55422215,-104.39369,2,Cropping,85250006,12.7875,1,NA,11.6,2,NA,NA,NA,NA,NA,NA,75,294,705,3991,93,145,6,43,3.9,134,2.6,8.2,NA,NA,48,NA,NA
MANAGE_00752,MANAGE Research Network,NA,8/22/22,United States,CO,40.55422215,-104.39369,2,Cropping,105538526,15.830778,1,NA,10.44,1.8,NA,NA,NA,NA,NA,NA,71,255,733,5048,88,160,6.2,38,4,117,2.6,8.1,NA,NA,48,NA,NA
MANAGE_00753,MANAGE Research Network,NA,8/22/22,United States,CO,40.55422215,-104.39369,2,Cropping,105393088,15.808964,0,NA,11.6,2,NA,NA,NA,NA,NA,NA,78,294,682,4799,86,158,6.1,42,3.9,149,2.5,8,NA,NA,48,NA,NA
MANAGE_00754,MANAGE Research Network,NA,8/22/22,United States,CO,40.55422215,-104.39369,2,Cropping,104738740,15.71081,0,NA,10.44,1.8,NA,NA,NA,NA,NA,NA,80,317,729,4222,95,158,6.5,44,4.2,137,2.7,8,NA,NA,48,NA,NA
MANAGE_00755,MANAGE Research Network,NA,8/22/22,United States,CO,40.55422215,-104.39369,2,Cropping,87793694,13.169054,0,NA,9.86,1.7,NA,NA,NA,NA,NA,NA,69,261,706,4852,84,159,5.8,37,3.9,126,2.6,8.1,NA,NA,48,NA,NA
MANAGE_00756,MANAGE Research Network,NA,8/22/22,United States,CO,40.55422215,-104.39369,2,Cropping,146448002,21.9672,3,NA,11.6,2,NA,NA,NA,NA,NA,NA,79,277,695,4921,89,148,6.5,42,4.2,129,2.6,8.1,NA,NA,48,NA,NA
MANAGE_00757,MANAGE Research Network,NA,8/22/22,United States,CO,40.55422215,-104.39369,2,Cropping,104290810,15.643622,1,NA,10.44,1.8,NA,NA,NA,NA,NA,NA,72,278,704,4953,90,156,6,39,4,145,2.6,8.1,NA,NA,48,NA,NA
MANAGE_00758,MANAGE Research Network,NA,8/22/22,United States,CO,40.55422215,-104.39369,2,Cropping,105983728,15.89756,1,NA,12.76,2.2,NA,NA,NA,NA,NA,NA,68,289,714,4115,96,157,5.6,43,3.9,134,2.6,7.9,NA,NA,48,NA,NA
MANAGE_00759,MANAGE Research Network,NA,8/22/22,United States,CO,40.55422215,-104.39369,2,Cropping,94906268,14.23594,1,NA,9.86,1.7,NA,NA,NA,NA,NA,NA,79,311,678,5072,87,134,6,41,3.9,121,2.6,8.1,NA,NA,48,NA,NA
MANAGE_00760,MANAGE Research Network,NA,8/22/22,United States,CO,40.55422215,-104.39369,2,Cropping,94684234,14.202636,1,NA,11.02,1.9,NA,NA,NA,NA,NA,NA,76,302,701,4135,93,147,6.2,43,4,140,2.7,8,NA,NA,48,NA,NA
MANAGE_00761,MANAGE Research Network,NA,8/22/22,United States,CO,40.55422215,-104.39369,2,Cropping,105587864,15.83818,1,NA,8.12,1.4,NA,NA,NA,NA,NA,NA,72,261,731,4981,92,152,6.3,41,4,125,2.7,8.1,NA,NA,48,NA,NA
MANAGE_00762,MANAGE Research Network,NA,8/22/22,United States,CO,40.55422215,-104.39369,2,Cropping,94708720,14.206308,1,NA,11.02,1.9,NA,NA,NA,NA,NA,NA,80,303,725,5009,90,139,6.2,41,4.2,120,2.7,8.1,NA,NA,48,NA,NA
MANAGE_00763,MANAGE Research Network,NA,8/22/22,United States,CO,40.55422215,-104.39369,2,Cropping,103345604,15.50184,1,NA,11.6,2,NA,NA,NA,NA,NA,NA,81,275,714,4456,94,177,6.3,43,4,147,2.7,8,NA,NA,48,NA,NA
MANAGE_00764,MANAGE Research Network,NA,8/22/22,United States,CO,40.55422215,-104.39369,2,Cropping,103442772,15.516416,2,NA,11.02,1.9,NA,NA,NA,NA,NA,NA,64,261,667,3919,89,123,5.1,40,3.6,103,2.4,8.1,NA,NA,48,NA,NA
MANAGE_00765,MANAGE Research Network,NA,8/23/22,United States,CO,40.55422215,-104.39369,2,Cropping,91986512,13.797976,0,NA,10.44,1.8,NA,NA,NA,NA,NA,NA,72,283,714,4381,96,138,5.9,47,4,126,2.8,8,NA,NA,48,NA,NA
MANAGE_00766,MANAGE Research Network,NA,8/23/22,United States,CO,40.55422215,-104.39369,2,Cropping,103766406,15.56496,0,NA,11.02,1.9,NA,NA,NA,NA,NA,NA,76,265,694,5004,86,154,5.7,39,3.7,128,2.8,8.1,NA,NA,48,NA,NA
MANAGE_00767,MANAGE Research Network,NA,8/23/22,United States,CO,40.55422215,-104.39369,2,Cropping,110239938,16.53599,0,NA,9.86,1.7,NA,NA,NA,NA,NA,NA,76,277,744,4590,101,164,6.6,46,4,139,2.9,8,NA,NA,48,NA,NA
MANAGE_00768,MANAGE Research Network,NA,8/23/22,United States,CO,40.55422215,-104.39369,2,Cropping,105322022,15.798304,0,NA,11.6,2,NA,NA,NA,NA,NA,NA,77,288,702,4645,100,140,6,44,3.8,120,2.7,7.7,NA,NA,48,NA,NA
MANAGE_00769,MANAGE Research Network,NA,8/23/22,United States,CO,40.55422215,-104.39369,2,Cropping,104447162,15.667074,0,NA,10.44,1.8,NA,NA,NA,NA,NA,NA,87,275,687,4522,103,159,6.3,45,3.8,175,3,7.9,NA,NA,48,NA,NA
MANAGE_00770,MANAGE Research Network,NA,8/23/22,United States,CO,40.55422215,-104.39369,2,Cropping,127375630,19.106344,2,NA,11.6,2,NA,NA,NA,NA,NA,NA,70,264,714,5144,85,144,6,38,3.6,158,2.6,7.7,NA,NA,48,NA,NA
MANAGE_00771,MANAGE Research Network,NA,8/23/22,United States,CO,40.55422215,-104.39369,2,Cropping,102742646,15.411396,0,NA,12.18,2.1,NA,NA,NA,NA,NA,NA,77,292,705,4891,92,143,6,44,3.9,113,2.7,7.8,NA,NA,48,NA,NA
MANAGE_00772,MANAGE Research Network,NA,8/23/22,United States,CO,40.55422215,-104.39369,2,Cropping,97641792,14.646268,0,NA,10.44,1.8,NA,NA,NA,NA,NA,NA,76,291,721,5114,91,133,6,41,3.9,113,2.9,8,NA,NA,48,NA,NA
MANAGE_00773,MANAGE Research Network,NA,8/23/22,United States,CO,40.55422215,-104.39369,2,Cropping,114055574,17.108336,4,NA,10.44,1.8,NA,NA,NA,NA,NA,NA,69,212,639,5050,83,128,5.9,33,3.4,100,2.6,8.1,NA,NA,48,NA,NA
MANAGE_00774,MANAGE Research Network,NA,8/23/22,United States,CO,40.55422215,-104.39369,2,Cropping,103084892,15.462734,0,NA,12.18,2.1,NA,NA,NA,NA,NA,NA,83,308,756,5066,102,158,6.7,46,4.2,150,2.9,8,NA,NA,48,NA,NA
MANAGE_00775,MANAGE Research Network,NA,8/23/22,United States,CO,40.55422215,-104.39369,2,Cropping,107448022,16.117204,1,NA,11.02,1.9,NA,NA,NA,NA,NA,NA,71,225,665,4960,86,150,5.9,37,3.5,140,2.8,8.1,NA,NA,48,NA,NA
MANAGE_00776,MANAGE Research Network,NA,8/23/22,United States,CO,40.55422215,-104.39369,2,Cropping,102223938,15.33359,0,NA,11.02,1.9,NA,NA,NA,NA,NA,NA,70,277,738,4632,99,145,5.7,44,3.9,111,2.9,7.7,NA,NA,48,NA,NA
MANAGE_00777,MANAGE Research Network,NA,8/23/22,United States,CO,40.55422215,-104.39369,2,Cropping,102155096,15.323264,1,NA,10.44,1.8,NA,NA,NA,NA,NA,NA,78,255,627,4729,91,140,5.8,41,3.4,131,2.6,8,NA,NA,48,NA,NA
MANAGE_00778,MANAGE Research Network,NA,8/23/22,United States,CO,40.55422215,-104.39369,2,Cropping,102769656,15.415448,1,NA,13.34,2.3,NA,NA,NA,NA,NA,NA,79,289,724,4216,100,132,6.2,46,3.8,118,2.8,7.8,NA,NA,48,NA,NA
MANAGE_00779,MANAGE Research Network,NA,8/23/22,United States,CO,40.55422215,-104.39369,2,Cropping,118011206,17.70168,1,NA,10.44,1.8,NA,NA,NA,NA,NA,NA,76,277,688,5187,91,119,6,38,3.6,106,2.9,8,NA,NA,48,NA,NA
MANAGE_00780,MANAGE Research Network,NA,8/23/22,United States,CO,40.55422215,-104.39369,2,Cropping,103848196,15.57723,1,NA,10.44,1.8,NA,NA,NA,NA,NA,NA,80,275,641,5195,90,134,6,39,3.6,130,2.6,7.9,NA,NA,48,NA,NA
MANAGE_00781,MANAGE Research Network,NA,8/23/22,United States,CO,40.55422215,-104.39369,2,Cropping,97573454,14.636018,0,NA,10.44,1.8,NA,NA,NA,NA,NA,NA,77,255,672,4127,98,160,5.9,46,3.7,159,2.7,7.5,NA,NA,48,NA,NA
MANAGE_00782,MANAGE Research Network,NA,8/23/22,United States,CO,40.55422215,-104.39369,2,Cropping,92795288,13.919294,0,NA,11.02,1.9,NA,NA,NA,NA,NA,NA,77,292,727,5122,87,128,6,39,3.8,94,2.9,8.2,NA,NA,48,NA,NA
MANAGE_00783,MANAGE Research Network,NA,8/23/22,United States,CO,40.55422215,-104.39369,2,Cropping,94378758,14.156814,1,NA,12.18,2.1,NA,NA,NA,NA,NA,NA,81,274,690,5085,91,141,6.1,41,3.9,134,2.7,7.8,NA,NA,48,NA,NA
MANAGE_00784,MANAGE Research Network,NA,8/23/22,United States,CO,40.55422215,-104.39369,2,Cropping,104915210,15.737282,0,NA,11.6,2,NA,NA,NA,NA,NA,NA,72,266,716,5017,90,156,5.9,41,3.7,158,2.7,7.8,NA,NA,48,NA,NA
MANAGE_00785,MANAGE Research Network,NA,8/23/22,United States,CO,40.55422215,-104.39369,2,Cropping,116569944,17.485492,0,NA,11.6,2,NA,NA,NA,NA,NA,NA,76,298,722,4446,102,125,5.8,42,3.6,102,3.1,7.9,NA,NA,48,NA,NA
MANAGE_00786,MANAGE Research Network,NA,8/23/22,United States,CO,40.55422215,-104.39369,2,Cropping,94979400,14.24691,0,NA,11.02,1.9,NA,NA,NA,NA,NA,NA,81,260,648,4922,91,140,6.2,39,3.6,137,2.8,8.1,NA,NA,48,NA,NA
MANAGE_00787,MANAGE Research Network,NA,8/23/22,United States,CO,40.55422215,-104.39369,2,Cropping,106159662,15.92395,1,NA,11.6,2,NA,NA,NA,NA,NA,NA,75,259,640,4158,93,136,6,42,3.6,128,2.8,8,NA,NA,48,NA,NA
MANAGE_00788,MANAGE Research Network,NA,8/23/22,United States,CO,40.55422215,-104.39369,2,Cropping,119885890,17.982884,1,NA,11.6,2,NA,NA,NA,NA,NA,NA,72,248,677,4965,93,138,5.7,42,3.4,153,2.8,7.3,NA,NA,48,NA,NA
MANAGE_00789,MANAGE Research Network,NA,8/23/22,United States,CO,40.55422215,-104.39369,2,Cropping,102870202,15.43053,0,NA,9.86,1.7,NA,NA,NA,NA,NA,NA,83,273,702,5171,85,135,6.5,41,3.9,125,2.8,7.8,NA,NA,48,NA,NA
MANAGE_00790,MANAGE Research Network,NA,8/23/22,United States,CO,40.55422215,-104.39369,2,Cropping,103665358,15.549804,0,NA,11.6,2,NA,NA,NA,NA,NA,NA,85,282,689,4612,98,157,6.7,47,3.8,149,2.8,7.3,NA,NA,48,NA,NA
MANAGE_00791,MANAGE Research Network,NA,8/23/22,United States,CO,40.55422215,-104.39369,2,Cropping,104144416,15.621662,0,NA,12.18,2.1,NA,NA,NA,NA,NA,NA,61,233,675,4422,93,160,5.4,39,3.6,140,2.5,7.8,NA,NA,48,NA,NA
MANAGE_00792,MANAGE Research Network,NA,6/20/22,United States,CO,40.55422215,-104.39369,2,Cropping,95254334,14.28815,4,NA,5.22,0.9,NA,NA,NA,4.6,4.2,NA,65,266,151,691,66,40,0.6,112,0.7,6,0.1,6,NA,NA,NA,NA,NA
MANAGE_00793,MANAGE Research Network,NA,6/20/22,United States,CO,40.55422215,-104.39369,2,Cropping,115826214,17.373932,5,NA,6.38,1.1,NA,NA,NA,3.1,1,NA,39,258,261,1403,64,13,0.5,80,0.8,9,0.3,6.6,NA,NA,NA,NA,NA
MANAGE_00794,MANAGE Research Network,NA,6/20/22,United States,CO,40.55422215,-104.39369,2,Cropping,86560582,12.984088,4,NA,8.12,1.4,NA,NA,NA,4.1,1.2,NA,39,308,504,1568,75,120,0.6,87,1.1,7,0.6,6.7,NA,NA,NA,NA,NA
MANAGE_00795,MANAGE Research Network,NA,6/20/22,United States,CO,40.55422215,-104.39369,2,Cropping,112658098,16.898714,2,NA,11.6,2,NA,NA,NA,3.1,1,NA,18,277,556,7300,39,30,0.7,31,1.4,14,0.9,7.7,NA,NA,NA,NA,NA
MANAGE_00796,MANAGE Research Network,NA,6/20/22,United States,CO,40.55422215,-104.39369,2,Cropping,98804668,14.8207,3,NA,5.22,0.9,NA,NA,NA,1.5,1,NA,60,242,225,1449,54,12,0.5,69,0.8,5,0.3,6.8,NA,NA,NA,NA,NA
MANAGE_00797,MANAGE Research Network,NA,6/20/22,United States,CO,40.55422215,-104.39369,2,Cropping,101330322,15.199548,1,NA,7.54,1.3,NA,NA,NA,2.7,1,NA,29,255,422,3419,49,37,0.6,64,0.9,11,0.5,7.1,NA,NA,NA,NA,NA
MANAGE_00798,MANAGE Research Network,NA,6/20/22,United States,CO,40.55422215,-104.39369,2,Cropping,92580320,13.887048,1,NA,4.06,0.7,NA,NA,NA,4.8,1,NA,41,261,155,877,61,13,0.5,85,0.5,8,0.2,6.3,NA,NA,NA,NA,NA
MANAGE_00799,MANAGE Research Network,NA,6/20/22,United States,CO,40.55422215,-104.39369,2,Cropping,113349746,17.002462,4,NA,6.96,1.2,NA,NA,NA,1.7,1,NA,83,560,561,2015,69,39,0.8,87,1.4,9,0.8,7.2,NA,NA,NA,NA,NA
MANAGE_00800,MANAGE Research Network,NA,6/20/22,United States,CO,40.55422215,-104.39369,2,Cropping,94071476,14.110722,2,NA,8.12,1.4,NA,NA,NA,2.1,1,NA,32,338,607,4766,45,311,0.7,58,0.9,62,0.7,7.5,NA,NA,NA,NA,NA
MANAGE_00801,MANAGE Research Network,NA,6/20/22,United States,CO,40.55422215,-104.39369,2,Cropping,104766516,15.714978,0,NA,10.44,1.8,NA,NA,NA,7.5,1,NA,29,343,564,4002,89,36,0.9,53,1.3,11,0.6,7.3,NA,NA,NA,NA,NA
MANAGE_00802,MANAGE Research Network,NA,6/20/22,United States,CO,40.55422215,-104.39369,2,Cropping,121672192,18.250828,0,NA,6.96,1.2,NA,NA,NA,3.5,1,NA,26,275,490,4333,58,148,0.7,55,0.9,20,0.5,7.1,NA,NA,NA,NA,NA
MANAGE_00803,MANAGE Research Network,NA,6/20/22,United States,CO,40.55422215,-104.39369,2,Cropping,128236256,19.235438,1,NA,6.38,1.1,NA,NA,NA,4.3,1,NA,45,337,366,1782,64,33,0.7,76,0.8,12,0.4,7,NA,NA,NA,NA,NA
MANAGE_00804,MANAGE Research Network,NA,6/20/22,United States,CO,40.55422215,-104.39369,2,Cropping,101173442,15.176016,3,NA,7.54,1.3,NA,NA,NA,4.9,1,NA,33,304,456,3490,108,63,1,43,1.5,11,0.7,7.9,NA,NA,NA,NA,NA
MANAGE_00805,MANAGE Research Network,NA,6/20/22,United States,CO,40.55422215,-104.39369,2,Cropping,93844578,14.076686,2,NA,7.54,1.3,NA,NA,NA,5.1,1,NA,48,385,223,2548,135,18,1,40,1.5,9,0.7,8.2,NA,NA,NA,NA,NA
MANAGE_00806,MANAGE Research Network,NA,6/20/22,United States,CO,40.55422215,-104.39369,2,Cropping,104653776,15.698066,1,NA,8.7,1.5,NA,NA,NA,1.8,1,NA,43,366,414,2861,131,22,0.9,44,1.8,6,1,8.2,NA,NA,NA,NA,NA
MANAGE_00807,MANAGE Research Network,NA,6/20/22,United States,CO,40.55422215,-104.39369,2,Cropping,147100962,22.065144,1,NA,9.28,1.6,NA,NA,NA,6.7,1,NA,59,488,276,3704,134,27,1.2,33,1.6,15,1.1,8.1,NA,NA,NA,NA,NA
MANAGE_00808,MANAGE Research Network,NA,6/20/22,United States,CO,40.55422215,-104.39369,2,Cropping,134755644,20.213346,3,NA,7.54,1.3,NA,NA,NA,1.3,1,NA,28,274,913,10473,47,461,0.9,26,1.6,208,1.8,8.3,NA,NA,NA,NA,NA
MANAGE_00809,MANAGE Research Network,NA,6/20/22,United States,CO,40.55422215,-104.39369,2,Cropping,137648260,20.647238,3,NA,11.02,1.9,NA,NA,NA,1,1,NA,25,407,405,6413,116,38,0.9,27,1.7,22,1.1,8,NA,NA,NA,NA,NA
MANAGE_00810,MANAGE Research Network,NA,6/20/22,United States,CO,40.55422215,-104.39369,2,Cropping,134541378,20.181206,0,NA,10.44,1.8,NA,NA,NA,4.2,1,NA,17,363,551,4340,105,46,0.8,35,1.6,16,1,7.9,NA,NA,NA,NA,NA
MANAGE_00811,MANAGE Research Network,NA,6/20/22,United States,CO,40.55422215,-104.39369,2,Cropping,152000720,22.800108,3,NA,11.02,1.9,NA,NA,NA,4.1,1.1,NA,38,329,599,5825,94,104,1,34,1.6,16,1.2,8.1,NA,NA,NA,NA,NA
MANAGE_00812,MANAGE Research Network,NA,6/20/22,United States,CO,40.55422215,-104.39369,2,Cropping,122008750,18.301312,2,NA,11.6,2,NA,NA,NA,8.2,1.2,NA,106,357,453,4198,177,193,4.4,49,2.9,38,1.9,7.9,NA,NA,NA,NA,NA
MANAGE_00813,MANAGE Research Network,NA,6/20/22,United States,CO,40.55422215,-104.39369,2,Cropping,117338948,17.600842,3,NA,9.28,1.6,NA,NA,NA,5.1,2.9,NA,44,260,560,6287,99,279,3.1,31,2.4,79,2.3,7.9,NA,NA,NA,NA,NA
MANAGE_00814,MANAGE Research Network,NA,6/20/22,United States,CO,40.55422215,-104.39369,2,Cropping,124383140,18.657472,1,NA,12.76,2.2,NA,NA,NA,6,1.9,NA,54,336,593,6854,78,277,4,27,2.4,70,2.5,8.2,NA,NA,NA,NA,NA
MANAGE_00815,MANAGE Research Network,NA,6/20/22,United States,CO,40.55422215,-104.39369,2,Cropping,134331454,20.149718,0,NA,9.86,1.7,NA,NA,NA,5.4,1.8,NA,35,262,626,7120,68,260,2.8,27,2.5,50,2.2,8.2,NA,NA,NA,NA,NA
MANAGE_00816,MANAGE Research Network,NA,6/20/22,United States,CO,40.55422215,-104.39369,2,Cropping,131313566,19.697034,0,NA,11.02,1.9,NA,NA,NA,8.4,2.3,NA,34,224,654,7544,68,299,3.5,25,2.4,72,2.4,8.2,NA,NA,NA,NA,NA
MANAGE_00817,MANAGE Research Network,NA,6/20/22,United States,CO,40.55422215,-104.39369,2,Cropping,132897432,19.934614,1,NA,10.44,1.8,NA,NA,NA,4.1,1.6,NA,46,330,825,8555,66,478,2.5,34,2.8,94,2.4,8.3,NA,NA,NA,NA,NA
MANAGE_00818,MANAGE Research Network,NA,6/20/22,United States,CO,40.55422215,-104.39369,2,Cropping,108740448,16.311068,1,NA,8.7,1.5,NA,NA,NA,5.4,2.6,NA,23,188,671,8099,57,227,3,22,1.7,48,1.5,8.1,NA,NA,NA,NA,NA
MANAGE_00819,MANAGE Research Network,NA,6/20/22,United States,CO,40.55422215,-104.39369,2,Cropping,94975290,14.246294,0,NA,10.44,1.8,NA,NA,NA,5.2,2,NA,33,229,697,7519,61,262,3.3,25,2.2,70,2.1,8.3,NA,NA,NA,NA,NA
MANAGE_00820,MANAGE Research Network,NA,6/20/22,United States,CO,40.55422215,-104.39369,2,Cropping,121291672,18.19375,1,NA,9.28,1.6,NA,NA,NA,3.8,2.4,NA,29,187,666,8595,55,294,3.1,24,1.8,77,1.5,8.2,NA,NA,NA,NA,NA
MANAGE_00821,MANAGE Research Network,NA,6/20/22,United States,CO,40.55422215,-104.39369,2,Cropping,133219698,19.982954,1,NA,10.44,1.8,NA,NA,NA,16.6,2.2,NA,42,239,599,7067,66,281,3.1,29,1.9,55,2.3,8.2,NA,NA,NA,NA,NA
MANAGE_00822,MANAGE Research Network,NA,6/20/22,United States,CO,40.55422215,-104.39369,2,Cropping,127366140,19.104922,2,NA,11.6,2,NA,NA,NA,5,2,NA,28,183,736,8280,53,339,3.1,25,1.9,102,1.8,8,NA,NA,NA,NA,NA
MANAGE_00823,MANAGE Research Network,NA,6/20/22,United States,CO,40.55422215,-104.39369,2,Cropping,122576740,18.38651,0,NA,9.28,1.6,NA,NA,NA,5.5,2.1,NA,32,214,569,6415,72,251,3.3,27,2.1,49,2,8.4,NA,NA,NA,NA,NA
MANAGE_00824,MANAGE Research Network,NA,6/20/22,United States,CO,40.55422215,-104.39369,2,Cropping,86510568,12.976586,1,NA,10.44,1.8,NA,NA,NA,7.7,1.4,NA,113,328,473,3304,163,265,4.3,51,2.8,37,2.1,8.1,NA,NA,NA,NA,NA
MANAGE_00825,MANAGE Research Network,NA,6/20/22,United States,CO,40.55422215,-104.39369,2,Cropping,105126004,15.7689,1,NA,11.6,2,NA,NA,NA,8.3,1.7,NA,67,316,529,4587,147,306,3.9,49,2.5,63,2.4,8.2,NA,NA,NA,NA,NA
MANAGE_00826,MANAGE Research Network,NA,6/20/22,United States,CO,40.55422215,-104.39369,2,Cropping,77266314,11.589948,1,NA,11.6,2,NA,NA,NA,7.4,1.7,NA,69,445,723,6056,161,359,4.6,52,3.6,53,2.8,8.2,NA,NA,NA,NA,NA
MANAGE_00827,MANAGE Research Network,NA,6/20/22,United States,CO,40.55422215,-104.39369,2,Cropping,89596326,13.439448,0,NA,12.18,2.1,NA,NA,NA,5.8,1.3,NA,98,305,447,2817,166,234,3.9,49,2.5,31,2.1,7.9,NA,NA,NA,NA,NA
MANAGE_00828,MANAGE Research Network,NA,6/20/22,United States,CO,40.55422215,-104.39369,2,Cropping,106258730,15.93881,5,NA,10.44,1.8,NA,NA,NA,8.9,1.1,NA,86,348,457,2913,171,364,3.9,48,2.4,82,2.2,8,NA,NA,NA,NA,NA
MANAGE_00829,MANAGE Research Network,NA,6/20/22,United States,CO,40.55422215,-104.39369,2,Cropping,79545860,11.93188,1,NA,10.44,1.8,NA,NA,NA,4.6,1.4,NA,60,307,537,4613,133,214,3.8,42,2.5,35,2.2,8.2,NA,NA,NA,NA,NA
MANAGE_00830,MANAGE Research Network,NA,6/20/22,United States,IL,38.47021464,-89.928252,9,Cropping,93975420,14.096314,0,NA,11.02,1.9,NA,NA,NA,28.2,6.6,NA,28,146,354,3338,178,30,2.4,186,1.4,16,0.4,6.8,NA,NA,NA,NA,NA
MANAGE_00831,MANAGE Research Network,NA,6/20/22,United States,IL,38.47021464,-89.928252,9,Cropping,127463126,19.119468,2,NA,12.18,2.1,NA,NA,NA,19.6,2,NA,74,154,146,2102,204,26,3.2,282,1,16,0.4,6.3,NA,NA,NA,NA,NA
MANAGE_00832,MANAGE Research Network,NA,6/20/22,United States,IL,38.47021464,-89.928252,9,Cropping,98903972,14.835596,0,NA,13.92,2.4,NA,NA,NA,18.6,5.6,NA,56,216,652,3742,118,44,2.6,336,1.4,20,0.4,5.6,NA,NA,NA,NA,NA
MANAGE_00833,MANAGE Research Network,NA,6/20/22,United States,IL,38.47021464,-89.928252,9,Cropping,99545536,14.93183,1,NA,12.18,2.1,NA,NA,NA,31.4,2,NA,56,162,134,2182,158,22,2.4,226,1,14,0.4,6.4,NA,NA,NA,NA,NA
MANAGE_00834,MANAGE Research Network,NA,6/20/22,United States,IL,38.47021464,-89.928252,9,Cropping,95892066,14.38381,1,NA,13.34,2.3,NA,NA,NA,10.2,6.8,NA,60,258,748,4148,132,42,2.8,380,2.8,18,0.4,6.5,NA,NA,NA,NA,NA
MANAGE_00835,MANAGE Research Network,NA,6/20/22,United States,IL,38.47021464,-89.928252,9,Cropping,114746148,17.211922,3,NA,10.44,1.8,NA,NA,NA,23.6,2.4,NA,42,140,134,1964,224,22,3.6,230,1.2,12,0.4,6.7,NA,NA,NA,NA,NA
MANAGE_00836,MANAGE Research Network,NA,6/20/22,United States,IL,38.47021464,-89.928252,9,Cropping,113524212,17.028632,1,NA,11.6,2,NA,NA,NA,19.2,2,NA,74,124,186,2426,202,30,3.2,330,1.2,16,0.4,6.9,NA,NA,NA,NA,NA
MANAGE_00837,MANAGE Research Network,NA,6/20/22,United States,IL,38.47021464,-89.928252,9,Cropping,103976350,15.596452,0,NA,12.18,2.1,NA,NA,NA,12.2,3,NA,70,150,296,2698,236,32,3,322,1.4,22,0.4,6.4,NA,NA,NA,NA,NA
MANAGE_00838,MANAGE Research Network,NA,6/20/22,United States,IL,38.47021464,-89.928252,9,Cropping,104810696,15.721604,3,NA,15.66,2.7,NA,NA,NA,11.6,5.2,NA,122,252,400,4298,184,28,5.6,522,2.8,18,0.6,6.9,NA,NA,NA,NA,NA
MANAGE_00839,MANAGE Research Network,NA,6/20/22,United States,IL,38.47021464,-89.928252,9,Cropping,105552484,15.832872,1,NA,12.18,2.1,NA,NA,NA,13.4,4.2,NA,24,156,330,2688,138,30,3,222,1,12,0.2,5.7,NA,NA,NA,NA,NA
MANAGE_00840,MANAGE Research Network,NA,6/20/22,United States,IL,38.47021464,-89.928252,9,Cropping,92890676,13.933602,0,NA,12.18,2.1,NA,NA,NA,13.4,4.4,NA,28,222,416,2716,160,30,3,252,1.4,20,0.2,5.5,NA,NA,NA,NA,NA
MANAGE_00841,MANAGE Research Network,NA,6/20/22,United States,IL,38.47021464,-89.928252,9,Cropping,119537688,17.930654,1,NA,11.6,2,NA,NA,NA,25.2,2,NA,60,200,180,2352,228,26,4,234,1.4,18,0.4,6.5,NA,NA,NA,NA,NA
MANAGE_00842,MANAGE Research Network,NA,6/20/22,United States,IL,38.47021464,-89.928252,9,Cropping,102326812,15.349022,1,NA,11.02,1.9,NA,NA,NA,29.2,2.6,NA,28,162,286,3170,334,30,4.6,224,1.6,18,0.4,6.5,NA,NA,NA,NA,NA
MANAGE_00843,MANAGE Research Network,NA,6/20/22,United States,IL,38.47021464,-89.928252,9,Cropping,107652444,16.147866,1,NA,10.44,1.8,NA,NA,NA,19,2,NA,40,130,214,3076,332,34,3.4,232,1.6,22,0.4,7,NA,NA,NA,NA,NA
MANAGE_00844,MANAGE Research Network,NA,6/20/22,United States,IL,38.47021464,-89.928252,9,Cropping,83033820,12.455074,0,NA,17.4,3,NA,NA,NA,17.4,3.6,NA,51,127,268,2803,79,16,3.4,185,1.6,10,0.4,7.4,NA,NA,NA,NA,NA
MANAGE_00845,MANAGE Research Network,NA,6/20/22,United States,IL,38.47021464,-89.928252,9,Cropping,97269784,14.590468,0,NA,13.92,2.4,NA,NA,NA,6.6,3.5,NA,15,74,90,1675,213,12,3.3,158,1.2,12,0.4,7,NA,NA,NA,NA,NA
MANAGE_00846,MANAGE Research Network,NA,6/20/22,United States,IL,38.47021464,-89.928252,9,Cropping,107412730,16.11191,0,NA,14.5,2.5,NA,NA,NA,3.4,1.4,NA,17,84,77,1656,267,13,4.5,164,1.3,6,0.4,7.2,NA,NA,NA,NA,NA
MANAGE_00847,MANAGE Research Network,NA,6/20/22,United States,IL,38.47021464,-89.928252,9,Cropping,108143476,16.221522,0,NA,19.14,3.3,NA,NA,NA,2.7,1.5,NA,7,109,293,2323,60,18,1.8,118,1.1,8,0.3,6.8,NA,NA,NA,NA,NA
MANAGE_00848,MANAGE Research Network,NA,6/20/22,United States,IL,38.47021464,-89.928252,9,Cropping,122363328,18.3545,0,NA,16.24,2.8,NA,NA,NA,5.6,2.8,NA,12,94,187,1696,54,15,2.3,154,1,11,0.3,5.9,NA,NA,NA,NA,NA
MANAGE_00849,MANAGE Research Network,NA,6/20/22,United States,IL,38.47021464,-89.928252,9,Cropping,114159538,17.12393,0,NA,16.24,2.8,NA,NA,NA,3.2,3.4,NA,8,123,237,2222,52,18,1.4,123,1.2,12,0.3,6.9,NA,NA,NA,NA,NA
MANAGE_00850,MANAGE Research Network,NA,6/20/22,United States,IL,38.47021464,-89.928252,9,Cropping,116790256,17.518538,1,NA,14.5,2.5,NA,NA,NA,1.7,3.2,NA,11,134,537,2450,10,97,1,188,1.4,27,0.2,5.9,NA,NA,NA,NA,NA
MANAGE_00851,MANAGE Research Network,NA,6/20/22,United States,IL,38.47021464,-89.928252,9,Cropping,111713450,16.757018,0,NA,16.24,2.8,NA,NA,NA,9.6,2.1,NA,12,149,82,1411,106,16,2.1,123,1,11,0.3,6.2,NA,NA,NA,NA,NA
MANAGE_00852,MANAGE Research Network,NA,6/20/22,United States,IL,38.47021464,-89.928252,9,Cropping,106904120,16.035618,2,NA,13.34,2.3,NA,NA,NA,3,3.5,NA,13,100,227,2190,97,18,2.2,185,1.7,15,0.4,6.9,NA,NA,NA,NA,NA
MANAGE_00853,MANAGE Research Network,NA,6/20/22,United States,IL,38.47021464,-89.928252,9,Cropping,115725460,17.35882,1,NA,24.94,4.3,NA,NA,NA,14.7,3.6,NA,16,117,290,2074,33,15,2.2,158,1.1,13,0.3,6.1,NA,NA,NA,NA,NA
MANAGE_00854,MANAGE Research Network,NA,6/20/22,United States,IA,40.92309646,-91.18153,3,Cropping,89371634,13.405746,2,NA,33.06,5.7,NA,NA,NA,8.3,3.2,NA,32,178,848,6006,21,17,1.9,155,4.4,11,0.7,6.9,NA,NA,NA,NA,NA
MANAGE_00855,MANAGE Research Network,NA,6/20/22,United States,IA,40.92309646,-91.18153,3,Cropping,45214622,6.782194,0,NA,31.32,5.4,NA,NA,NA,30.5,6.6,NA,64,247,863,5613,38,19,3.4,223,4.2,6,0.6,7,NA,NA,NA,NA,NA
MANAGE_00856,MANAGE Research Network,NA,6/20/22,United States,IA,40.92309646,-91.18153,3,Cropping,117700478,17.655072,0,NA,14.5,2.5,NA,NA,NA,5.4,2.6,NA,19,158,452,2478,27,16,0.9,141,1,7,0.2,6.8,NA,NA,NA,NA,NA
MANAGE_00857,MANAGE Research Network,NA,6/20/22,United States,IA,40.92309646,-91.18153,3,Cropping,119517174,17.927576,1,NA,14.5,2.5,NA,NA,NA,11.5,3.8,NA,30,102,269,2380,78,15,2.4,158,1.7,9,0.3,6.9,NA,NA,NA,NA,NA
MANAGE_00858,MANAGE Research Network,NA,6/20/22,United States,IA,40.92309646,-91.18153,3,Cropping,102580192,15.387028,0,NA,15.66,2.7,NA,NA,NA,51,12.2,NA,17,98,286,2156,67,15,1.4,128,1.2,11,0.3,6.8,NA,NA,NA,NA,NA
MANAGE_00859,MANAGE Research Network,NA,6/20/22,United States,IA,40.92309646,-91.18153,3,Cropping,79737890,11.960684,0,NA,13.92,2.4,NA,NA,NA,20.8,12.1,NA,23,115,611,2221,63,42,0.8,163,1.2,9,0.2,6.5,NA,NA,NA,NA,NA
MANAGE_00860,MANAGE Research Network,NA,6/20/22,United States,IA,40.92309646,-91.18153,3,Cropping,120871804,18.13077,0,NA,15.66,2.7,NA,NA,NA,26,5,NA,14,133,421,3009,84,22,1.9,153,2,8,0.3,6.2,NA,NA,NA,NA,NA
MANAGE_00861,MANAGE Research Network,NA,6/20/22,United States,IA,40.92309646,-91.18153,3,Cropping,117050080,17.557512,3,NA,11.6,2,NA,NA,NA,17.8,1.9,NA,24,85,159,1547,91,13,1.9,205,1,9,0.2,6.1,NA,NA,NA,NA,NA
MANAGE_00862,MANAGE Research Network,NA,6/20/22,United States,IA,40.92309646,-91.18153,3,Cropping,108099052,16.214858,4,NA,11.6,2,NA,NA,NA,49.1,3.9,NA,23,89,149,1533,80,17,1.7,174,1,10,0.2,6,NA,NA,NA,NA,NA
MANAGE_00863,MANAGE Research Network,NA,6/20/22,United States,IA,40.92309646,-91.18153,3,Cropping,93616740,14.04251,1,NA,12.76,2.2,NA,NA,NA,9.4,1.8,NA,21,105,195,1804,112,14,1.5,169,1.2,7,0.3,7.3,NA,NA,NA,NA,NA
MANAGE_00864,MANAGE Research Network,NA,6/20/22,United States,IA,40.92309646,-91.18153,3,Cropping,108420284,16.263042,0,NA,13.92,2.4,NA,NA,NA,7.9,4.9,NA,12,114,355,1954,88,14,0.8,133,1.3,9,0.2,5.6,NA,NA,NA,NA,NA
MANAGE_00865,MANAGE Research Network,NA,6/20/22,United States,IA,40.92309646,-91.18153,3,Cropping,105924824,15.888724,2,NA,17.4,3,NA,NA,NA,11.5,6.9,NA,31,181,526,2176,61,17,1,154,1.1,11,0.2,5.5,NA,NA,NA,NA,NA
MANAGE_00866,MANAGE Research Network,NA,6/20/22,United States,IA,40.92309646,-91.18153,3,Cropping,114523054,17.178458,4,NA,13.92,2.4,NA,NA,NA,77.3,15.3,NA,16,132,206,1856,73,16,1.5,130,1.1,10,0.3,6.1,NA,NA,NA,NA,NA
MANAGE_00867,MANAGE Research Network,NA,6/20/22,United States,IA,40.92309646,-91.18153,3,Cropping,108257582,16.238638,2,NA,12.18,2.1,NA,NA,NA,10.8,4.4,NA,27,142,284,2014,99,14,1.5,162,1.2,7,0.2,6.7,NA,NA,NA,NA,NA
MANAGE_00868,MANAGE Research Network,NA,6/20/22,United States,IA,40.92309646,-91.18153,3,Cropping,116408564,17.461284,2,NA,13.92,2.4,NA,NA,NA,69.5,1.7,NA,56,313,169,1586,115,15,2.5,186,0.9,10,0.2,5.8,NA,NA,NA,NA,NA
MANAGE_00869,MANAGE Research Network,NA,6/20/22,United States,IA,40.92309646,-91.18153,3,Cropping,122561578,18.384236,0,NA,14.5,2.5,NA,NA,NA,12.4,3.1,NA,21,153,418,1819,117,21,1.8,186,1.4,13,0.2,5.7,NA,NA,NA,NA,NA
MANAGE_00870,MANAGE Research Network,NA,8/18/22,United States,KS,38.18134156,-99.236576,9,Cropping,119977976,17.996696,1,NA,5.8,1,NA,NA,NA,NA,NA,NA,25,74,53,640,46,32,1.2,63,0.3,3,0.3,7.1,NA,NA,88,NA,NA
MANAGE_00871,MANAGE Research Network,NA,8/18/22,United States,KS,38.18134156,-99.236576,9,Cropping,99589782,14.938468,1,NA,3.48,0.6,NA,NA,NA,NA,NA,NA,42,79,56,736,44,37,1.6,73,0.4,8,0.4,6.7,NA,NA,88,NA,NA
MANAGE_00872,MANAGE Research Network,NA,8/18/22,United States,KS,38.18134156,-99.236576,9,Cropping,93556230,14.033434,2,NA,4.64,0.8,NA,NA,NA,NA,NA,NA,23,66,52,781,52,34,1.3,59,0.3,2,0.4,7,NA,NA,88,NA,NA
MANAGE_00873,MANAGE Research Network,NA,8/18/22,United States,KS,38.18134156,-99.236576,9,Cropping,98793172,14.818976,0,NA,4.06,0.7,NA,NA,NA,NA,NA,NA,17,66,51,705,50,34,1.1,66,0.3,3,0.3,7,NA,NA,88,NA,NA
MANAGE_00874,MANAGE Research Network,NA,8/22/22,United States,KS,38.18134156,-99.236576,9,Cropping,102116970,15.317546,0,NA,8.7,1.5,NA,NA,NA,NA,NA,NA,26,86,61,661,41,38,1.7,65,0.6,10,0.4,6.8,NA,NA,88,NA,NA
MANAGE_00875,MANAGE Research Network,NA,8/22/22,United States,KS,38.18134156,-99.236576,9,Cropping,80128528,12.01928,1,NA,7.54,1.3,NA,NA,NA,NA,NA,NA,32,65,49,724,45,36,1.4,61,0.3,10,0.4,6.4,NA,NA,88,NA,NA
MANAGE_00876,MANAGE Research Network,NA,8/22/22,United States,KS,38.18134156,-99.236576,9,Cropping,108450072,16.26751,0,NA,7.54,1.3,NA,NA,NA,NA,NA,NA,29,56,44,697,42,41,1.1,60,0.4,8,0.3,6.3,NA,NA,88,NA,NA
MANAGE_00877,MANAGE Research Network,NA,8/22/22,United States,KS,38.18134156,-99.236576,9,Cropping,106131082,15.919662,1,NA,9.28,1.6,NA,NA,NA,NA,NA,NA,32,97,65,709,43,42,1.8,60,0.6,2,0.4,6.5,NA,NA,88,NA,NA
MANAGE_00878,MANAGE Research Network,NA,8/22/22,United States,KS,38.18134156,-99.236576,9,Cropping,101423484,15.213522,0,NA,5.8,1,NA,NA,NA,NA,NA,NA,16,49,39,601,44,39,0.9,56,0.3,8,0.2,5.7,NA,NA,88,NA,NA
MANAGE_00879,MANAGE Research Network,NA,8/22/22,United States,KS,38.18134156,-99.236576,9,Cropping,106674318,16.001148,5,NA,5.22,0.9,NA,NA,NA,NA,NA,NA,29,48,39,648,46,40,0.8,63,0.3,10,0.4,6.5,NA,NA,88,NA,NA
MANAGE_00880,MANAGE Research Network,NA,8/22/22,United States,KS,38.18134156,-99.236576,9,Cropping,105891272,15.88369,0,NA,4.64,0.8,NA,NA,NA,NA,NA,NA,26,69,45,620,43,36,1.2,71,0.6,2,0.4,5.6,NA,NA,88,NA,NA
MANAGE_00881,MANAGE Research Network,NA,8/22/22,United States,KS,38.18134156,-99.236576,9,Cropping,81329552,12.199432,1,NA,5.8,1,NA,NA,NA,NA,NA,NA,27,55,43,646,48,39,1,64,0.3,9,0.3,5.9,NA,NA,88,NA,NA
MANAGE_00882,MANAGE Research Network,NA,8/22/22,United States,KS,38.18134156,-99.236576,9,Cropping,90264150,13.539622,0,NA,9.86,1.7,NA,NA,NA,NA,NA,NA,31,74,49,673,39,51,1.2,60,0.3,13,0.4,6,NA,NA,88,NA,NA
MANAGE_00883,MANAGE Research Network,NA,8/22/22,United States,KS,38.18134156,-99.236576,9,Cropping,107273558,16.091034,2,NA,6.38,1.1,NA,NA,NA,NA,NA,NA,45,78,52,620,40,34,2,66,0.5,10,0.3,5.7,NA,NA,88,NA,NA
MANAGE_00884,MANAGE Research Network,NA,8/22/22,United States,KS,38.18134156,-99.236576,9,Cropping,88936640,13.340496,3,NA,6.38,1.1,NA,NA,NA,NA,NA,NA,38,64,41,612,41,34,1.2,71,0.3,8,0.3,5.4,NA,NA,88,NA,NA
MANAGE_00885,MANAGE Research Network,NA,8/22/22,United States,KS,38.18134156,-99.236576,9,Cropping,91630340,13.74455,17,NA,6.38,1.1,NA,NA,NA,NA,NA,NA,34,71,54,713,42,47,1.2,66,0.3,8,0.4,6.2,NA,NA,88,NA,NA
MANAGE_00886,MANAGE Research Network,NA,8/22/22,United States,KS,38.18134156,-99.236576,9,Cropping,103059934,15.45899,1,NA,5.8,1,NA,NA,NA,NA,NA,NA,27,56,37,603,46,37,1,76,0.4,7,0.3,5.6,NA,NA,88,NA,NA
MANAGE_00887,MANAGE Research Network,NA,8/22/22,United States,KS,38.18134156,-99.236576,9,Cropping,80172342,12.025852,0,NA,5.8,1,NA,NA,NA,NA,NA,NA,24,71,53,695,47,33,1.4,60,0.3,6,0.3,6.6,NA,NA,88,NA,NA
MANAGE_00888,MANAGE Research Network,NA,8/22/22,United States,KS,38.18134156,-99.236576,9,Cropping,80185050,12.027758,1,NA,7.54,1.3,NA,NA,NA,NA,NA,NA,24,64,49,829,51,42,1.3,61,0.4,11,0.5,6.8,NA,NA,88,NA,NA
MANAGE_00889,MANAGE Research Network,NA,8/22/22,United States,KS,38.18134156,-99.236576,9,Cropping,103271034,15.490656,0,NA,7.54,1.3,NA,NA,NA,NA,NA,NA,37,94,58,734,41,39,1.8,66,0.4,8,0.4,6.3,NA,NA,88,NA,NA
MANAGE_00890,MANAGE Research Network,NA,8/22/22,United States,KS,38.18134156,-99.236576,9,Cropping,106520220,15.978032,1,NA,4.64,0.8,NA,NA,NA,NA,NA,NA,26,69,51,676,42,58,1.5,61,0.3,12,0.4,6.8,NA,NA,88,NA,NA
MANAGE_00891,MANAGE Research Network,NA,8/22/22,United States,KS,38.18134156,-99.236576,9,Cropping,105140338,15.77105,0,NA,5.8,1,NA,NA,NA,NA,NA,NA,24,81,52,686,42,36,1.6,53,0.3,9,0.4,6.4,NA,NA,88,NA,NA
MANAGE_00892,MANAGE Research Network,NA,8/22/22,United States,KS,38.18134156,-99.236576,9,Cropping,101824424,15.273664,0,NA,5.22,0.9,NA,NA,NA,NA,NA,NA,34,55,39,602,42,34,1.4,68,0.3,8,0.3,5.7,NA,NA,88,NA,NA
MANAGE_00893,MANAGE Research Network,NA,8/22/22,United States,KS,38.18134156,-99.236576,9,Cropping,105634446,15.845166,1,NA,6.38,1.1,NA,NA,NA,NA,NA,NA,33,63,50,677,45,48,1.3,67,0.4,10,0.3,6.2,NA,NA,88,NA,NA
MANAGE_00894,MANAGE Research Network,NA,8/22/22,United States,KS,38.18134156,-99.236576,9,Cropping,81263928,12.18959,0,NA,8.12,1.4,NA,NA,NA,NA,NA,NA,22,55,40,607,41,47,1.1,59,0.3,10,0.3,6.3,NA,NA,88,NA,NA
MANAGE_00895,MANAGE Research Network,NA,8/22/22,United States,KS,38.18134156,-99.236576,9,Cropping,101457568,15.218636,1,NA,6.96,1.2,NA,NA,NA,NA,NA,NA,29,75,48,678,48,38,1.4,76,0.4,8,0.3,5.5,NA,NA,88,NA,NA
MANAGE_00896,MANAGE Research Network,NA,8/22/22,United States,KS,38.18134156,-99.236576,9,Cropping,83776334,12.56645,2,NA,6.38,1.1,NA,NA,NA,NA,NA,NA,34,91,60,754,46,44,1.6,67,0.4,10,0.4,6.2,NA,NA,88,NA,NA
MANAGE_00897,MANAGE Research Network,NA,8/22/22,United States,KS,38.18134156,-99.236576,9,Cropping,102608550,15.391282,2,NA,8.12,1.4,NA,NA,NA,NA,NA,NA,29,54,39,717,48,45,1.3,60,0.3,14,0.3,5.4,NA,NA,88,NA,NA
MANAGE_00898,MANAGE Research Network,NA,8/22/22,United States,KS,38.18134156,-99.236576,9,Cropping,101511672,15.22675,1,NA,6.38,1.1,NA,NA,NA,NA,NA,NA,25,69,49,675,46,42,1.4,67,0.4,9,0.4,6.6,NA,NA,88,NA,NA
MANAGE_00899,MANAGE Research Network,NA,8/22/22,United States,KS,38.18134156,-99.236576,9,Cropping,88880232,13.332034,1,NA,5.8,1,NA,NA,NA,NA,NA,NA,23,50,36,587,44,35,0.8,66,0.2,7,0.3,6.5,NA,NA,88,NA,NA
MANAGE_00900,MANAGE Research Network,NA,8/22/22,United States,KS,38.18134156,-99.236576,9,Cropping,105123956,15.768594,5,NA,6.38,1.1,NA,NA,NA,NA,NA,NA,34,53,38,622,46,49,1.1,63,0.3,9,0.3,5.5,NA,NA,88,NA,NA
MANAGE_00901,MANAGE Research Network,NA,8/22/22,United States,MI,33.28372002,-90.947346,1,Cropping,116627092,17.494064,1,NA,13.92,2.4,NA,NA,NA,NA,NA,NA,67,265,471,2265,47,22,3.4,324,2.9,9,0.6,6.3,NA,NA,6.3,NA,NA
MANAGE_00902,MANAGE Research Network,NA,8/22/22,United States,MI,33.28372002,-90.947346,1,Cropping,164625094,24.693764,6,NA,13.92,2.4,NA,NA,NA,NA,NA,NA,47,233,445,2082,50,17,3,250,2.4,8,0.5,6.1,NA,NA,6.3,NA,NA
MANAGE_00903,MANAGE Research Network,NA,8/22/22,United States,MI,33.28372002,-90.947346,1,Cropping,109957624,16.493644,0,NA,12.76,2.2,NA,NA,NA,NA,NA,NA,62,256,473,2104,49,19,3.5,346,2.7,8,0.6,6.2,NA,NA,6.3,NA,NA
MANAGE_00904,MANAGE Research Network,NA,8/22/22,United States,MI,33.28372002,-90.947346,1,Cropping,169346798,25.40202,5,NA,13.34,2.3,NA,NA,NA,NA,NA,NA,54,271,436,1992,38,18,3.1,277,2.2,10,0.5,6.1,NA,NA,16,NA,NA
MANAGE_00905,MANAGE Research Network,NA,8/22/22,United States,MI,33.28372002,-90.947346,1,Cropping,85985304,12.897796,3,NA,13.34,2.3,NA,NA,NA,NA,NA,NA,72,286,475,2350,50,18,3.8,376,3.1,12,0.6,6.4,NA,NA,6.3,NA,NA
MANAGE_00906,MANAGE Research Network,NA,8/22/22,United States,MI,33.28372002,-90.947346,1,Cropping,88060084,13.209012,0,NA,16.24,2.8,NA,NA,NA,NA,NA,NA,62,278,451,2236,51,17,3.6,293,2.6,10,0.6,6.1,NA,NA,6.3,NA,NA
MANAGE_00907,MANAGE Research Network,NA,8/22/22,United States,MI,33.28372002,-90.947346,1,Cropping,100131812,15.019772,0,NA,12.18,2.1,NA,NA,NA,NA,NA,NA,66,283,494,2247,49,17,3.6,346,2.8,9,0.6,6.3,NA,NA,6.3,NA,NA
MANAGE_00908,MANAGE Research Network,NA,8/22/22,United States,MI,33.28372002,-90.947346,1,Cropping,183380434,27.507066,2,NA,13.34,2.3,NA,NA,NA,NA,NA,NA,53,231,418,1890,40,19,2.9,312,2.2,8,0.5,6,NA,NA,16,NA,NA
MANAGE_00909,MANAGE Research Network,NA,8/22/22,United States,MI,33.28372002,-90.947346,1,Cropping,107119446,16.067916,1,NA,14.5,2.5,NA,NA,NA,NA,NA,NA,71,316,478,2183,48,17,3.5,321,2.7,13,0.6,6.2,NA,NA,6.3,NA,NA
MANAGE_00910,MANAGE Research Network,NA,8/22/22,United States,MI,33.28372002,-90.947346,1,Cropping,182873906,27.431086,1,NA,16.24,2.8,NA,NA,NA,NA,NA,NA,1,4,1,43,1,8,0.2,2,0.1,1,0.1,6.3,NA,NA,6.3,NA,NA
MANAGE_00911,MANAGE Research Network,NA,8/22/22,United States,MI,33.28372002,-90.947346,1,Cropping,84484642,12.672696,0,NA,13.92,2.4,NA,NA,NA,NA,NA,NA,71,293,509,2343,49,17,3.9,363,2.9,10,0.6,6.2,NA,NA,6.3,NA,NA
MANAGE_00912,MANAGE Research Network,NA,8/22/22,United States,MI,33.28372002,-90.947346,1,Cropping,158877116,23.831568,1,NA,13.92,2.4,NA,NA,NA,NA,NA,NA,48,261,405,1822,36,27,2.7,278,2,9,0.4,6.1,NA,NA,16,NA,NA
MANAGE_00913,MANAGE Research Network,NA,8/22/22,United States,MI,33.28372002,-90.947346,1,Cropping,150937764,22.640664,1,NA,13.34,2.3,NA,NA,NA,NA,NA,NA,65,268,500,2420,47,18,3.5,349,3.3,14,0.6,6.2,NA,NA,6.3,NA,NA
MANAGE_00914,MANAGE Research Network,NA,8/22/22,United States,MI,33.28372002,-90.947346,1,Cropping,161145504,24.171826,0,NA,14.5,2.5,NA,NA,NA,NA,NA,NA,54,253,445,2189,46,18,3.2,259,2.4,12,0.5,6.2,NA,NA,6.3,NA,NA
MANAGE_00915,MANAGE Research Network,NA,8/22/22,United States,MI,33.28372002,-90.947346,1,Cropping,105411262,15.81169,0,NA,13.92,2.4,NA,NA,NA,NA,NA,NA,49,228,468,2126,52,18,3,295,2.6,10,0.5,6.2,NA,NA,6.3,NA,NA
MANAGE_00916,MANAGE Research Network,NA,8/22/22,United States,MI,33.28372002,-90.947346,1,Cropping,187075730,28.06136,3,NA,13.34,2.3,NA,NA,NA,NA,NA,NA,49,262,429,1880,38,22,2.6,274,2,9,0.5,6,NA,NA,16,NA,NA
MANAGE_00917,MANAGE Research Network,NA,8/22/22,United States,MI,33.28372002,-90.947346,1,Cropping,99216372,14.882456,0,NA,12.18,2.1,NA,NA,NA,NA,NA,NA,50,243,478,2283,40,18,3.1,337,3.1,8,0.5,6.2,NA,NA,6.3,NA,NA
MANAGE_00918,MANAGE Research Network,NA,8/22/22,United States,MI,33.28372002,-90.947346,1,Cropping,106253948,15.938092,0,NA,13.34,2.3,NA,NA,NA,NA,NA,NA,57,267,475,2320,55,18,3.4,284,2.8,10,0.5,6.2,NA,NA,6.3,NA,NA
MANAGE_00919,MANAGE Research Network,NA,8/22/22,United States,MI,33.28372002,-90.947346,1,Cropping,87138138,13.07072,0,NA,16.24,2.8,NA,NA,NA,NA,NA,NA,62,270,461,2156,47,18,3.4,260,2.4,10,0.5,6.3,NA,NA,6.3,NA,NA
MANAGE_00920,MANAGE Research Network,NA,8/22/22,United States,MI,33.28372002,-90.947346,1,Cropping,163081820,24.462272,2,NA,15.66,2.7,NA,NA,NA,NA,NA,NA,59,250,396,1785,41,18,3.2,290,2.1,9,0.5,5.9,NA,NA,16,NA,NA
MANAGE_00921,MANAGE Research Network,NA,8/22/22,United States,MI,33.28372002,-90.947346,1,Cropping,91064646,13.659696,1,NA,14.5,2.5,NA,NA,NA,NA,NA,NA,43,240,485,2324,52,27,3.2,313,3.2,8,0.5,6.2,NA,NA,6.3,NA,NA
MANAGE_00922,MANAGE Research Network,NA,8/22/22,United States,MI,33.28372002,-90.947346,1,Cropping,86361032,12.954154,0,NA,15.66,2.7,NA,NA,NA,NA,NA,NA,64,275,478,2231,48,16,3.4,320,2.8,11,0.5,6.3,NA,NA,6.3,NA,NA
MANAGE_00923,MANAGE Research Network,NA,8/22/22,United States,MI,33.28372002,-90.947346,1,Cropping,83099074,12.464862,0,NA,13.34,2.3,NA,NA,NA,NA,NA,NA,64,268,467,2167,45,16,3.5,317,2.5,11,0.6,6.1,NA,NA,6.3,NA,NA
MANAGE_00924,MANAGE Research Network,NA,8/22/22,United States,MI,33.28372002,-90.947346,1,Cropping,201578320,30.236748,3,NA,11.02,1.9,NA,NA,NA,NA,NA,NA,44,212,426,1906,41,16,2.6,293,2.2,9,0.4,5.9,NA,NA,16,NA,NA
MANAGE_00925,MANAGE Research Network,NA,8/22/22,United States,MI,33.28372002,-90.947346,1,Cropping,105066002,15.7599,1,NA,15.66,2.7,NA,NA,NA,NA,NA,NA,46,216,454,2042,51,23,3.3,270,2.8,13,0.5,6,NA,NA,6.3,NA,NA
MANAGE_00926,MANAGE Research Network,NA,8/22/22,United States,MI,33.28372002,-90.947346,1,Cropping,88008402,13.20126,1,NA,13.92,2.4,NA,NA,NA,NA,NA,NA,63,291,491,2295,52,18,3.6,313,2.8,8,0.5,6.2,NA,NA,6.3,NA,NA
MANAGE_00927,MANAGE Research Network,NA,8/22/22,United States,MI,33.28372002,-90.947346,1,Cropping,148768628,22.315294,4,NA,13.92,2.4,NA,NA,NA,NA,NA,NA,59,274,462,2147,52,19,3.3,302,2.5,9,0.5,6.4,NA,NA,6.3,NA,NA
MANAGE_00928,MANAGE Research Network,NA,8/22/22,United States,MI,33.28372002,-90.947346,1,Cropping,172401274,25.860192,3,NA,13.92,2.4,NA,NA,NA,NA,NA,NA,49,233,413,1821,37,19,2.8,276,2,10,0.4,5.9,NA,NA,16,NA,NA
MANAGE_00929,MANAGE Research Network,NA,8/22/22,United States,MI,33.28372002,-90.947346,1,Cropping,104929302,15.739396,14,NA,12.18,2.1,NA,NA,NA,NA,NA,NA,50,223,421,2052,48,19,3.3,278,2.6,9,0.5,6.2,NA,NA,6.3,NA,NA
MANAGE_00930,MANAGE Research Network,NA,8/22/22,United States,MI,33.28372002,-90.947346,1,Cropping,87526292,13.128944,1,NA,13.92,2.4,NA,NA,NA,NA,NA,NA,63,289,492,2373,49,20,3.6,308,2.8,11,0.6,6.2,NA,NA,6.3,NA,NA
MANAGE_00931,MANAGE Research Network,NA,8/22/22,United States,MI,33.28372002,-90.947346,1,Cropping,108579330,16.2869,1,NA,13.92,2.4,NA,NA,NA,NA,NA,NA,63,251,438,2098,45,18,3.9,280,2.4,11,0.5,6.2,NA,NA,6.3,NA,NA
MANAGE_00932,MANAGE Research Network,NA,8/22/22,United States,MI,33.28372002,-90.947346,1,Cropping,157028732,23.55431,1,NA,13.92,2.4,NA,NA,NA,NA,NA,NA,58,266,418,1889,40,19,3.1,284,2,9,0.6,6,NA,NA,16,NA,NA
MANAGE_00933,MANAGE Research Network,NA,8/22/22,United States,MI,33.28372002,-90.947346,1,Cropping,81725692,12.258854,0,NA,13.34,2.3,NA,NA,NA,NA,NA,NA,50,217,419,2009,51,17,2.8,261,2.3,10,0.5,6.2,NA,NA,6.3,NA,NA
MANAGE_00934,MANAGE Research Network,NA,8/22/22,United States,MI,33.28372002,-90.947346,1,Cropping,182455334,27.3683,3,NA,12.76,2.2,NA,NA,NA,NA,NA,NA,57,284,527,2471,51,21,3.5,307,3.1,10,0.6,6.2,NA,NA,6.3,NA,NA
MANAGE_00935,MANAGE Research Network,NA,8/22/22,United States,MI,33.28372002,-90.947346,1,Cropping,83110842,12.466626,0,NA,13.92,2.4,NA,NA,NA,NA,NA,NA,59,281,482,2176,53,17,3.4,283,2.5,7,0.6,6.2,NA,NA,6.3,NA,NA
MANAGE_00936,MANAGE Research Network,NA,8/22/22,United States,MI,33.28372002,-90.947346,1,Cropping,202884558,30.432684,6,NA,14.5,2.5,NA,NA,NA,NA,NA,NA,51,252,407,1759,39,17,2.8,270,1.9,9,0.4,6.1,NA,NA,16,NA,NA
MANAGE_00937,MANAGE Research Network,NA,10/31/22,United States,MI,33.28372002,-90.947346,1,Cropping,105471152,15.820672,1,NA,15.08,2.6,NA,NA,NA,NA,NA,NA,79,274,453,2040,41,16,3.1,310,2.6,12,0.6,6.5,NA,NA,6.3,NA,NA
MANAGE_00938,MANAGE Research Network,NA,10/31/22,United States,MI,33.28372002,-90.947346,1,Cropping,93581132,14.03717,2,NA,11.6,2,NA,NA,NA,NA,NA,NA,42,208,457,2111,42,20,2.7,242,2.7,7,0.4,6.1,NA,NA,6.3,NA,NA
MANAGE_00939,MANAGE Research Network,NA,10/31/22,United States,MI,33.28372002,-90.947346,1,Cropping,94479200,14.17188,1,NA,13.92,2.4,NA,NA,NA,NA,NA,NA,68,273,484,2287,47,16,3.5,306,2.7,8,0.5,6.1,NA,NA,6.3,NA,NA
MANAGE_00940,MANAGE Research Network,NA,10/31/22,United States,MI,33.28372002,-90.947346,1,Cropping,94411074,14.161662,0,NA,13.92,2.4,NA,NA,NA,NA,NA,NA,64,234,455,2088,40,18,2.7,331,2.7,9,0.5,6.1,NA,NA,6.3,NA,NA
MANAGE_00941,MANAGE Research Network,NA,10/31/22,United States,MI,33.28372002,-90.947346,1,Cropping,96174450,14.426168,1,NA,12.18,2.1,NA,NA,NA,NA,NA,NA,40,256,543,2599,57,19,3.2,277,3.4,7,0.4,6.4,NA,NA,6.3,NA,NA
MANAGE_00942,MANAGE Research Network,NA,10/31/22,United States,MI,33.28372002,-90.947346,1,Cropping,95140026,14.271004,1,NA,10.44,1.8,NA,NA,NA,NA,NA,NA,40,199,455,2047,54,18,2.8,266,2.9,11,0.3,5.7,NA,NA,6.3,NA,NA
MANAGE_00943,MANAGE Research Network,NA,10/31/22,United States,MI,33.28372002,-90.947346,1,Cropping,98062540,14.709382,4,NA,11.6,2,NA,NA,NA,NA,NA,NA,62,224,478,2055,39,17,2.9,279,2.9,8,0.4,5.7,NA,NA,6.3,NA,NA
MANAGE_00944,MANAGE Research Network,NA,10/31/22,United States,MI,33.28372002,-90.947346,1,Cropping,92321636,13.848246,5,NA,11.6,2,NA,NA,NA,NA,NA,NA,50,181,421,2050,62,17,3,255,2.5,8,0.3,5.9,NA,NA,6.3,NA,NA
MANAGE_00945,MANAGE Research Network,NA,10/31/22,United States,MI,33.28372002,-90.947346,1,Cropping,106045474,15.906822,1,NA,11.02,1.9,NA,NA,NA,NA,NA,NA,35,181,443,2125,62,16,2.5,247,2.7,7,0.3,5.7,NA,NA,6.3,NA,NA
MANAGE_00946,MANAGE Research Network,NA,10/31/22,United States,MI,33.28372002,-90.947346,1,Cropping,106180032,15.927004,2,NA,12.18,2.1,NA,NA,NA,NA,NA,NA,63,245,479,2307,45,16,3.3,287,2.9,11,0.5,6.3,NA,NA,6.3,NA,NA
MANAGE_00947,MANAGE Research Network,NA,10/31/22,United States,MI,33.28372002,-90.947346,1,Cropping,89533232,13.429984,1,NA,13.34,2.3,NA,NA,NA,NA,NA,NA,43,205,518,2388,52,20,3,278,3.1,7,0.4,5.9,NA,NA,6.3,NA,NA
MANAGE_00948,MANAGE Research Network,NA,10/31/22,United States,MI,33.28372002,-90.947346,1,Cropping,93309114,13.996368,1,NA,10.44,1.8,NA,NA,NA,NA,NA,NA,40,185,440,2097,45,18,2.5,269,2.5,7,0.4,5.7,NA,NA,6.3,NA,NA
MANAGE_00949,MANAGE Research Network,NA,10/31/22,United States,MI,33.28372002,-90.947346,1,Cropping,114749342,17.212402,2,NA,12.18,2.1,NA,NA,NA,NA,NA,NA,53,261,488,2180,48,16,2.6,277,2.9,10,0.5,6.1,NA,NA,6.3,NA,NA
MANAGE_00950,MANAGE Research Network,NA,10/31/22,United States,MI,33.28372002,-90.947346,1,Cropping,92490014,13.873502,1,NA,12.18,2.1,NA,NA,NA,NA,NA,NA,44,265,594,2747,68,19,3.2,269,3.8,8,0.5,6.4,NA,NA,6.3,NA,NA
MANAGE_00951,MANAGE Research Network,NA,10/31/22,United States,MI,33.28372002,-90.947346,1,Cropping,100997204,15.14958,3,NA,12.18,2.1,NA,NA,NA,NA,NA,NA,44,190,442,2199,49,16,2.8,264,2.6,7,0.3,5.6,NA,NA,6.3,NA,NA
MANAGE_00952,MANAGE Research Network,NA,10/31/22,United States,MI,33.28372002,-90.947346,1,Cropping,100526050,15.078908,2,NA,10.44,1.8,NA,NA,NA,NA,NA,NA,44,227,471,2129,48,17,2.4,251,2.9,5,0.4,6.1,NA,NA,6.3,NA,NA
MANAGE_00953,MANAGE Research Network,NA,10/31/22,United States,MI,33.28372002,-90.947346,1,Cropping,97828458,14.674268,0,NA,12.18,2.1,NA,NA,NA,NA,NA,NA,35,206,539,2510,47,21,2.9,231,3.1,7,0.4,6.7,NA,NA,6.3,NA,NA
MANAGE_00954,MANAGE Research Network,NA,10/31/22,United States,MI,33.28372002,-90.947346,1,Cropping,102927704,15.439156,0,NA,12.76,2.2,NA,NA,NA,NA,NA,NA,51,189,428,1976,48,15,2.7,295,2.6,8,0.4,5.9,NA,NA,6.3,NA,NA
MANAGE_00955,MANAGE Research Network,NA,10/31/22,United States,MI,33.28372002,-90.947346,1,Cropping,94759178,14.213876,2,NA,11.02,1.9,NA,NA,NA,NA,NA,NA,40,224,481,2259,52,20,2.8,258,3,9,0.4,6.3,NA,NA,6.3,NA,NA
MANAGE_00956,MANAGE Research Network,NA,10/31/22,United States,MI,33.28372002,-90.947346,1,Cropping,91451348,13.717702,0,NA,12.18,2.1,NA,NA,NA,NA,NA,NA,42,219,506,2449,58,17,3,270,3.2,5,0.4,6.4,NA,NA,6.3,NA,NA
MANAGE_00957,MANAGE Research Network,NA,10/31/22,United States,MI,33.28372002,-90.947346,1,Cropping,99549500,14.932426,1,NA,10.44,1.8,NA,NA,NA,NA,NA,NA,50,212,466,2065,50,18,2.9,308,2.8,6,0.3,6,NA,NA,6.3,NA,NA
MANAGE_00958,MANAGE Research Network,NA,10/31/22,United States,MI,33.28372002,-90.947346,1,Cropping,100753872,15.11308,4,NA,NA,NA,NA,NA,NA,NA,NA,NA,NA,NA,NA,NA,NA,NA,NA,NA,NA,NA,NA,NA,NA,NA,6.3,NA,NA
MANAGE_00959,MANAGE Research Network,NA,10/28/22,United States,MI,33.28372002,-90.947346,1,Cropping,93006758,13.951014,1,NA,12.18,2.1,NA,NA,NA,NA,NA,NA,46,239,554,2588,62,19,4,283,3.5,9,0.4,6.4,NA,NA,6.3,NA,NA
MANAGE_00960,MANAGE Research Network,NA,10/28/22,United States,MI,33.28372002,-90.947346,1,Cropping,98931494,14.839724,2,NA,11.02,1.9,NA,NA,NA,NA,NA,NA,38,193,461,2163,59,16,2.9,262,2.7,9,0.3,6.2,NA,NA,6.3,NA,NA
MANAGE_00961,MANAGE Research Network,NA,10/28/22,United States,MI,33.28372002,-90.947346,1,Cropping,91858194,13.77873,2,NA,10.44,1.8,NA,NA,NA,NA,NA,NA,31,181,428,2148,53,17,2.4,211,2.7,6,0.3,6.3,NA,NA,6.3,NA,NA
MANAGE_00962,MANAGE Research Network,NA,10/28/22,United States,MI,33.28372002,-90.947346,1,Cropping,91294254,13.694138,1,NA,11.6,2,NA,NA,NA,NA,NA,NA,48,277,592,2726,58,19,3.4,315,3.8,7,0.5,6.5,NA,NA,6.3,NA,NA
MANAGE_00963,MANAGE Research Network,NA,10/28/22,United States,MI,33.28372002,-90.947346,1,Cropping,95468044,14.320206,1,NA,15.08,2.6,NA,NA,NA,NA,NA,NA,78,356,638,2989,61,19,4.4,298,3.5,11,0.6,6.2,NA,NA,6.3,NA,NA
MANAGE_00964,MANAGE Research Network,NA,8/19/22,United States,MS,39.79771684,-92.076637,3,Cropping,105623688,15.843554,1,NA,21.46,3.7,NA,NA,NA,NA,NA,NA,43,167,236,2296,121,23,1.2,124,0.9,7,0.2,6.8,NA,NA,16,NA,NA
MANAGE_00965,MANAGE Research Network,NA,8/19/22,United States,MS,39.79771684,-92.076637,3,Cropping,75638114,11.345718,0,NA,19.72,3.4,NA,NA,NA,NA,NA,NA,35,115,192,1986,134,18,1.2,129,0.8,6,0.2,6.8,NA,NA,16,NA,NA
MANAGE_00966,MANAGE Research Network,NA,8/19/22,United States,MS,39.79771684,-92.076637,3,Cropping,91437284,13.715592,0,NA,21.46,3.7,NA,NA,NA,NA,NA,NA,40,165,222,2198,118,22,1.1,124,0.7,9,0.3,6.8,NA,NA,16,NA,NA
MANAGE_00967,MANAGE Research Network,NA,8/19/22,United States,MS,39.79771684,-92.076637,3,Cropping,66592476,9.988872,0,NA,21.46,3.7,NA,NA,NA,NA,NA,NA,30,116,169,1818,139,18,1.1,122,0.7,6,0.2,6.5,NA,NA,16,NA,NA
MANAGE_00968,MANAGE Research Network,NA,8/19/22,United States,MS,39.79771684,-92.076637,3,Cropping,98241636,14.736246,2,NA,16.82,2.9,NA,NA,NA,NA,NA,NA,41,121,147,1911,141,15,1.2,134,0.8,6,0.3,6.8,NA,NA,16,NA,NA
MANAGE_00969,MANAGE Research Network,NA,8/19/22,United States,MS,39.79771684,-92.076637,3,Cropping,86469460,12.970418,0,NA,40.02,6.9,NA,NA,NA,NA,NA,NA,36,130,176,1893,127,21,1.1,130,0.7,8,0.3,6.8,NA,NA,16,NA,NA
MANAGE_00970,MANAGE Research Network,NA,8/19/22,United States,MS,39.79771684,-92.076637,3,Cropping,70884652,10.632698,1,NA,19.72,3.4,NA,NA,NA,NA,NA,NA,39,145,204,2136,131,20,1.3,139,0.9,7,0.3,6.9,NA,NA,16,NA,NA
MANAGE_00971,MANAGE Research Network,NA,8/19/22,United States,MS,39.79771684,-92.076637,3,Cropping,72485022,10.872754,0,NA,20.88,3.6,NA,NA,NA,NA,NA,NA,36,114,188,1908,127,18,1.1,128,0.8,5,0.2,6.9,NA,NA,16,NA,NA
MANAGE_00972,MANAGE Research Network,NA,8/19/22,United States,MS,39.79771684,-92.076637,3,Cropping,83974004,12.5961,0,NA,19.14,3.3,NA,NA,NA,NA,NA,NA,36,154,184,1969,115,20,1.1,124,0.7,7,0.2,6.9,NA,NA,16,NA,NA
MANAGE_00973,MANAGE Research Network,NA,8/19/22,United States,MS,39.79771684,-92.076637,3,Cropping,89560012,13.434002,2,NA,19.72,3.4,NA,NA,NA,NA,NA,NA,34,149,227,2365,115,21,1.1,117,0.8,9,0.3,6.7,NA,NA,16,NA,NA
MANAGE_00974,MANAGE Research Network,NA,8/19/22,United States,MS,39.79771684,-92.076637,3,Cropping,113269310,16.990396,2,NA,17.98,3.1,NA,NA,NA,NA,NA,NA,34,109,151,1845,130,15,1.2,126,0.7,5,0.3,7,NA,NA,16,NA,NA
MANAGE_00975,MANAGE Research Network,NA,8/19/22,United States,MS,39.79771684,-92.076637,3,Cropping,90234348,13.535152,0,NA,21.46,3.7,NA,NA,NA,NA,NA,NA,46,168,157,2016,124,16,1.2,131,0.8,8,0.3,7.1,NA,NA,16,NA,NA
MANAGE_00976,MANAGE Research Network,NA,8/19/22,United States,MS,39.79771684,-92.076637,3,Cropping,74129432,11.119414,0,NA,17.4,3,NA,NA,NA,NA,NA,NA,49,167,189,2161,130,18,1.3,148,0.8,10,0.2,6.9,NA,NA,16,NA,NA
MANAGE_00977,MANAGE Research Network,NA,8/19/22,United States,MS,39.79771684,-92.076637,3,Cropping,115731516,17.359728,2,NA,16.24,2.8,NA,NA,NA,NA,NA,NA,35,111,175,1948,137,16,1.1,132,0.8,7,0.2,6.9,NA,NA,16,NA,NA
MANAGE_00978,MANAGE Research Network,NA,8/19/22,United States,MS,39.79771684,-92.076637,3,Cropping,92232876,13.834932,2,NA,19.72,3.4,NA,NA,NA,NA,NA,NA,40,136,188,2071,118,19,1.1,126,0.7,11,0.3,6.8,NA,NA,16,NA,NA
MANAGE_00979,MANAGE Research Network,NA,8/19/22,United States,MS,39.79771684,-92.076637,3,Cropping,112805046,16.920756,2,NA,18.56,3.2,NA,NA,NA,NA,NA,NA,34,133,225,2137,122,24,1.1,127,0.8,6,0.2,6.7,NA,NA,16,NA,NA
MANAGE_00980,MANAGE Research Network,NA,8/19/22,United States,MS,39.79771684,-92.076637,3,Cropping,107047216,16.057082,0,NA,17.4,3,NA,NA,NA,NA,NA,NA,35,115,171,1987,149,18,1.1,135,0.8,11,0.3,6.9,NA,NA,16,NA,NA
MANAGE_00981,MANAGE Research Network,NA,8/19/22,United States,MS,39.79771684,-92.076637,3,Cropping,83414674,12.512202,1,NA,19.14,3.3,NA,NA,NA,NA,NA,NA,38,115,155,1890,111,17,1.1,129,0.8,8,0.2,6.9,NA,NA,16,NA,NA
MANAGE_00982,MANAGE Research Network,NA,8/19/22,United States,MS,39.79771684,-92.076637,3,Cropping,73467920,11.020188,0,NA,19.72,3.4,NA,NA,NA,NA,NA,NA,39,132,166,1883,131,18,1.2,134,0.8,8,0.2,6.7,NA,NA,16,NA,NA
MANAGE_00983,MANAGE Research Network,NA,8/19/22,United States,MS,39.79771684,-92.076637,3,Cropping,97866748,14.680012,1,NA,20.88,3.6,NA,NA,NA,NA,NA,NA,36,110,160,1878,132,16,1.1,120,0.7,7,0.2,6.9,NA,NA,16,NA,NA
MANAGE_00984,MANAGE Research Network,NA,8/19/22,United States,MS,39.79771684,-92.076637,3,Cropping,151864108,22.779616,2,NA,19.72,3.4,NA,NA,NA,NA,NA,NA,38,149,235,2338,116,23,1.1,126,0.9,9,0.2,6.8,NA,NA,16,NA,NA
MANAGE_00985,MANAGE Research Network,NA,8/19/22,United States,MS,39.79771684,-92.076637,3,Cropping,89724044,13.458606,0,NA,17.98,3.1,NA,NA,NA,NA,NA,NA,36,140,210,2295,136,22,1.2,126,0.8,8,0.2,7,NA,NA,16,NA,NA
MANAGE_00986,MANAGE Research Network,NA,8/19/22,United States,MS,39.79771684,-92.076637,3,Cropping,112000494,16.800074,0,NA,20.3,3.5,NA,NA,NA,NA,NA,NA,36,110,162,1973,127,16,1.1,116,0.7,8,0.2,7,NA,NA,16,NA,NA
MANAGE_00987,MANAGE Research Network,NA,8/19/22,United States,MS,39.79771684,-92.076637,3,Cropping,97730812,14.659622,0,NA,17.4,3,NA,NA,NA,NA,NA,NA,41,134,160,1910,133,16,1.2,136,0.8,5,0.2,6.8,NA,NA,16,NA,NA
MANAGE_00988,MANAGE Research Network,NA,8/19/22,United States,MS,39.79771684,-92.076637,3,Cropping,66280326,9.942048,1,NA,16.82,2.9,NA,NA,NA,NA,NA,NA,41,131,183,1990,146,18,1.2,132,0.8,6,0.2,6.7,NA,NA,16,NA,NA
MANAGE_00989,MANAGE Research Network,NA,8/19/22,United States,MS,39.79771684,-92.076637,3,Cropping,83919434,12.587916,0,NA,20.3,3.5,NA,NA,NA,NA,NA,NA,31,135,268,2375,103,28,1,123,0.9,8,0.2,6.6,NA,NA,16,NA,NA
MANAGE_00990,MANAGE Research Network,NA,8/19/22,United States,MS,39.79771684,-92.076637,3,Cropping,94208516,14.131278,1,NA,18.56,3.2,NA,NA,NA,NA,NA,NA,39,128,162,1972,122,16,1.1,127,0.7,4,0.3,6.8,NA,NA,16,NA,NA
MANAGE_00991,MANAGE Research Network,NA,8/24/22,United States,MS,39.79771684,-92.076637,3,Cropping,103013392,15.452008,1,NA,24.36,4.2,NA,NA,NA,NA,NA,NA,39,182,256,2395,113,21,1.8,147,1.4,16,0.4,6.7,NA,NA,16,NA,NA
MANAGE_00992,MANAGE Research Network,NA,8/24/22,United States,MS,39.79771684,-92.076637,3,Cropping,102140808,15.321122,4,NA,20.3,3.5,NA,NA,NA,NA,NA,NA,31,128,216,2215,138,22,1.7,146,1.3,11,0.3,6.6,NA,NA,16,NA,NA
MANAGE_00993,MANAGE Research Network,NA,8/24/22,United States,MS,39.79771684,-92.076637,3,Cropping,105586728,15.83801,1,NA,23.2,4,NA,NA,NA,NA,NA,NA,48,180,266,2612,118,24,1.8,147,1.4,11,0.4,6.8,NA,NA,16,NA,NA
MANAGE_00994,MANAGE Research Network,NA,8/24/22,United States,MS,39.79771684,-92.076637,3,Cropping,100290112,15.043516,0,NA,23.78,4.1,NA,NA,NA,NA,NA,NA,60,209,261,2802,124,25,1.3,172,1.3,9,0.4,7.2,NA,NA,16,NA,NA
MANAGE_00995,MANAGE Research Network,NA,8/24/22,United States,MS,39.79771684,-92.076637,3,Cropping,102596742,15.389512,1,NA,19.72,3.4,NA,NA,NA,NA,NA,NA,37,139,208,2084,135,23,1.7,150,1.3,8,0.4,6.4,NA,NA,16,NA,NA
MANAGE_00996,MANAGE Research Network,NA,8/24/22,United States,MS,39.79771684,-92.076637,3,Cropping,103301222,15.495184,2,NA,18.56,3.2,NA,NA,NA,NA,NA,NA,34,139,174,2016,138,17,1.6,151,1.2,10,0.3,6.8,NA,NA,16,NA,NA
MANAGE_00997,MANAGE Research Network,NA,8/24/22,United States,MS,39.79771684,-92.076637,3,Cropping,92378124,13.856718,1,NA,20.88,3.6,NA,NA,NA,NA,NA,NA,46,170,174,2093,113,19,1.8,145,1.2,12,0.4,6.9,NA,NA,16,NA,NA
MANAGE_00998,MANAGE Research Network,NA,8/24/22,United States,MS,39.79771684,-92.076637,3,Cropping,90901986,13.635298,1,NA,23.78,4.1,NA,NA,NA,NA,NA,NA,56,209,276,2816,105,24,1.3,154,1.2,11,0.4,7,NA,NA,16,NA,NA
MANAGE_00999,MANAGE Research Network,NA,8/24/22,United States,MS,39.79771684,-92.076637,3,Cropping,101720214,15.258032,0,NA,22.04,3.8,NA,NA,NA,NA,NA,NA,44,167,205,2255,117,19,2,144,1.3,4,0.4,6.8,NA,NA,16,NA,NA
MANAGE_01000,MANAGE Research Network,NA,8/24/22,United States,MS,39.79771684,-92.076637,3,Cropping,104982070,15.74731,0,NA,22.04,3.8,NA,NA,NA,NA,NA,NA,32,147,180,1967,132,18,1.7,141,1.2,14,0.3,6.7,NA,NA,16,NA,NA
MANAGE_01001,MANAGE Research Network,NA,8/24/22,United States,MS,39.79771684,-92.076637,3,Cropping,102490656,15.373598,0,NA,23.2,4,NA,NA,NA,NA,NA,NA,45,182,206,2323,112,20,1.7,147,1.3,11,0.4,6.8,NA,NA,16,NA,NA
MANAGE_01002,MANAGE Research Network,NA,8/24/22,United States,MS,39.79771684,-92.076637,3,Cropping,104020236,15.603036,3,NA,24.36,4.2,NA,NA,NA,NA,NA,NA,49,201,258,2428,128,23,1.9,158,1.5,2,0.4,6.7,NA,NA,16,NA,NA
MANAGE_01003,MANAGE Research Network,NA,8/24/22,United States,MS,39.79771684,-92.076637,3,Cropping,103592434,15.538866,2,NA,19.14,3.3,NA,NA,NA,NA,NA,NA,38,151,171,2145,133,18,1.7,154,1.2,12,0.3,6.7,NA,NA,16,NA,NA
MANAGE_01004,MANAGE Research Network,NA,8/24/22,United States,MS,39.79771684,-92.076637,3,Cropping,106519524,15.977928,2,NA,21.46,3.7,NA,NA,NA,NA,NA,NA,45,174,196,2253,118,20,1.7,152,1.3,2,0.4,6.8,NA,NA,16,NA,NA
MANAGE_01005,MANAGE Research Network,NA,8/24/22,United States,MS,39.79771684,-92.076637,3,Cropping,93056682,13.958502,1,NA,19.14,3.3,NA,NA,NA,NA,NA,NA,59,201,233,2688,138,22,1.4,189,1.2,9,0.4,7.2,NA,NA,16,NA,NA
MANAGE_01006,MANAGE Research Network,NA,8/24/22,United States,MS,39.79771684,-92.076637,3,Cropping,101362318,15.204348,2,NA,22.62,3.9,NA,NA,NA,NA,NA,NA,41,155,199,2124,123,22,1.8,142,1.2,4,0.4,6.7,NA,NA,16,NA,NA
MANAGE_01007,MANAGE Research Network,NA,8/24/22,United States,MS,39.79771684,-92.076637,3,Cropping,101164406,15.17466,0,NA,22.04,3.8,NA,NA,NA,NA,NA,NA,40,140,186,2110,131,18,1.7,143,1.2,13,0.3,6.8,NA,NA,16,NA,NA
MANAGE_01008,MANAGE Research Network,NA,8/24/22,United States,MS,39.79771684,-92.076637,3,Cropping,99309806,14.89647,1,NA,21.46,3.7,NA,NA,NA,NA,NA,NA,51,188,253,2542,115,24,1.8,153,1.4,7,0.4,6.8,NA,NA,16,NA,NA
MANAGE_01009,MANAGE Research Network,NA,8/24/22,United States,MS,39.79771684,-92.076637,3,Cropping,109404596,16.41069,1,NA,24.36,4.2,NA,NA,NA,NA,NA,NA,44,194,250,2431,127,22,1.8,152,1.4,9,0.4,6.7,NA,NA,16,NA,NA
MANAGE_01010,MANAGE Research Network,NA,8/24/22,United States,MS,39.79771684,-92.076637,3,Cropping,103225234,15.483786,2,NA,19.14,3.3,NA,NA,NA,NA,NA,NA,37,124,168,1992,128,17,1.6,140,1.1,2,0.4,6.7,NA,NA,16,NA,NA
MANAGE_01011,MANAGE Research Network,NA,8/24/22,United States,MS,39.79771684,-92.076637,3,Cropping,105567378,15.835106,3,NA,17.4,3,NA,NA,NA,NA,NA,NA,46,152,172,2051,129,18,1.8,146,1.2,10,0.4,6.9,NA,NA,16,NA,NA
MANAGE_01012,MANAGE Research Network,NA,8/24/22,United States,MS,39.79771684,-92.076637,3,Cropping,92665120,13.899768,0,NA,19.72,3.4,NA,NA,NA,NA,NA,NA,50,177,196,2273,135,20,1.3,165,1.1,9,0.4,7,NA,NA,16,NA,NA
MANAGE_01013,MANAGE Research Network,NA,8/24/22,United States,MS,39.79771684,-92.076637,3,Cropping,102105672,15.31585,1,NA,22.04,3.8,NA,NA,NA,NA,NA,NA,46,169,225,2374,135,22,1.9,151,1.3,4,0.3,6.8,NA,NA,16,NA,NA
MANAGE_01014,MANAGE Research Network,NA,8/24/22,United States,MS,39.79771684,-92.076637,3,Cropping,102171342,15.325702,3,NA,21.46,3.7,NA,NA,NA,NA,NA,NA,35,123,191,2086,125,18,1.7,137,1.2,15,0.3,6.7,NA,NA,16,NA,NA
MANAGE_01015,MANAGE Research Network,NA,8/24/22,United States,MS,39.79771684,-92.076637,3,Cropping,108244354,16.236654,3,NA,24.36,4.2,NA,NA,NA,NA,NA,NA,49,189,265,2660,116,23,1.8,152,1.4,4,0.4,6.8,NA,NA,16,NA,NA
MANAGE_01016,MANAGE Research Network,NA,8/24/22,United States,MS,39.79771684,-92.076637,3,Cropping,107256926,16.088538,1,NA,23.78,4.1,NA,NA,NA,NA,NA,NA,38,166,239,2279,115,24,1.7,149,1.3,10,0.4,6.6,NA,NA,16,NA,NA
MANAGE_01017,MANAGE Research Network,NA,8/24/22,United States,MS,39.79771684,-92.076637,3,Cropping,106553450,15.983018,0,NA,19.14,3.3,NA,NA,NA,NA,NA,NA,35,129,192,2004,122,19,1.7,140,1.2,6,0.3,6.7,NA,NA,16,NA,NA
MANAGE_01018,MANAGE Research Network,NA,8/24/22,United States,MS,39.79771684,-92.076637,3,Cropping,103324122,15.498618,1,NA,20.3,3.5,NA,NA,NA,NA,NA,NA,40,134,176,2053,124,19,1.8,145,1.2,7,0.4,6.7,NA,NA,16,NA,NA
MANAGE_01019,MANAGE Research Network,NA,8/24/22,United States,MS,39.79771684,-92.076637,3,Cropping,104902028,15.735304,1,NA,22.62,3.9,NA,NA,NA,NA,NA,NA,58,205,260,2669,118,23,1.3,163,1.1,9,0.4,7.1,NA,NA,16,NA,NA
MANAGE_01020,MANAGE Research Network,NA,8/24/22,United States,MS,39.79771684,-92.076637,3,Cropping,91411838,13.711776,0,NA,17.98,3.1,NA,NA,NA,NA,NA,NA,33,142,196,2081,139,21,1.6,146,1.2,14,0.3,6.6,NA,NA,16,NA,NA
MANAGE_01021,MANAGE Research Network,NA,8/24/22,United States,MS,39.79771684,-92.076637,3,Cropping,101367746,15.205162,1,NA,16.24,2.8,NA,NA,NA,NA,NA,NA,38,141,176,1872,136,18,1.7,152,1.2,5,0.4,6.7,NA,NA,16,NA,NA
MANAGE_01022,MANAGE Research Network,NA,8/24/22,United States,MS,39.79771684,-92.076637,3,Cropping,102292498,15.343874,1,NA,19.72,3.4,NA,NA,NA,NA,NA,NA,45,165,173,2000,124,18,1.8,156,1.3,10,0.3,7,NA,NA,16,NA,NA
MANAGE_01023,MANAGE Research Network,NA,2/22/22,United States,NE,42.59903616,-97.252292,9,Cropping,89766500,13.464976,0,NA,22.62,3.9,NA,NA,NA,7.4,NA,NA,47,199,209,3823,222,15,3.7,59,2,6,1.1,7.6,NA,NA,NA,NA,NA
MANAGE_01024,MANAGE Research Network,NA,2/22/22,United States,NE,42.59903616,-97.252292,9,Cropping,114451506,17.167726,1,NA,22.62,3.9,NA,NA,NA,9.7,NA,NA,31,198,243,1896,145,12,1.7,115,1.4,9,0.6,5.6,NA,NA,NA,NA,NA
MANAGE_01025,MANAGE Research Network,NA,2/22/22,United States,NE,42.59903616,-97.252292,9,Cropping,110142670,16.5214,7,NA,17.4,3,NA,NA,NA,10.9,NA,NA,68,338,168,1395,131,10,1.8,174,1,9,0.4,5.5,NA,NA,NA,NA,NA
MANAGE_01026,MANAGE Research Network,NA,2/22/22,United States,NE,42.59903616,-97.252292,9,Cropping,83363290,12.504494,0,NA,15.08,2.6,NA,NA,NA,4,NA,NA,35,195,241,5238,123,11,3.4,56,1.5,4,0.6,7.9,NA,NA,NA,NA,NA
MANAGE_01027,MANAGE Research Network,NA,2/22/22,United States,NE,42.59903616,-97.252292,9,Cropping,116462570,17.469386,0,NA,23.2,4,NA,NA,NA,12.1,NA,NA,25,233,274,1920,116,15,1.6,92,1.4,5,0.6,6.1,NA,NA,NA,NA,NA
MANAGE_01028,MANAGE Research Network,NA,2/22/22,United States,NE,42.59903616,-97.252292,9,Cropping,52712594,7.90689,1,NA,22.62,3.9,NA,NA,NA,16.4,NA,NA,79,266,238,1635,114,13,3,138,1.4,7,0.5,5.9,NA,NA,NA,NA,NA
MANAGE_01029,MANAGE Research Network,NA,2/22/22,United States,NE,42.59903616,-97.252292,9,Cropping,114640850,17.196128,1,NA,24.36,4.2,NA,NA,NA,9.5,NA,NA,90,268,243,1618,115,12,2.2,169,1.3,12,0.5,5.5,NA,NA,NA,NA,NA
MANAGE_01030,MANAGE Research Network,NA,2/22/22,United States,NE,42.59903616,-97.252292,9,Cropping,129932096,19.489814,7,NA,23.78,4.1,NA,NA,NA,26.3,NA,NA,65,169,213,1380,138,11,2.5,147,1.1,5,0.3,5.2,NA,NA,NA,NA,NA
MANAGE_01031,MANAGE Research Network,NA,2/22/22,United States,NE,42.59903616,-97.252292,9,Cropping,86042140,12.906322,0,NA,24.36,4.2,NA,NA,NA,13.5,NA,NA,133,309,298,2245,193,14,6,112,1.7,6,0.8,7.1,NA,NA,NA,NA,NA
MANAGE_01032,MANAGE Research Network,NA,2/22/22,United States,NE,42.59903616,-97.252292,9,Cropping,95748620,14.362292,0,NA,20.88,3.6,NA,NA,NA,12.3,NA,NA,22,131,286,2069,189,12,1.8,74,1.6,8,0.7,7,NA,NA,NA,NA,NA
MANAGE_01033,MANAGE Research Network,NA,2/22/22,United States,NE,42.59903616,-97.252292,9,Cropping,110712912,16.606936,2,NA,22.04,3.8,NA,NA,NA,11.9,NA,NA,43,199,261,1832,144,14,2,135,1.4,8,0.6,5.7,NA,NA,NA,NA,NA
MANAGE_01034,MANAGE Research Network,NA,2/22/22,United States,NE,42.59903616,-97.252292,9,Cropping,125373328,18.806,3,NA,17.4,3,NA,NA,NA,6.7,NA,NA,34,185,336,2462,227,12,4.1,75,1.8,4,0.9,7.4,NA,NA,NA,NA,NA
MANAGE_01035,MANAGE Research Network,NA,2/22/22,United States,NE,42.59903616,-97.252292,9,Cropping,94689618,14.203442,0,NA,16.24,2.8,NA,NA,NA,9.9,NA,NA,103,179,207,1297,130,13,1.9,178,1,12,0.4,5.4,NA,NA,NA,NA,NA
MANAGE_01036,MANAGE Research Network,NA,2/22/22,United States,NE,42.59903616,-97.252292,9,Cropping,106477888,15.971684,3,NA,19.14,3.3,NA,NA,NA,14.8,NA,NA,35,136,196,1316,105,12,1.1,137,0.9,10,0.4,5,NA,NA,NA,NA,NA
MANAGE_01037,MANAGE Research Network,NA,2/22/22,United States,NE,42.59903616,-97.252292,9,Cropping,95756708,14.363506,1,NA,14.5,2.5,NA,NA,NA,14.8,NA,NA,69,209,226,1785,137,13,2.6,100,1.1,5,0.6,6.8,NA,NA,NA,NA,NA
MANAGE_01038,MANAGE Research Network,NA,2/22/22,United States,NE,42.59903616,-97.252292,9,Cropping,112127916,16.819188,2,NA,22.04,3.8,NA,NA,NA,13.6,NA,NA,176,324,304,1571,64,14,3.4,149,1,10,0.5,5.8,NA,NA,NA,NA,NA
MANAGE_01039,MANAGE Research Network,NA,2/22/22,United States,NE,42.59903616,-97.252292,9,Cropping,108675738,16.30136,4,NA,18.56,3.2,NA,NA,NA,9.4,NA,NA,70,299,187,1196,131,14,1.5,163,1,8,0.3,5.1,NA,NA,NA,NA,NA
MANAGE_01040,MANAGE Research Network,NA,2/22/22,United States,NE,42.59903616,-97.252292,9,Cropping,92919480,13.937922,2,NA,19.72,3.4,NA,NA,NA,18.6,NA,NA,60,242,209,1341,136,16,1.9,143,1,17,0.4,5.1,NA,NA,NA,NA,NA
MANAGE_01041,MANAGE Research Network,NA,2/22/22,United States,NE,42.59903616,-97.252292,9,Cropping,105747602,15.86214,1,NA,20.88,3.6,NA,NA,NA,6.3,NA,NA,76,307,248,1805,185,11,3.5,74,1.1,9,0.9,7,NA,NA,NA,NA,NA
MANAGE_01042,MANAGE Research Network,NA,2/22/22,United States,NE,42.59903616,-97.252292,9,Cropping,112765514,16.914828,1,NA,13.34,2.3,NA,NA,NA,18.9,NA,NA,33,165,154,1475,99,10,3.2,66,0.8,5,0.5,7.5,NA,NA,NA,NA,NA
MANAGE_01043,MANAGE Research Network,NA,2/22/22,United States,NE,42.59903616,-97.252292,9,Cropping,98317632,14.747644,1,NA,24.36,4.2,NA,NA,NA,4.7,NA,NA,27,154,288,1369,57,12,1.2,97,0.9,8,0.3,5.4,NA,NA,NA,NA,NA
MANAGE_01044,MANAGE Research Network,NA,2/22/22,United States,NE,42.59903616,-97.252292,9,Cropping,104895638,15.734346,1,NA,23.78,4.1,NA,NA,NA,4.3,NA,NA,29,366,223,1503,89,11,1.8,114,1,8,0.5,5.8,NA,NA,NA,NA,NA
MANAGE_01045,MANAGE Research Network,NA,2/22/22,United States,NE,42.59903616,-97.252292,9,Cropping,107955962,16.193394,3,NA,24.36,4.2,NA,NA,NA,7.7,NA,NA,20,135,183,1440,81,10,1.1,75,0.8,6,0.4,5.9,NA,NA,NA,NA,NA
MANAGE_01046,MANAGE Research Network,NA,2/22/22,United States,NE,42.59903616,-97.252292,9,Cropping,102472454,15.370868,2,NA,29,5,NA,NA,NA,11.6,NA,NA,33,219,313,1873,67,11,1.7,77,1.1,8,0.6,6.2,NA,NA,NA,NA,NA
MANAGE_01047,MANAGE Research Network,NA,2/22/22,United States,NE,42.59903616,-97.252292,9,Cropping,89068954,13.360344,1,NA,23.2,4,NA,NA,NA,13.9,NA,NA,43,183,236,4793,139,11,3.2,61,1.9,10,1.2,7.7,NA,NA,NA,NA,NA
MANAGE_01048,MANAGE Research Network,NA,2/22/22,United States,NE,42.59903616,-97.252292,9,Cropping,105695448,15.854318,2,NA,23.78,4.1,NA,NA,NA,10.4,NA,NA,30,210,220,3228,161,11,2.9,51,1.9,8,1.4,7.8,NA,NA,NA,NA,NA
MANAGE_01049,MANAGE Research Network,NA,2/22/22,United States,NE,42.59903616,-97.252292,9,Cropping,101388106,15.208216,1,NA,26.1,4.5,NA,NA,NA,8.3,NA,NA,18,144,163,4533,123,11,1.3,41,1.3,4,1.3,7.6,NA,NA,NA,NA,NA
MANAGE_01050,MANAGE Research Network,NA,2/22/22,United States,NE,42.49290752,-96.867723,9,Cropping,101337638,15.200646,2,NA,17.4,3,NA,NA,NA,8.2,NA,NA,17,214,251,5752,150,10,1.9,50,1.7,8,0.9,7.9,NA,NA,NA,NA,NA
MANAGE_01051,MANAGE Research Network,NA,2/22/22,United States,NE,42.49290752,-96.867723,9,Cropping,107140704,16.071106,3,NA,23.2,4,NA,NA,NA,18.7,NA,NA,27,201,365,2675,188,9,4,69,1.9,4,1.2,7.2,NA,NA,NA,NA,NA
MANAGE_01052,MANAGE Research Network,NA,2/22/22,United States,NE,42.49290752,-96.867723,9,Cropping,101615468,15.24232,0,NA,20.3,3.5,NA,NA,NA,30,NA,NA,9,350,248,5136,206,10,2,56,1.3,3,0.8,7.8,NA,NA,NA,NA,NA
MANAGE_01053,MANAGE Research Network,NA,2/22/22,United States,NE,42.49290752,-96.867723,9,Cropping,107227350,16.084102,3,NA,20.88,3.6,NA,NA,NA,10.2,NA,NA,9,383,242,5649,188,10,1.9,48,1.6,6,1.3,7.8,NA,NA,NA,NA,NA
MANAGE_01054,MANAGE Research Network,NA,2/22/22,United States,NE,42.49290752,-96.867723,9,Cropping,116308016,17.446202,2,NA,26.68,4.6,NA,NA,NA,14.7,NA,NA,14,197,306,2288,73,14,1,68,1.3,7,0.7,6.3,NA,NA,NA,NA,NA
MANAGE_01055,MANAGE Research Network,NA,2/22/22,United States,NE,42.49290752,-96.867723,9,Cropping,112037982,16.805698,0,NA,34.22,5.9,NA,NA,NA,12.3,NA,NA,21,267,189,1461,67,9,1.1,103,1,6,0.7,5.6,NA,NA,NA,NA,NA
MANAGE_01056,MANAGE Research Network,NA,2/22/22,United States,NE,42.49290752,-96.867723,9,Cropping,106579298,15.986894,7,NA,34.8,6,NA,NA,NA,13.7,NA,NA,77,264,126,1274,54,8,2.9,128,0.8,8,0.5,5.8,NA,NA,NA,NA,NA
MANAGE_01057,MANAGE Research Network,NA,2/22/22,United States,NE,42.49290752,-96.867723,9,Cropping,105539674,15.830952,2,NA,27.26,4.7,NA,NA,NA,21,NA,NA,14,210,294,2914,128,10,1.3,66,2.1,9,1.4,7.1,NA,NA,NA,NA,NA
MANAGE_01058,MANAGE Research Network,NA,2/22/22,United States,NE,42.49290752,-96.867723,9,Cropping,129228192,19.384228,4,NA,27.84,4.8,NA,NA,NA,32.8,NA,NA,16,289,296,4861,184,10,3.4,51,1.8,6,1.6,7.5,NA,NA,NA,NA,NA
MANAGE_01059,MANAGE Research Network,NA,2/22/22,United States,NE,42.49290752,-96.867723,9,Cropping,100457062,15.06856,0,NA,30.74,5.3,NA,NA,NA,18.1,NA,NA,19,375,282,2224,90,11,1.2,74,1.2,9,0.8,6.7,NA,NA,NA,NA,NA
MANAGE_01060,MANAGE Research Network,NA,2/22/22,United States,NE,42.49290752,-96.867723,9,Cropping,89347094,13.402064,1,NA,27.26,4.7,NA,NA,NA,8,NA,NA,26,311,270,1809,126,12,2,97,1.4,7,0.7,5.8,NA,NA,NA,NA,NA
MANAGE_01061,MANAGE Research Network,NA,2/22/22,United States,NE,42.49290752,-96.867723,9,Cropping,119274770,17.891216,1,NA,27.26,4.7,NA,NA,NA,12.1,NA,NA,20,158,259,1499,54,15,1.2,104,1.1,11,0.4,5.3,NA,NA,NA,NA,NA
MANAGE_01062,MANAGE Research Network,NA,2/22/22,United States,NE,42.49290752,-96.867723,9,Cropping,112974830,16.946224,0,NA,28.42,4.9,NA,NA,NA,10.1,NA,NA,15,164,213,2634,133,15,3,48,1.5,5,1.3,7.5,NA,NA,NA,NA,NA
MANAGE_01063,MANAGE Research Network,NA,2/22/22,United States,NE,42.49290752,-96.867723,9,Cropping,108886924,16.333038,1,NA,29,5,NA,NA,NA,16,NA,NA,20,183,275,1736,73,12,1.5,82,1.3,10,0.6,5.9,NA,NA,NA,NA,NA
MANAGE_01064,MANAGE Research Network,NA,2/22/22,United States,NE,42.49290752,-96.867723,9,Cropping,113510924,17.026638,0,NA,31.32,5.4,NA,NA,NA,14,NA,NA,34,400,279,4994,144,11,3,42,1.7,6,2.1,7.8,NA,NA,NA,NA,NA
MANAGE_01065,MANAGE Research Network,NA,2/22/22,United States,NE,42.49290752,-96.867723,9,Cropping,106578286,15.986742,1,NA,27.84,4.8,NA,NA,NA,15.3,NA,NA,27,407,411,3063,205,12,4.6,61,1.9,8,1.8,7.3,NA,NA,NA,NA,NA
MANAGE_01066,MANAGE Research Network,NA,2/22/22,United States,NE,42.49290752,-96.867723,9,Cropping,135658870,20.34883,2,NA,33.06,5.7,NA,NA,NA,22.4,NA,NA,22,394,301,2333,114,12,2.9,80,1.4,7,0.9,6.6,NA,NA,NA,NA,NA
MANAGE_01067,MANAGE Research Network,NA,6/20/22,United States,NE,41.19888646,-101.66148,7,Cropping,106822806,16.02342,6,NA,12.76,2.2,NA,NA,NA,20.5,1.5,NA,74,415,111,1111,84,12,1,113,0.6,13,0.5,5.1,NA,NA,NA,NA,NA
MANAGE_01068,MANAGE Research Network,NA,6/20/22,United States,NE,41.19888646,-101.66148,7,Cropping,100324270,15.04864,0,NA,8.7,1.5,NA,NA,NA,1.8,1.4,NA,55,391,115,1044,75,11,1.1,92,0.6,12,0.3,6.2,NA,NA,NA,NA,NA
MANAGE_01069,MANAGE Research Network,NA,6/20/22,United States,NE,41.19888646,-101.66148,7,Cropping,118465650,17.769848,0,NA,6.96,1.2,NA,NA,NA,2.2,1.2,NA,62,347,133,1390,66,12,1.6,93,0.6,15,0.3,6.4,NA,NA,NA,NA,NA
MANAGE_01070,MANAGE Research Network,NA,6/20/22,United States,NE,41.19888646,-101.66148,7,Cropping,129208012,19.381202,10,NA,5.8,1,NA,NA,NA,1.6,2,NA,116,234,86,1297,30,11,0.9,99,0.4,20,0.2,6.7,NA,NA,NA,NA,NA
MANAGE_01071,MANAGE Research Network,NA,6/20/22,United States,NE,41.19888646,-101.66148,7,Cropping,114305326,17.145798,3,NA,4.64,0.8,NA,NA,NA,1.7,2.4,NA,111,140,107,1287,21,10,2.3,67,0.3,13,0.2,7,NA,NA,NA,NA,NA
MANAGE_01072,MANAGE Research Network,NA,6/20/22,United States,NE,41.19888646,-101.66148,7,Cropping,117024880,17.553732,1,NA,8.12,1.4,NA,NA,NA,2.4,1.8,NA,79,330,127,1686,47,10,1.5,80,0.5,17,0.2,6.9,NA,NA,NA,NA,NA
MANAGE_01073,MANAGE Research Network,NA,6/20/22,United States,NE,41.19888646,-101.66148,7,Cropping,122594500,18.389176,3,NA,6.38,1.1,NA,NA,NA,2.3,3.3,NA,86,338,89,997,51,12,2.2,114,0.4,13,0.2,6.2,NA,NA,NA,NA,NA
MANAGE_01074,MANAGE Research Network,NA,6/20/22,United States,NE,41.19888646,-101.66148,7,Cropping,98155622,14.723344,3,NA,14.5,2.5,NA,NA,NA,6.5,2,NA,121,473,198,1524,37,11,2.1,417,1.5,11,0.4,6.3,NA,NA,NA,NA,NA
MANAGE_01075,MANAGE Research Network,NA,6/20/22,United States,NE,41.19888646,-101.66148,7,Cropping,100419668,15.06295,4,NA,9.28,1.6,NA,NA,NA,3.3,3.7,NA,62,305,139,1238,37,10,0.9,241,0.8,12,0.3,6.1,NA,NA,NA,NA,NA
MANAGE_01076,MANAGE Research Network,NA,6/20/22,United States,NE,41.19888646,-101.66148,7,Cropping,99390696,14.908604,6,NA,4.64,0.8,NA,NA,NA,3.1,1.7,NA,126,231,57,632,18,10,1.4,103,0.3,11,0.2,6,NA,NA,NA,NA,NA
MANAGE_01077,MANAGE Research Network,NA,6/20/22,United States,NE,41.19888646,-101.66148,7,Cropping,101016716,15.152508,3,NA,5.22,0.9,NA,NA,NA,1.4,1,NA,69,223,66,889,47,11,1.3,79,0.4,12,0.2,6.5,NA,NA,NA,NA,NA
MANAGE_01078,MANAGE Research Network,NA,6/20/22,United States,NE,41.19888646,-101.66148,7,Cropping,97727858,14.659178,5,NA,4.64,0.8,NA,NA,NA,1.5,1,NA,53,153,116,970,26,11,0.8,63,0.3,9,0.2,6.1,NA,NA,NA,NA,NA
MANAGE_01079,MANAGE Research Network,NA,6/20/22,United States,NE,41.19888646,-101.66148,7,Cropping,101659290,15.248894,0,NA,5.8,1,NA,NA,NA,1.8,1,NA,48,249,118,1376,46,12,1.3,74,0.5,10,0.3,6.6,NA,NA,NA,NA,NA
MANAGE_01080,MANAGE Research Network,NA,6/20/22,United States,NE,41.19888646,-101.66148,7,Cropping,95954542,14.393182,0,NA,6.96,1.2,NA,NA,NA,1.9,1.4,NA,53,265,148,1259,48,11,0.9,105,0.6,13,0.2,6.3,NA,NA,NA,NA,NA
MANAGE_01081,MANAGE Research Network,NA,6/20/22,United States,NE,41.19888646,-101.66148,7,Cropping,106566146,15.984922,2,NA,15.08,2.6,NA,NA,NA,3.4,1.1,NA,103,525,225,2205,49,13,3.1,322,1.6,15,0.4,6.5,NA,NA,NA,NA,NA
MANAGE_01082,MANAGE Research Network,NA,6/20/22,United States,NE,41.19888646,-101.66148,7,Cropping,91407312,13.711096,6,NA,16.24,2.8,NA,NA,NA,8,2.5,NA,135,503,179,1915,39,12,2,383,1.4,15,0.3,6.2,NA,NA,NA,NA,NA
MANAGE_01083,MANAGE Research Network,NA,6/20/22,United States,NE,41.19888646,-101.66148,7,Cropping,91695132,13.75427,0,NA,6.96,1.2,NA,NA,NA,3,1.1,NA,55,300,101,1166,60,10,1,96,0.5,13,0.2,6.4,NA,NA,NA,NA,NA
MANAGE_01084,MANAGE Research Network,NA,6/20/22,United States,NE,41.19888646,-101.66148,7,Cropping,100513766,15.077064,0,NA,5.22,0.9,NA,NA,NA,3.1,1,NA,56,242,71,943,40,10,1,75,0.4,13,0.2,6.6,NA,NA,NA,NA,NA
MANAGE_01085,MANAGE Research Network,NA,6/20/22,United States,NE,41.19888646,-101.66148,7,Cropping,87407584,13.111138,0,NA,9.28,1.6,NA,NA,NA,2.8,1,NA,66,305,143,1641,37,12,1.8,91,0.6,14,0.3,6.8,NA,NA,NA,NA,NA
MANAGE_01086,MANAGE Research Network,NA,6/20/22,United States,NE,41.19888646,-101.66148,7,Cropping,98696238,14.804436,0,NA,7.54,1.3,NA,NA,NA,2.4,1.7,NA,51,243,125,1367,54,13,1,79,0.6,14,0.3,6.7,NA,NA,NA,NA,NA
MANAGE_01087,MANAGE Research Network,NA,6/20/22,United States,NE,41.19888646,-101.66148,7,Cropping,85910938,12.88664,0,NA,5.8,1,NA,NA,NA,2.1,1.6,NA,60,184,158,1250,30,12,0.6,64,0.3,11,0.2,6.7,NA,NA,NA,NA,NA
MANAGE_01088,MANAGE Research Network,NA,6/20/22,United States,NE,41.19888646,-101.66148,7,Cropping,100333326,15.049998,1,NA,9.86,1.7,NA,NA,NA,3.9,3.8,NA,85,302,207,1824,57,12,2.1,84,0.7,17,0.2,6.5,NA,NA,NA,NA,NA
MANAGE_01089,MANAGE Research Network,NA,6/20/22,United States,NE,41.19888646,-101.66148,7,Cropping,93453530,14.01803,2,NA,9.86,1.7,NA,NA,NA,1.4,1.8,NA,74,329,155,1410,71,10,1.5,106,0.9,17,0.3,5.9,NA,NA,NA,NA,NA
MANAGE_01090,MANAGE Research Network,NA,8/23/22,United States,NC,36.41778035,-77.396722,6,Cropping,100504972,15.075746,8,NA,15.08,2.6,NA,NA,NA,NA,NA,NA,38,152,67,638,14,10,1.1,119,0.8,16,0.4,5.8,NA,NA,65,NA,NA
MANAGE_01091,MANAGE Research Network,NA,8/23/22,United States,NC,36.41778035,-77.396722,6,Cropping,101400380,15.210058,1,NA,15.08,2.6,NA,NA,NA,NA,NA,NA,15,148,63,589,12,9,0.7,70,0.7,13,0.3,5.8,NA,NA,65,NA,NA
MANAGE_01092,MANAGE Research Network,NA,8/23/22,United States,NC,36.41778035,-77.396722,6,Cropping,100168564,15.025284,0,NA,12.76,2.2,NA,NA,NA,NA,NA,NA,13,134,66,636,14,10,0.9,64,0.6,10,0.4,6.2,NA,NA,65,NA,NA
MANAGE_01093,MANAGE Research Network,NA,8/23/22,United States,NC,36.41778035,-77.396722,6,Cropping,80847100,12.127064,1,NA,12.76,2.2,NA,NA,NA,NA,NA,NA,32,151,55,599,14,10,1,89,1.1,15,0.4,5.7,NA,NA,65,NA,NA
MANAGE_01094,MANAGE Research Network,NA,8/23/22,United States,NC,36.41778035,-77.396722,6,Cropping,122176770,18.326516,3,NA,12.76,2.2,NA,NA,NA,NA,NA,NA,14,130,71,640,14,10,0.9,58,0.7,13,0.4,6,NA,NA,65,NA,NA
MANAGE_01095,MANAGE Research Network,NA,8/23/22,United States,NC,36.41778035,-77.396722,6,Cropping,105262154,15.789324,1,NA,11.02,1.9,NA,NA,NA,NA,NA,NA,17,160,62,547,13,11,0.8,72,0.6,17,0.4,5.8,NA,NA,65,NA,NA
MANAGE_01096,MANAGE Research Network,NA,8/23/22,United States,NC,36.41778035,-77.396722,6,Cropping,80780124,12.117018,1,NA,12.18,2.1,NA,NA,NA,NA,NA,NA,37,126,53,629,14,10,1.2,95,1.3,15,0.4,5.8,NA,NA,65,NA,NA
MANAGE_01097,MANAGE Research Network,NA,8/23/22,United States,NC,36.41778035,-77.396722,6,Cropping,101101056,15.165158,0,NA,11.02,1.9,NA,NA,NA,NA,NA,NA,13,153,53,568,11,10,0.8,57,0.8,13,0.3,5.6,NA,NA,65,NA,NA
MANAGE_01098,MANAGE Research Network,NA,8/23/22,United States,NC,36.41778035,-77.396722,6,Cropping,105111238,15.766686,1,NA,13.92,2.4,NA,NA,NA,NA,NA,NA,13,137,54,518,15,9,0.9,76,0.7,16,0.4,5.7,NA,NA,65,NA,NA
MANAGE_01099,MANAGE Research Network,NA,8/23/22,United States,NC,36.41778035,-77.396722,6,Cropping,109162828,16.374424,2,NA,13.92,2.4,NA,NA,NA,NA,NA,NA,31,146,46,576,15,9,1.1,93,0.9,16,0.4,5.9,NA,NA,65,NA,NA
MANAGE_01100,MANAGE Research Network,NA,8/23/22,United States,NC,36.41778035,-77.396722,6,Cropping,103680090,15.552014,0,NA,12.18,2.1,NA,NA,NA,NA,NA,NA,14,136,69,691,15,10,0.8,62,0.9,17,0.4,5.6,NA,NA,65,NA,NA
MANAGE_01101,MANAGE Research Network,NA,8/23/22,United States,NC,36.41778035,-77.396722,6,Cropping,103405228,15.510784,2,NA,14.5,2.5,NA,NA,NA,NA,NA,NA,11,171,58,594,14,10,0.8,54,0.7,14,0.3,5.9,NA,NA,65,NA,NA
MANAGE_01102,MANAGE Research Network,NA,8/23/22,United States,NC,36.41778035,-77.396722,6,Cropping,104918272,15.73774,2,NA,12.76,2.2,NA,NA,NA,NA,NA,NA,42,168,51,601,14,10,1.6,111,0.9,19,0.4,6.1,NA,NA,65,NA,NA
MANAGE_01103,MANAGE Research Network,NA,8/23/22,United States,NC,36.41778035,-77.396722,6,Cropping,103001086,15.450162,3,NA,11.6,2,NA,NA,NA,NA,NA,NA,13,140,62,540,12,10,0.8,65,0.7,13,0.3,5,NA,NA,65,NA,NA
MANAGE_01104,MANAGE Research Network,NA,8/23/22,United States,NC,36.41778035,-77.396722,6,Cropping,106723122,16.008468,1,NA,13.92,2.4,NA,NA,NA,NA,NA,NA,15,132,69,628,12,8,1,64,0.7,14,0.4,5.8,NA,NA,65,NA,NA
MANAGE_01105,MANAGE Research Network,NA,8/23/22,United States,NC,36.41778035,-77.396722,6,Cropping,88004840,13.200726,2,NA,12.76,2.2,NA,NA,NA,NA,NA,NA,36,161,58,534,15,10,1.1,108,0.8,24,0.4,5.3,NA,NA,65,NA,NA
MANAGE_01106,MANAGE Research Network,NA,8/23/22,United States,NC,36.41778035,-77.396722,6,Cropping,99805598,14.97084,2,NA,13.34,2.3,NA,NA,NA,NA,NA,NA,17,152,60,559,13,10,0.8,72,0.6,17,0.4,5.5,NA,NA,65,NA,NA
MANAGE_01107,MANAGE Research Network,NA,8/23/22,United States,NC,36.41778035,-77.396722,6,Cropping,102133876,15.320082,0,NA,13.92,2.4,NA,NA,NA,NA,NA,NA,13,177,71,558,12,11,0.8,71,0.5,17,0.3,4.9,NA,NA,65,NA,NA
MANAGE_01108,MANAGE Research Network,NA,8/23/22,United States,NC,36.41778035,-77.396722,6,Cropping,85224006,12.7836,0,NA,12.18,2.1,NA,NA,NA,NA,NA,NA,34,171,65,627,15,10,1.2,106,1,20,0.4,5.9,NA,NA,65,NA,NA
MANAGE_01109,MANAGE Research Network,NA,8/23/22,United States,NC,36.41778035,-77.396722,6,Cropping,103202150,15.480322,4,NA,13.34,2.3,NA,NA,NA,NA,NA,NA,17,176,56,521,13,11,0.9,80,0.8,17,0.3,5.2,NA,NA,65,NA,NA
MANAGE_01110,MANAGE Research Network,NA,8/23/22,United States,NC,36.41778035,-77.396722,6,Cropping,107379954,16.106994,4,NA,13.92,2.4,NA,NA,NA,NA,NA,NA,12,141,59,499,10,10,0.8,79,0.5,19,0.4,5.4,NA,NA,65,NA,NA
MANAGE_01111,MANAGE Research Network,NA,8/23/22,United States,NC,36.41778035,-77.396722,6,Cropping,114545202,17.18178,0,NA,12.18,2.1,NA,NA,NA,NA,NA,NA,29,144,62,606,14,9,1,87,0.8,18,0.4,5.8,NA,NA,65,NA,NA
MANAGE_01112,MANAGE Research Network,NA,8/23/22,United States,NC,36.41778035,-77.396722,6,Cropping,101168268,15.17524,0,NA,13.34,2.3,NA,NA,NA,NA,NA,NA,14,151,55,508,11,10,0.9,69,0.7,13,0.4,5.4,NA,NA,65,NA,NA
MANAGE_01113,MANAGE Research Network,NA,8/23/22,United States,NC,36.41778035,-77.396722,6,Cropping,88428878,13.264332,2,NA,10.44,1.8,NA,NA,NA,NA,NA,NA,16,140,56,504,13,9,0.8,72,0.7,9,0.4,5.1,NA,NA,65,NA,NA
MANAGE_01114,MANAGE Research Network,NA,8/23/22,United States,NC,36.41778035,-77.396722,6,Cropping,99481252,14.922188,3,NA,12.18,2.1,NA,NA,NA,NA,NA,NA,30,160,47,534,14,9,0.8,89,0.8,14,0.4,5.2,NA,NA,65,NA,NA
MANAGE_01115,MANAGE Research Network,NA,8/23/22,United States,NC,36.41778035,-77.396722,6,Cropping,99108984,14.866348,3,NA,11.02,1.9,NA,NA,NA,NA,NA,NA,17,162,55,468,11,9,0.7,79,0.6,20,0.3,5.2,NA,NA,65,NA,NA
MANAGE_01116,MANAGE Research Network,NA,8/23/22,United States,NC,36.41778035,-77.396722,6,Cropping,106985314,16.047798,1,NA,13.34,2.3,NA,NA,NA,NA,NA,NA,12,193,62,544,12,10,0.7,65,0.7,19,0.4,5.4,NA,NA,65,NA,NA
MANAGE_01117,MANAGE Research Network,NA,8/18/22,United States,NC,36.20581553,-76.441094,1,Cropping,96419888,14.462984,0,NA,17.4,3,NA,NA,NA,NA,NA,NA,101,146,118,1057,9,11,1.8,270,0.8,19,0.5,6,NA,NA,83.6,NA,NA
MANAGE_01118,MANAGE Research Network,NA,8/18/22,United States,NC,36.20581553,-76.441094,1,Cropping,83920414,12.588062,0,NA,18.56,3.2,NA,NA,NA,NA,NA,NA,65,119,127,1121,7,13,1.4,219,0.6,21,0.5,5.9,NA,NA,83.6,NA,NA
MANAGE_01119,MANAGE Research Network,NA,8/18/22,United States,NC,36.20581553,-76.441094,1,Cropping,90406898,13.561034,1,NA,16.24,2.8,NA,NA,NA,NA,NA,NA,80,145,81,680,7,10,1.4,236,0.5,17,0.3,5.6,NA,NA,83.6,NA,NA
MANAGE_01120,MANAGE Research Network,NA,8/18/22,United States,NC,36.20581553,-76.441094,1,Cropping,88512192,13.276828,0,NA,11.02,1.9,NA,NA,NA,NA,NA,NA,54,73,51,594,7,11,1.1,204,0.4,21,0.3,6.1,NA,NA,83.6,NA,NA
MANAGE_01121,MANAGE Research Network,NA,8/18/22,United States,NC,36.20581553,-76.441094,1,Cropping,97285236,14.592786,1,NA,16.82,2.9,NA,NA,NA,NA,NA,NA,77,117,94,878,7,12,1.5,211,0.5,31,0.4,5.7,NA,NA,83.6,NA,NA
MANAGE_01122,MANAGE Research Network,NA,8/18/22,United States,NC,36.20581553,-76.441094,1,Cropping,87669870,13.15048,2,NA,11.6,2,NA,NA,NA,NA,NA,NA,70,137,89,659,7,15,1.2,226,0.6,39,0.4,5.6,NA,NA,83.6,NA,NA
MANAGE_01123,MANAGE Research Network,NA,8/18/22,United States,NC,36.20581553,-76.441094,1,Cropping,97798486,14.669772,1,NA,12.76,2.2,NA,NA,NA,NA,NA,NA,79,112,66,584,7,11,1.3,187,0.5,22,0.3,5.7,NA,NA,83.6,NA,NA
MANAGE_01124,MANAGE Research Network,NA,8/18/22,United States,NC,36.20581553,-76.441094,1,Cropping,86003946,12.900592,3,NA,18.56,3.2,NA,NA,NA,NA,NA,NA,71,164,114,945,7,12,1.3,236,0.6,21,0.5,5.7,NA,NA,83.6,NA,NA
MANAGE_01125,MANAGE Research Network,NA,8/18/22,United States,NC,36.20581553,-76.441094,1,Cropping,98159498,14.723924,1,NA,14.5,2.5,NA,NA,NA,NA,NA,NA,109,159,93,835,10,12,1.8,286,0.8,27,0.5,5.5,NA,NA,83.6,NA,NA
MANAGE_01126,MANAGE Research Network,NA,8/18/22,United States,NC,36.20581553,-76.441094,1,Cropping,88813880,13.322082,1,NA,15.66,2.7,NA,NA,NA,NA,NA,NA,93,125,101,846,8,12,1.5,251,0.6,25,0.4,5.9,NA,NA,83.6,NA,NA
MANAGE_01127,MANAGE Research Network,NA,8/18/22,United States,NC,36.20581553,-76.441094,1,Cropping,93733122,14.059968,0,NA,21.46,3.7,NA,NA,NA,NA,NA,NA,104,166,141,1190,9,13,1.7,251,0.8,29,0.5,6,NA,NA,83.6,NA,NA
MANAGE_01128,MANAGE Research Network,NA,8/18/22,United States,NC,36.20581553,-76.441094,1,Cropping,88014964,13.202244,0,NA,15.08,2.6,NA,NA,NA,NA,NA,NA,95,152,73,628,8,14,1.4,238,0.6,31,0.3,5.4,NA,NA,83.6,NA,NA
MANAGE_01129,MANAGE Research Network,NA,8/18/22,United States,NC,36.20581553,-76.441094,1,Cropping,90956714,13.643508,2,NA,13.34,2.3,NA,NA,NA,NA,NA,NA,93,98,47,502,8,10,1.2,237,0.5,18,0.3,5.3,NA,NA,83.6,NA,NA
MANAGE_01130,MANAGE Research Network,NA,8/18/22,United States,NC,36.20581553,-76.441094,1,Cropping,80585712,12.087856,0,NA,19.72,3.4,NA,NA,NA,NA,NA,NA,88,179,109,925,7,10,1.5,255,0.7,33,0.4,5.7,NA,NA,83.6,NA,NA
MANAGE_01131,MANAGE Research Network,NA,8/18/22,United States,NC,36.20581553,-76.441094,1,Cropping,86527416,12.979112,0,NA,13.92,2.4,NA,NA,NA,NA,NA,NA,51,88,96,817,8,18,1,234,0.6,20,0.4,5.9,NA,NA,83.6,NA,NA
MANAGE_01132,MANAGE Research Network,NA,8/18/22,United States,NC,36.20581553,-76.441094,1,Cropping,87518292,13.127744,1,NA,14.5,2.5,NA,NA,NA,NA,NA,NA,69,81,62,690,8,9,1.5,231,0.5,27,0.4,5.7,NA,NA,83.6,NA,NA
MANAGE_01133,MANAGE Research Network,NA,8/18/22,United States,NC,36.20581553,-76.441094,1,Cropping,80727078,12.109062,1,NA,19.14,3.3,NA,NA,NA,NA,NA,NA,78,174,116,982,7,13,1.3,246,0.7,23,0.5,5.7,NA,NA,83.6,NA,NA
MANAGE_01134,MANAGE Research Network,NA,8/18/22,United States,NC,36.20581553,-76.441094,1,Cropping,78862126,11.829318,0,NA,12.76,2.2,NA,NA,NA,NA,NA,NA,95,165,78,617,9,12,1.5,280,0.7,43,0.4,5.7,NA,NA,83.6,NA,NA
MANAGE_01135,MANAGE Research Network,NA,8/18/22,United States,NC,36.20581553,-76.441094,1,Cropping,99626766,14.944014,5,NA,11.6,2,NA,NA,NA,NA,NA,NA,75,102,55,541,8,11,1.3,218,0.6,33,0.3,5.5,NA,NA,83.6,NA,NA
MANAGE_01136,MANAGE Research Network,NA,8/18/22,United States,NC,36.20581553,-76.441094,3,Cropping,96462764,14.469414,0,NA,19.72,3.4,NA,NA,NA,NA,NA,NA,81,200,112,981,8,14,1.4,263,0.8,22,0.4,5.7,NA,NA,83.6,NA,NA
MANAGE_01137,MANAGE Research Network,NA,8/18/22,United States,NC,36.20581553,-76.441094,1,Cropping,100902668,15.1354,1,NA,16.24,2.8,NA,NA,NA,NA,NA,NA,97,198,95,803,7,11,1.5,265,0.6,28,0.4,5.6,NA,NA,83.6,NA,NA
MANAGE_01138,MANAGE Research Network,NA,8/18/22,United States,NC,36.20581553,-76.441094,1,Cropping,104218214,15.632732,0,NA,15.66,2.7,NA,NA,NA,NA,NA,NA,68,95,100,911,9,12,1.4,248,0.6,32,0.4,5.7,NA,NA,83.6,NA,NA
MANAGE_01139,MANAGE Research Network,NA,8/18/22,United States,NC,36.20581553,-76.441094,1,Cropping,93181838,13.977276,1,NA,18.56,3.2,NA,NA,NA,NA,NA,NA,61,75,132,1050,8,15,1.4,215,0.6,36,0.4,6.2,NA,NA,83.6,NA,NA
MANAGE_01140,MANAGE Research Network,NA,8/18/22,United States,NC,36.20581553,-76.441094,1,Cropping,83716362,12.557454,1,NA,12.18,2.1,NA,NA,NA,NA,NA,NA,89,137,68,557,6,12,1.4,217,0.4,17,0.4,5.7,NA,NA,83.6,NA,NA
MANAGE_01141,MANAGE Research Network,NA,8/18/22,United States,NC,36.20581553,-76.441094,1,Cropping,83658494,12.548774,0,NA,13.34,2.3,NA,NA,NA,NA,NA,NA,75,124,69,630,8,11,1.3,223,0.6,19,0.4,5.6,NA,NA,83.6,NA,NA
MANAGE_01142,MANAGE Research Network,NA,8/18/22,United States,NC,36.20581553,-76.441094,1,Cropping,92569740,13.88546,1,NA,19.72,3.4,NA,NA,NA,NA,NA,NA,83,144,109,1076,8,11,1.8,254,0.7,21,0.6,6,NA,NA,83.6,NA,NA
MANAGE_01143,MANAGE Research Network,NA,8/22/22,United States,NC,36.20581553,-76.441094,1,Cropping,110468814,16.570322,0,NA,16.24,2.8,NA,NA,NA,NA,NA,NA,73,136,106,996,7,16,1.7,189,0.6,27,0.5,5.7,NA,NA,83.6,NA,NA
MANAGE_01144,MANAGE Research Network,NA,8/22/22,United States,NC,36.20581553,-76.441094,1,Cropping,105007406,15.75111,0,NA,17.98,3.1,NA,NA,NA,NA,NA,NA,81,146,127,1157,7,16,2,199,0.7,27,0.4,5.5,NA,NA,83.6,NA,NA
MANAGE_01145,MANAGE Research Network,NA,8/22/22,United States,NC,36.20581553,-76.441094,1,Cropping,108418760,16.262814,2,NA,14.5,2.5,NA,NA,NA,NA,NA,NA,77,161,87,697,6,12,1.6,224,0.5,19,0.4,5.4,NA,NA,83.6,NA,NA
MANAGE_01146,MANAGE Research Network,NA,8/22/22,United States,NC,36.20581553,-76.441094,1,Cropping,110562802,16.58442,1,NA,12.18,2.1,NA,NA,NA,NA,NA,NA,57,100,51,613,7,15,1.3,162,0.4,24,0.3,5.2,NA,NA,83.6,NA,NA
MANAGE_01147,MANAGE Research Network,NA,8/22/22,United States,NC,36.20581553,-76.441094,1,Cropping,97045752,14.556862,4,NA,16.24,2.8,NA,NA,NA,NA,NA,NA,97,152,102,949,9,13,1.8,214,0.6,28,0.4,5,NA,NA,83.6,NA,NA
MANAGE_01148,MANAGE Research Network,NA,8/22/22,United States,NC,36.20581553,-76.441094,1,Cropping,96498958,14.474844,2,NA,13.92,2.4,NA,NA,NA,NA,NA,NA,101,138,79,719,8,12,1.5,207,0.5,13,0.4,4.9,NA,NA,83.6,NA,NA
MANAGE_01149,MANAGE Research Network,NA,8/22/22,United States,NC,36.20581553,-76.441094,1,Cropping,121452932,18.21794,1,NA,21.46,3.7,NA,NA,NA,NA,NA,NA,77,190,182,1194,6,15,2,190,0.7,23,0.5,5.8,NA,NA,83.6,NA,NA
MANAGE_01150,MANAGE Research Network,NA,8/22/22,United States,NC,36.20581553,-76.441094,1,Cropping,96082444,14.412366,0,NA,17.4,3,NA,NA,NA,NA,NA,NA,88,160,86,807,8,17,1.9,222,0.7,22,0.4,5,NA,NA,83.6,NA,NA
MANAGE_01151,MANAGE Research Network,NA,8/22/22,United States,NC,36.20581553,-76.441094,1,Cropping,102970056,15.445508,2,NA,11.6,2,NA,NA,NA,NA,NA,NA,67,118,66,563,6,14,1.3,144,0.3,24,0.4,5.5,NA,NA,83.6,NA,NA
MANAGE_01152,MANAGE Research Network,NA,8/22/22,United States,NC,36.20581553,-76.441094,1,Cropping,110074592,16.511188,3,NA,13.92,2.4,NA,NA,NA,NA,NA,NA,88,159,108,809,8,15,1.6,184,0.5,23,0.4,5.5,NA,NA,83.6,NA,NA
MANAGE_01153,MANAGE Research Network,NA,8/22/22,United States,NC,36.20581553,-76.441094,1,Cropping,100287752,15.043162,0,NA,19.72,3.4,NA,NA,NA,NA,NA,NA,106,181,123,1116,9,19,2.1,199,0.8,28,0.5,5.2,NA,NA,83.6,NA,NA
MANAGE_01154,MANAGE Research Network,NA,8/22/22,United States,NC,36.20581553,-76.441094,1,Cropping,101891790,15.283768,2,NA,13.34,2.3,NA,NA,NA,NA,NA,NA,85,128,73,698,7,13,1.6,218,0.6,16,0.3,5.1,NA,NA,83.6,NA,NA
MANAGE_01155,MANAGE Research Network,NA,8/22/22,United States,NC,36.20581553,-76.441094,1,Cropping,112982810,16.947422,1,NA,12.76,2.2,NA,NA,NA,NA,NA,NA,79,144,76,609,7,13,1.4,182,0.4,20,0.3,5.4,NA,NA,83.6,NA,NA
MANAGE_01156,MANAGE Research Network,NA,8/22/22,United States,NC,36.20581553,-76.441094,1,Cropping,95463450,14.319518,0,NA,20.88,3.6,NA,NA,NA,NA,NA,NA,107,223,155,1060,6,17,2,215,0.7,24,0.4,5.5,NA,NA,83.6,NA,NA
MANAGE_01157,MANAGE Research Network,NA,8/22/22,United States,NC,36.20581553,-76.441094,1,Cropping,95944848,14.391728,2,NA,13.34,2.3,NA,NA,NA,NA,NA,NA,70,122,90,750,6,15,1.4,195,0.5,25,0.4,4.9,NA,NA,83.6,NA,NA
MANAGE_01158,MANAGE Research Network,NA,8/22/22,United States,NC,36.20581553,-76.441094,1,Cropping,117288382,17.593258,0,NA,12.18,2.1,NA,NA,NA,NA,NA,NA,56,94,52,584,7,15,1.2,174,0.4,20,0.3,5.1,NA,NA,83.6,NA,NA
MANAGE_01159,MANAGE Research Network,NA,8/22/22,United States,NC,36.20581553,-76.441094,1,Cropping,103588642,15.538296,1,NA,16.82,2.9,NA,NA,NA,NA,NA,NA,92,201,113,1018,8,17,2.1,210,0.7,27,0.4,5.2,NA,NA,83.6,NA,NA
MANAGE_01160,MANAGE Research Network,NA,8/22/22,United States,NC,36.20581553,-76.441094,1,Cropping,93903242,14.085486,1,NA,9.86,1.7,NA,NA,NA,NA,NA,NA,74,115,68,646,7,12,1.4,214,0.5,21,0.3,5.1,NA,NA,83.6,NA,NA
MANAGE_01161,MANAGE Research Network,NA,8/22/22,United States,NC,36.20581553,-76.441094,1,Cropping,102290710,15.343606,0,NA,13.34,2.3,NA,NA,NA,NA,NA,NA,71,87,39,497,7,13,1.5,165,0.5,21,0.3,5.2,NA,NA,83.6,NA,NA
MANAGE_01162,MANAGE Research Network,NA,8/22/22,United States,NC,36.20581553,-76.441094,1,Cropping,90089316,13.513398,0,NA,17.4,3,NA,NA,NA,NA,NA,NA,109,207,107,1007,9,15,2.1,227,0.7,23,0.4,5.1,NA,NA,83.6,NA,NA
MANAGE_01163,MANAGE Research Network,NA,8/22/22,United States,NC,36.20581553,-76.441094,1,Cropping,111664926,16.749738,0,NA,15.08,2.6,NA,NA,NA,NA,NA,NA,96,187,110,797,7,11,1.8,227,0.6,21,0.4,5.4,NA,NA,83.6,NA,NA
MANAGE_01164,MANAGE Research Network,NA,8/22/22,United States,NC,36.20581553,-76.441094,1,Cropping,107503216,16.125482,1,NA,15.66,2.7,NA,NA,NA,NA,NA,NA,66,113,105,933,9,19,1.6,200,0.6,33,0.4,5,NA,NA,83.6,NA,NA
MANAGE_01165,MANAGE Research Network,NA,8/22/22,United States,NC,36.20581553,-76.441094,1,Cropping,120546506,18.081976,1,NA,22.04,3.8,NA,NA,NA,NA,NA,NA,79,129,140,1206,9,20,2,190,0.7,38,0.5,5.1,NA,NA,83.6,NA,NA
MANAGE_01166,MANAGE Research Network,NA,8/22/22,United States,NC,36.20581553,-76.441094,1,Cropping,102125694,15.318854,2,NA,16.24,2.8,NA,NA,NA,NA,NA,NA,82,168,101,680,8,10,1.9,208,0.4,11,0.3,5.2,NA,NA,83.6,NA,NA
MANAGE_01167,MANAGE Research Network,NA,8/22/22,United States,NC,36.20581553,-76.441094,1,Cropping,107622598,16.14339,1,NA,13.34,2.3,NA,NA,NA,NA,NA,NA,71,156,73,651,8,14,1.4,175,0.6,23,0.4,5.3,NA,NA,83.6,NA,NA
MANAGE_01168,MANAGE Research Network,NA,8/22/22,United States,NC,36.20581553,-76.441094,1,Cropping,107983918,16.197588,1,NA,17.98,3.1,NA,NA,NA,NA,NA,NA,87,211,143,1090,10,17,2.1,213,0.7,34,0.5,5.3,NA,NA,83.6,NA,NA
MANAGE_01169,MANAGE Research Network,NA,8/22/22,United States,NC,36.20581553,-76.441094,1,Cropping,95177964,14.276694,1,NA,13.34,2.3,NA,NA,NA,NA,NA,NA,73,123,78,614,8,13,1.3,201,0.5,24,0.3,4.9,NA,NA,83.6,NA,NA
MANAGE_01170,MANAGE Research Network,NA,2/22/22,United States,ND,47.71771241,-98.901621,7,Cropping,105029446,15.754416,1,NA,17.4,3,NA,NA,NA,7.3,NA,NA,28,169,207,1549,113,12,1.5,105,0.6,13,0.5,6.5,NA,NA,NA,NA,NA
MANAGE_01171,MANAGE Research Network,NA,2/22/22,United States,ND,47.71771241,-98.901621,7,Cropping,82882444,12.432366,2,NA,13.34,2.3,NA,NA,NA,10.6,NA,NA,49,130,186,1160,112,12,1.3,113,0.6,12,0.3,5.9,NA,NA,NA,NA,NA
MANAGE_01172,MANAGE Research Network,NA,2/22/22,United States,ND,47.71771241,-98.901621,7,Cropping,102138752,15.320812,0,NA,18.56,3.2,NA,NA,NA,15.3,NA,NA,35,92,293,1737,150,24,1.8,95,0.7,10,1,6.9,NA,NA,NA,NA,NA
MANAGE_01173,MANAGE Research Network,NA,2/22/22,United States,ND,47.71771241,-98.901621,7,Cropping,103640920,15.546138,3,NA,27.84,4.8,NA,NA,NA,2.4,NA,NA,14,108,2172,7554,249,587,1.9,42,1.8,83,6.1,8.8,NA,NA,NA,NA,NA
MANAGE_01174,MANAGE Research Network,NA,2/22/22,United States,ND,47.71771241,-98.901621,7,Cropping,100671676,15.100752,3,NA,52.78,9.1,NA,NA,NA,7,NA,NA,14,86,2031,18354,252,366,4.3,32,1.7,162,5.1,8.3,NA,NA,NA,NA,NA
MANAGE_01175,MANAGE Research Network,NA,2/22/22,United States,ND,47.71771241,-98.901621,7,Cropping,83720056,12.558008,0,NA,22.04,3.8,NA,NA,NA,8.3,NA,NA,19,79,323,2101,129,19,1.8,92,0.8,14,0.8,6.6,NA,NA,NA,NA,NA
MANAGE_01176,MANAGE Research Network,NA,2/22/22,United States,ND,47.71771241,-98.901621,7,Cropping,88379116,13.256868,1,NA,17.98,3.1,NA,NA,NA,22.3,NA,NA,45,107,215,1307,119,14,1,108,0.6,12,0.4,5.6,NA,NA,NA,NA,NA
MANAGE_01177,MANAGE Research Network,NA,2/22/22,United States,ND,47.71771241,-98.901621,7,Cropping,127235014,19.085252,4,NA,19.14,3.3,NA,NA,NA,23,NA,NA,53,182,299,1739,129,15,2.2,90,0.8,10,0.7,6.9,NA,NA,NA,NA,NA
MANAGE_01178,MANAGE Research Network,NA,2/22/22,United States,ND,47.71771241,-98.901621,7,Cropping,81441934,12.21629,3,NA,19.14,3.3,NA,NA,NA,19.5,NA,NA,60,270,253,1571,108,17,2,96,0.6,11,0.6,6.4,NA,NA,NA,NA,NA
MANAGE_01179,MANAGE Research Network,NA,2/22/22,United States,ND,47.71771241,-98.901621,7,Cropping,76073330,11.411,1,NA,18.56,3.2,NA,NA,NA,35.1,NA,NA,84,361,282,1938,130,18,3.1,99,1,17,0.7,6.8,NA,NA,NA,NA,NA
MANAGE_01180,MANAGE Research Network,NA,2/22/22,United States,ND,47.71771241,-98.901621,7,Cropping,79598242,11.939736,0,NA,20.88,3.6,NA,NA,NA,39.4,NA,NA,79,380,242,1590,128,16,3.3,98,0.8,18,0.6,6.2,NA,NA,NA,NA,NA
MANAGE_01181,MANAGE Research Network,NA,2/22/22,United States,ND,47.71771241,-98.901621,7,Cropping,84142068,12.62131,1,NA,18.56,3.2,NA,NA,NA,9.6,NA,NA,54,369,214,1294,113,14,1.8,93,0.6,13,0.5,6.3,NA,NA,NA,NA,NA
MANAGE_01182,MANAGE Research Network,NA,2/22/22,United States,ND,47.71771241,-98.901621,7,Cropping,71431108,10.714666,0,NA,20.88,3.6,NA,NA,NA,18.4,NA,NA,69,296,305,2206,177,19,3.4,77,1.1,17,1,7.5,NA,NA,NA,NA,NA
MANAGE_01183,MANAGE Research Network,NA,2/22/22,United States,ND,47.71771241,-98.901621,7,Cropping,92404488,13.860674,1,NA,20.88,3.6,NA,NA,NA,17.6,NA,NA,32,141,270,1690,138,19,1.7,84,0.8,8,0.6,6.8,NA,NA,NA,NA,NA
MANAGE_01184,MANAGE Research Network,NA,2/22/22,United States,ND,47.71771241,-98.901621,7,Cropping,113907446,17.086116,1,NA,20.88,3.6,NA,NA,NA,27.5,NA,NA,64,155,213,1487,107,15,1.8,131,0.7,14,0.5,5.5,NA,NA,NA,NA,NA
MANAGE_01185,MANAGE Research Network,NA,2/22/22,United States,ND,47.71771241,-98.901621,7,Cropping,72224802,10.83372,0,NA,24.94,4.3,NA,NA,NA,28,NA,NA,72,202,255,1557,100,19,2,113,0.7,12,0.5,5.5,NA,NA,NA,NA,NA
MANAGE_01186,MANAGE Research Network,NA,2/22/22,United States,ND,47.71771241,-98.901621,7,Cropping,72224802,10.83372,0,NA,26.1,4.5,NA,NA,NA,11.4,NA,NA,34,106,238,1616,107,19,1.7,105,1.5,14,0.5,5.9,NA,NA,NA,NA,NA
MANAGE_01187,MANAGE Research Network,NA,2/22/22,United States,ND,47.71771241,-98.901621,7,Cropping,98560320,14.784048,1,NA,20.88,3.6,NA,NA,NA,27.2,NA,NA,44,149,259,1754,118,17,2.1,90,0.8,11,0.6,6,NA,NA,NA,NA,NA
MANAGE_01188,MANAGE Research Network,NA,2/22/22,United States,ND,47.71771241,-98.901621,7,Cropping,100905694,15.135854,0,NA,19.14,3.3,NA,NA,NA,11.1,NA,NA,55,221,256,1491,104,21,1.9,106,0.7,15,0.5,5.9,NA,NA,NA,NA,NA
MANAGE_01189,MANAGE Research Network,NA,2/22/22,United States,ND,47.71771241,-98.901621,7,Cropping,122704518,18.405678,3,NA,18.56,3.2,NA,NA,NA,19.5,NA,NA,33,251,534,2083,230,17,1.6,41,1.1,14,1.8,7.8,NA,NA,NA,NA,NA
MANAGE_01190,MANAGE Research Network,NA,2/22/22,United States,ND,47.71771241,-98.901621,7,Cropping,120768206,18.11523,7,NA,20.3,3.5,NA,NA,NA,12.6,NA,NA,67,89,1795,5343,291,86,1.6,35,1.3,30,4.3,8.4,NA,NA,NA,NA,NA
MANAGE_01191,MANAGE Research Network,NA,2/22/22,United States,ND,47.71771241,-98.901621,7,Cropping,114297092,17.144564,5,NA,18.56,3.2,NA,NA,NA,10.1,NA,NA,32,81,287,1607,91,18,1.2,95,0.6,9,0.5,6.4,NA,NA,NA,NA,NA
MANAGE_01192,MANAGE Research Network,NA,2/22/22,United States,ND,47.71771241,-98.901621,7,Cropping,108549912,16.282486,2,NA,17.98,3.1,NA,NA,NA,14.6,NA,NA,88,93,168,1084,114,15,1.2,141,0.6,12,0.3,5.3,NA,NA,NA,NA,NA
MANAGE_01193,MANAGE Research Network,NA,2/22/22,United States,ND,47.71771241,-98.901621,7,Cropping,132900328,19.93505,3,NA,19.14,3.3,NA,NA,NA,30.2,NA,NA,51,80,185,1265,107,21,1.3,130,0.7,18,0.3,5.3,NA,NA,NA,NA,NA
MANAGE_01194,MANAGE Research Network,NA,2/22/22,United States,ND,47.71771241,-98.901621,7,Cropping,124444732,18.66671,9,NA,16.82,2.9,NA,NA,NA,11.7,NA,NA,114,138,141,1019,131,16,1.5,173,0.8,20,0.3,4.9,NA,NA,NA,NA,NA
MANAGE_01195,MANAGE Research Network,NA,2/22/22,United States,ND,47.71771241,-98.901621,7,Cropping,114416058,17.162408,8,NA,12.76,2.2,NA,NA,NA,21.1,NA,NA,73,136,145,776,101,17,0.7,143,0.4,10,0.2,5.2,NA,NA,NA,NA,NA
MANAGE_01196,MANAGE Research Network,NA,2/22/22,United States,ND,47.71771241,-98.901621,7,Cropping,117699404,17.65491,0,NA,15.66,2.7,NA,NA,NA,19.7,NA,NA,60,221,163,1114,88,12,1.4,116,0.7,13,0.3,5.4,NA,NA,NA,NA,NA
MANAGE_01197,MANAGE Research Network,NA,2/22/22,United States,ND,47.71771241,-98.901621,7,Cropping,111061378,16.659206,6,NA,9.86,1.7,NA,NA,NA,10.1,NA,NA,66,128,169,807,111,13,0.8,133,0.4,11,0.2,5.4,NA,NA,NA,NA,NA
MANAGE_01198,MANAGE Research Network,NA,2/22/22,United States,ND,47.71771241,-98.901621,7,Cropping,116837092,17.525564,0,NA,22.04,3.8,NA,NA,NA,8.6,NA,NA,19,75,417,2310,246,16,1.5,52,1.1,15,1.4,7.5,NA,NA,NA,NA,NA
MANAGE_01199,MANAGE Research Network,NA,2/22/22,United States,ND,47.71771241,-98.901621,7,Cropping,120822862,18.12343,0,NA,20.3,3.5,NA,NA,NA,17.5,NA,NA,24,82,718,2573,292,25,1.8,47,1.4,13,1.8,7.8,NA,NA,NA,NA,NA
MANAGE_01200,MANAGE Research Network,NA,2/22/22,United States,ND,47.71771241,-98.901621,7,Cropping,119578282,17.936742,0,NA,22.62,3.9,NA,NA,NA,10,NA,NA,11,75,481,2047,201,18,1.1,53,1,15,1,7.1,NA,NA,NA,NA,NA
MANAGE_01201,MANAGE Research Network,NA,2/22/22,United States,ND,47.71771241,-98.901621,7,Cropping,141902924,21.285438,2,NA,9.86,1.7,NA,NA,NA,6.9,NA,NA,45,82,195,1116,120,14,1.1,119,0.6,11,0.3,5.6,NA,NA,NA,NA,NA
MANAGE_01202,MANAGE Research Network,NA,2/22/22,United States,ND,47.71771241,-98.901621,7,Cropping,148079508,22.211926,3,NA,20.3,3.5,NA,NA,NA,12.3,NA,NA,30,101,327,1591,117,15,1.3,100,0.9,16,0.5,6.1,NA,NA,NA,NA,NA
MANAGE_01203,MANAGE Research Network,NA,2/22/22,United States,ND,47.71771241,-98.901621,7,Cropping,122634920,18.395238,5,NA,21.46,3.7,NA,NA,NA,22,NA,NA,58,84,201,1490,102,16,1.6,136,0.8,14,0.4,5.2,NA,NA,NA,NA,NA
MANAGE_01204,MANAGE Research Network,NA,2/22/22,United States,ND,47.71771241,-98.901621,7,Cropping,97497672,14.62465,0,NA,19.72,3.4,NA,NA,NA,14,NA,NA,54,144,285,1880,142,16,2,86,0.9,13,0.6,6.3,NA,NA,NA,NA,NA
MANAGE_01205,MANAGE Research Network,NA,2/22/22,United States,ND,47.71771241,-98.901621,7,Cropping,108371594,16.25574,0,NA,23.78,4.1,NA,NA,NA,10.8,NA,NA,40,102,252,1725,120,17,2.1,102,0.9,10,0.5,5.7,NA,NA,NA,NA,NA
MANAGE_01206,MANAGE Research Network,NA,2/22/22,United States,ND,47.71771241,-98.901621,7,Cropping,106617546,15.992632,3,NA,17.4,3,NA,NA,NA,10.6,NA,NA,81,156,211,1251,130,17,1.1,142,0.8,13,0.3,5.3,NA,NA,NA,NA,NA
MANAGE_01207,MANAGE Research Network,NA,2/22/22,United States,ND,47.71771241,-98.901621,7,Cropping,141224538,21.18368,0,NA,21.46,3.7,NA,NA,NA,17.1,NA,NA,52,119,290,1868,146,17,2.4,68,1,21,0.8,6.6,NA,NA,NA,NA,NA
MANAGE_01208,MANAGE Research Network,NA,2/22/22,United States,ND,47.71771241,-98.901621,7,Cropping,114896418,17.234462,4,NA,22.04,3.8,NA,NA,NA,21.4,NA,NA,58,257,337,1976,120,19,3.3,81,1.1,10,0.8,6.6,NA,NA,NA,NA,NA
MANAGE_01209,MANAGE Research Network,NA,2/22/22,United States,ND,47.71771241,-98.901621,7,Cropping,88902888,13.335434,0,NA,26.68,4.6,NA,NA,NA,14.1,NA,NA,57,382,394,2104,115,22,3.7,79,1.1,14,1.1,7,NA,NA,NA,NA,NA
MANAGE_01210,MANAGE Research Network,NA,2/22/22,United States,ND,47.71771241,-98.901621,7,Cropping,121612206,18.24183,2,NA,32.48,5.6,NA,NA,NA,13.9,NA,NA,54,88,2416,4891,240,123,1.9,29,1.6,60,6.9,8.4,NA,NA,NA,NA,NA
MANAGE_01211,MANAGE Research Network,NA,2/22/22,United States,ND,47.71771241,-98.901621,7,Cropping,127526600,19.12899,5,NA,34.8,6,NA,NA,NA,9.6,NA,NA,66,212,2611,5446,201,223,2.1,31,1.9,63,8.7,8.7,NA,NA,NA,NA,NA
MANAGE_01212,MANAGE Research Network,NA,2/22/22,United States,ND,47.71771241,-98.901621,7,Cropping,128730508,19.309576,3,NA,40.02,6.9,NA,NA,NA,3.5,NA,NA,12,126,1926,12877,172,262,3.6,57,1.9,58,4.9,8.2,NA,NA,NA,NA,NA
MANAGE_01213,MANAGE Research Network,NA,2/22/22,United States,ND,47.71771241,-98.901621,7,Cropping,121003598,18.15054,1,NA,23.78,4.1,NA,NA,NA,21.4,NA,NA,44,208,220,1682,111,13,2.2,87,0.8,8,0.6,6.3,NA,NA,NA,NA,NA
MANAGE_01214,MANAGE Research Network,NA,2/22/22,United States,ND,47.71771241,-98.901621,7,Cropping,116217742,17.432662,0,NA,21.46,3.7,NA,NA,NA,32.1,NA,NA,54,254,195,1646,139,11,3.2,84,0.7,16,0.7,6.1,NA,NA,NA,NA,NA
MANAGE_01215,MANAGE Research Network,NA,2/22/22,United States,ND,47.71771241,-98.901621,7,Cropping,104949472,15.74242,1,NA,17.4,3,NA,NA,NA,23.3,NA,NA,55,270,215,1234,113,11,1.8,85,0.6,7,0.4,6,NA,NA,NA,NA,NA
MANAGE_01216,MANAGE Research Network,NA,2/22/22,United States,ND,47.71771241,-98.901621,7,Cropping,114123002,17.11845,3,NA,26.1,4.5,NA,NA,NA,29.9,NA,NA,63,408,231,1612,98,13,4.8,95,0.7,10,0.7,6,NA,NA,NA,NA,NA
MANAGE_01217,MANAGE Research Network,NA,2/22/22,United States,ND,47.71771241,-98.901621,7,Cropping,95789576,14.368436,1,NA,22.62,3.9,NA,NA,NA,23.9,NA,NA,46,197,243,1667,118,15,2.3,106,0.9,10,0.6,5.9,NA,NA,NA,NA,NA
MANAGE_01218,MANAGE Research Network,NA,2/22/22,United States,ND,47.71771241,-98.901621,7,Cropping,111676272,16.75144,4,NA,11.6,2,NA,NA,NA,6.4,NA,NA,52,111,279,1378,157,13,1.2,115,0.7,14,0.4,6.2,NA,NA,NA,NA,NA
MANAGE_01219,MANAGE Research Network,NA,2/22/22,United States,ND,47.71771241,-98.901621,7,Cropping,112172930,16.82594,2,NA,16.24,2.8,NA,NA,NA,8.5,NA,NA,42,132,265,1773,131,13,1.4,97,1,13,0.5,6.1,NA,NA,NA,NA,NA
MANAGE_01220,MANAGE Research Network,NA,2/22/22,United States,ND,47.71771241,-98.901621,7,Cropping,117571212,17.635682,3,NA,22.62,3.9,NA,NA,NA,8.5,NA,NA,54,90,1175,5132,195,36,1.8,32,1.3,26,3.1,8.4,NA,NA,NA,NA,NA
MANAGE_01221,MANAGE Research Network,NA,2/22/22,United States,ND,47.71771241,-98.901621,7,Cropping,114660294,17.199044,1,NA,24.94,4.3,NA,NA,NA,10.2,NA,NA,33,91,438,2715,199,18,2.4,80,1.4,18,1.3,7.5,NA,NA,NA,NA,NA
MANAGE_01222,MANAGE Research Network,NA,2/22/22,United States,ND,47.71771241,-98.901621,7,Cropping,114055520,17.108328,1,NA,174.58,30.1,NA,NA,NA,14.7,NA,NA,49,106,408,2304,196,18,3,55,1.2,15,1.2,6.9,NA,NA,NA,NA,NA
MANAGE_01223,MANAGE Research Network,NA,2/22/22,United States,ND,47.71771241,-98.901621,7,Cropping,107971146,16.195672,1,NA,19.72,3.4,NA,NA,NA,16,NA,NA,54,114,254,1610,130,13,2.5,96,0.9,14,0.5,5.9,NA,NA,NA,NA,NA
MANAGE_01224,MANAGE Research Network,NA,2/22/22,United States,ND,47.71771241,-98.901621,7,Cropping,113586374,17.037956,2,NA,17.98,3.1,NA,NA,NA,11,NA,NA,63,113,272,1598,114,18,1.9,103,0.8,13,0.5,5.7,NA,NA,NA,NA,NA
MANAGE_01225,MANAGE Research Network,NA,2/22/22,United States,ND,47.71771241,-98.901621,7,Cropping,89400340,13.41005,1,NA,21.46,3.7,NA,NA,NA,8.3,NA,NA,24,89,311,2020,138,13,1.7,68,0.9,10,0.8,6.6,NA,NA,NA,NA,NA
MANAGE_01226,MANAGE Research Network,NA,2/22/22,United States,ND,47.71771241,-98.901621,7,Cropping,87572248,13.135838,2,NA,18.56,3.2,NA,NA,NA,8.7,NA,NA,63,125,1021,3464,195,80,1.9,46,1.7,28,2.3,8,NA,NA,NA,NA,NA
MANAGE_01227,MANAGE Research Network,NA,2/22/22,United States,ND,47.71771241,-98.901621,7,Cropping,91650380,13.747558,2,NA,16.82,2.9,NA,NA,NA,13.5,NA,NA,81,156,1680,5288,218,352,2,32,1.6,36,4.9,8.7,NA,NA,NA,NA,NA
MANAGE_01228,MANAGE Research Network,NA,2/22/22,United States,ND,47.71771241,-98.901621,7,Cropping,82346760,12.352014,5,NA,21.46,3.7,NA,NA,NA,3.2,NA,NA,17,109,1673,4382,205,616,1.4,31,1.5,26,4.5,9.2,NA,NA,NA,NA,NA
MANAGE_01229,MANAGE Research Network,NA,2/22/22,United States,ND,47.71771241,-98.901621,7,Cropping,99499348,14.924902,1,NA,26.68,4.6,NA,NA,NA,12.6,NA,NA,33,111,1141,3578,188,50,1.7,42,1.7,22,2.8,8.1,NA,NA,NA,NA,NA
MANAGE_01230,MANAGE Research Network,NA,2/22/22,United States,ND,47.71771241,-98.901621,7,Cropping,88283724,13.242558,2,NA,27.26,4.7,NA,NA,NA,25.1,NA,NA,40,113,467,2432,206,29,2.9,51,1.3,13,1.7,7.6,NA,NA,NA,NA,NA
MANAGE_01231,MANAGE Research Network,NA,2/22/22,United States,ND,47.71771241,-98.901621,7,Cropping,83424584,12.513688,0,NA,24.94,4.3,NA,NA,NA,12.6,NA,NA,20,42,565,2239,213,24,1.6,40,1.2,8,1.4,7.8,NA,NA,NA,NA,NA
MANAGE_01232,MANAGE Research Network,NA,2/22/22,United States,ND,47.71771241,-98.901621,7,Cropping,97388772,14.608316,4,NA,13.92,2.4,NA,NA,NA,10.4,NA,NA,52,88,221,1051,106,16,0.8,120,0.4,15,0.3,5.3,NA,NA,NA,NA,NA
MANAGE_01233,MANAGE Research Network,NA,2/22/22,United States,ND,47.71771241,-98.901621,7,Cropping,110500022,16.575004,7,NA,11.6,2,NA,NA,NA,12.7,NA,NA,83,95,1022,3546,251,303,1.8,59,1.2,28,2.8,8.5,NA,NA,NA,NA,NA
MANAGE_01234,MANAGE Research Network,NA,2/22/22,United States,ND,47.71771241,-98.901621,7,Cropping,104525006,15.67875,1,NA,16.82,2.9,NA,NA,NA,11.8,NA,NA,30,71,202,1300,94,16,1.1,95,0.6,8,0.4,5.7,NA,NA,NA,NA,NA
MANAGE_01235,MANAGE Research Network,NA,2/22/22,United States,ND,47.71771241,-98.901621,7,Cropping,115040680,17.256102,2,NA,11.02,1.9,NA,NA,NA,10.9,NA,NA,76,95,129,737,88,11,0.6,141,0.4,11,0.2,5.1,NA,NA,NA,NA,NA
MANAGE_01236,MANAGE Research Network,NA,2/22/22,United States,ND,47.71771241,-98.901621,7,Cropping,109149088,16.372364,10,NA,19.72,3.4,NA,NA,NA,20.3,NA,NA,71,89,139,977,107,12,1.3,136,0.6,11,0.3,5,NA,NA,NA,NA,NA
MANAGE_01237,MANAGE Research Network,NA,2/22/22,United States,ND,47.71771241,-98.901621,7,Cropping,126254226,18.938134,0,NA,19.14,3.3,NA,NA,NA,13.2,NA,NA,32,60,229,1340,95,17,1.2,98,0.7,12,0.4,5.5,NA,NA,NA,NA,NA
MANAGE_01238,MANAGE Research Network,NA,2/22/22,United States,ND,47.71771241,-98.901621,7,Cropping,109819590,16.472938,0,NA,25.52,4.4,NA,NA,NA,14.3,NA,NA,23,71,805,4317,245,27,1.9,34,1.5,26,2.8,8,NA,NA,NA,NA,NA
MANAGE_01239,MANAGE Research Network,NA,2/22/22,United States,ND,47.71771241,-98.901621,7,Cropping,103705920,15.555888,0,NA,28.42,4.9,NA,NA,NA,15.7,NA,NA,40,72,2213,5004,202,106,1.6,27,1.5,27,5.9,8.2,NA,NA,NA,NA,NA
MANAGE_01240,MANAGE Research Network,NA,8/19/22,United States,OH,40.05343488,-84.228813,3,Cropping,94666370,14.199956,0,NA,18.56,3.2,NA,NA,NA,NA,NA,NA,64,158,155,944,47,13,2.3,189,2.5,10,0.3,5.2,NA,NA,20,NA,NA
MANAGE_01241,MANAGE Research Network,NA,8/19/22,United States,OH,40.05343488,-84.228813,3,Cropping,111957276,16.793592,1,NA,21.46,3.7,NA,NA,NA,NA,NA,NA,83,249,183,1344,35,11,3.1,231,2.9,15,0.4,5.4,NA,NA,20,NA,NA
MANAGE_01242,MANAGE Research Network,NA,8/19/22,United States,OH,40.05343488,-84.228813,3,Cropping,97356936,14.60354,3,NA,16.82,2.9,NA,NA,NA,NA,NA,NA,44,161,167,1203,43,13,2.4,199,2.4,7,0.3,5.6,NA,NA,20,NA,NA
MANAGE_01243,MANAGE Research Network,NA,8/19/22,United States,OH,40.05343488,-84.228813,3,Cropping,97164162,14.574624,1,NA,17.98,3.1,NA,NA,NA,NA,NA,NA,69,189,167,1041,44,12,2.5,187,2.7,7,0.3,4.9,NA,NA,20,NA,NA
MANAGE_01244,MANAGE Research Network,NA,8/19/22,United States,OH,40.05343488,-84.228813,3,Cropping,100697324,15.104598,0,NA,19.72,3.4,NA,NA,NA,NA,NA,NA,91,244,187,1286,29,12,3,226,3.3,10,0.4,5.2,NA,NA,20,NA,NA
MANAGE_01245,MANAGE Research Network,NA,8/19/22,United States,OH,40.05343488,-84.228813,3,Cropping,79853412,11.978012,0,NA,18.56,3.2,NA,NA,NA,NA,NA,NA,60,213,170,1265,29,12,2.4,203,2.8,8,0.3,5.2,NA,NA,20,NA,NA
MANAGE_01246,MANAGE Research Network,NA,8/19/22,United States,OH,40.05343488,-84.228813,3,Cropping,89575460,13.436318,3,NA,20.3,3.5,NA,NA,NA,NA,NA,NA,67,244,277,1329,38,11,3,174,2.8,8,0.4,5.3,NA,NA,20,NA,NA
MANAGE_01247,MANAGE Research Network,NA,8/19/22,United States,OH,40.05343488,-84.228813,3,Cropping,97050200,14.55753,1,NA,22.04,3.8,NA,NA,NA,NA,NA,NA,76,224,175,1344,27,11,2.6,249,3.2,8,0.4,5,NA,NA,20,NA,NA
MANAGE_01248,MANAGE Research Network,NA,8/19/22,United States,OH,40.05343488,-84.228813,3,Cropping,105003584,15.750538,2,NA,17.98,3.1,NA,NA,NA,NA,NA,NA,67,159,143,1090,36,10,2.8,210,3,7,0.3,5,NA,NA,20,NA,NA
MANAGE_01249,MANAGE Research Network,NA,8/19/22,United States,OH,40.05343488,-84.228813,3,Cropping,97480736,14.62211,2,NA,19.72,3.4,NA,NA,NA,NA,NA,NA,63,162,171,1077,34,10,2.5,215,3.1,9,0.3,4.9,NA,NA,20,NA,NA
MANAGE_01250,MANAGE Research Network,NA,8/19/22,United States,OH,40.05343488,-84.228813,3,Cropping,114203540,17.130532,1,NA,22.04,3.8,NA,NA,NA,NA,NA,NA,88,219,176,1293,28,10,2.7,240,3.4,14,0.3,5,NA,NA,20,NA,NA
MANAGE_01251,MANAGE Research Network,NA,8/19/22,United States,OH,40.05343488,-84.228813,3,Cropping,117216618,17.582492,0,NA,16.82,2.9,NA,NA,NA,NA,NA,NA,49,187,184,1329,30,10,2.2,197,2.7,11,0.4,5.5,NA,NA,20,NA,NA
MANAGE_01252,MANAGE Research Network,NA,8/19/22,United States,OH,40.05343488,-84.228813,3,Cropping,98025544,14.703832,1,NA,20.88,3.6,NA,NA,NA,NA,NA,NA,96,217,171,1120,33,9,3,240,3.4,13,0.3,5.3,NA,NA,20,NA,NA
MANAGE_01253,MANAGE Research Network,NA,8/19/22,United States,OH,40.05343488,-84.228813,3,Cropping,97047556,14.557134,2,NA,16.82,2.9,NA,NA,NA,NA,NA,NA,35,145,170,1062,40,12,2,173,2.2,6,0.3,5.3,NA,NA,20,NA,NA
MANAGE_01254,MANAGE Research Network,NA,8/19/22,United States,OH,40.05343488,-84.228813,3,Cropping,112417580,16.862636,0,NA,22.04,3.8,NA,NA,NA,NA,NA,NA,68,181,180,1155,32,12,2.7,224,3.1,11,0.3,5,NA,NA,20,NA,NA
MANAGE_01255,MANAGE Research Network,NA,8/19/22,United States,OH,40.05343488,-84.228813,3,Cropping,110564486,16.584672,0,NA,22.04,3.8,NA,NA,NA,NA,NA,NA,74,198,220,1187,42,11,3.3,197,2.9,7,0.4,5,NA,NA,20,NA,NA
MANAGE_01256,MANAGE Research Network,NA,8/19/22,United States,OH,40.05343488,-84.228813,3,Cropping,102762322,15.414348,3,NA,22.04,3.8,NA,NA,NA,NA,NA,NA,93,241,151,1093,37,9,2.8,239,3.2,20,0.4,4.9,NA,NA,20,NA,NA
MANAGE_01257,MANAGE Research Network,NA,8/19/22,United States,OH,40.05343488,-84.228813,3,Cropping,100535678,15.080352,4,NA,17.4,3,NA,NA,NA,NA,NA,NA,58,163,124,855,47,10,2.3,213,2.4,7,0.3,5,NA,NA,20,NA,NA
MANAGE_01258,MANAGE Research Network,NA,8/19/22,United States,OH,40.05343488,-84.228813,3,Cropping,120952040,18.142806,4,NA,19.72,3.4,NA,NA,NA,NA,NA,NA,89,204,175,1278,30,10,3.2,232,3.9,9,0.3,5.3,NA,NA,20,NA,NA
MANAGE_01259,MANAGE Research Network,NA,8/19/22,United States,OH,40.05343488,-84.228813,3,Cropping,97942542,14.691382,0,NA,22.04,3.8,NA,NA,NA,NA,NA,NA,86,258,159,1156,35,11,2.7,232,2.6,5,0.3,5.4,NA,NA,20,NA,NA
MANAGE_01260,MANAGE Research Network,NA,8/19/22,United States,OH,40.05343488,-84.228813,3,Cropping,115430342,17.314552,1,NA,19.72,3.4,NA,NA,NA,NA,NA,NA,59,218,226,1264,30,10,2.8,174,2.7,6,0.3,5.3,NA,NA,20,NA,NA
MANAGE_01261,MANAGE Research Network,NA,8/19/22,United States,OH,40.05343488,-84.228813,3,Cropping,1925934,0.28889,0,NA,21.46,3.7,NA,NA,NA,NA,NA,NA,32,112,266,2034,16,13,2.3,173,3.7,13,0.5,5.4,NA,NA,20,NA,NA
MANAGE_01262,MANAGE Research Network,NA,8/19/22,United States,OH,40.05343488,-84.228813,3,Cropping,1562888,0.234434,0,NA,23.2,4,NA,NA,NA,NA,NA,NA,94,233,174,1206,28,10,2.8,237,3,8,0.4,5.3,NA,NA,20,NA,NA
MANAGE_01263,MANAGE Research Network,NA,8/19/22,United States,OH,40.05343488,-84.228813,3,Cropping,85122432,12.768364,2,NA,18.56,3.2,NA,NA,NA,NA,NA,NA,83,226,145,1040,37,11,2.6,222,2.9,14,0.3,4.9,NA,NA,20,NA,NA
MANAGE_01264,MANAGE Research Network,NA,8/19/22,United States,OH,40.05343488,-84.228813,3,Cropping,113177330,16.9766,3,NA,23.78,4.1,NA,NA,NA,NA,NA,NA,89,203,208,1333,29,13,3.1,224,3.1,8,0.3,5.3,NA,NA,20,NA,NA
MANAGE_01265,MANAGE Research Network,NA,8/19/22,United States,OH,40.05343488,-84.228813,3,Cropping,90392904,13.558936,0,NA,20.88,3.6,NA,NA,NA,NA,NA,NA,93,262,135,973,39,10,2.6,249,3,13,0.3,4.7,NA,NA,20,NA,NA
MANAGE_01266,MANAGE Research Network,NA,8/19/22,United States,OH,40.05343488,-84.228813,3,Cropping,91298290,13.694744,2,NA,16.24,2.8,NA,NA,NA,NA,NA,NA,51,177,148,1069,31,10,2.5,187,2.6,3,0.3,5.1,NA,NA,20,NA,NA
MANAGE_01267,MANAGE Research Network,NA,8/25/22,United States,OH,40.05343488,-84.228813,3,Cropping,107707034,16.156056,5,NA,19.14,3.3,NA,NA,NA,NA,NA,NA,19,95,217,1463,26,14,1.5,131,2.3,11,0.3,5.3,NA,NA,20,NA,NA
MANAGE_01268,MANAGE Research Network,NA,8/25/22,United States,OH,40.05343488,-84.228813,3,Cropping,105519454,15.827918,1,NA,22.04,3.8,NA,NA,NA,NA,NA,NA,69,197,138,1117,31,10,2.3,222,3,13,0.3,4.9,NA,NA,20,NA,NA
MANAGE_01269,MANAGE Research Network,NA,8/25/22,United States,OH,40.05343488,-84.228813,3,Cropping,90409074,13.561362,0,NA,17.4,3,NA,NA,NA,NA,NA,NA,40,134,145,1122,40,11,1.8,169,2,11,0.3,5.3,NA,NA,20,NA,NA
MANAGE_01270,MANAGE Research Network,NA,8/25/22,United States,OH,40.05343488,-84.228813,3,Cropping,101930224,15.289534,2,NA,18.56,3.2,NA,NA,NA,NA,NA,NA,24,104,214,1431,24,14,1.9,152,2.8,14,0.4,4.8,NA,NA,20,NA,NA
MANAGE_01271,MANAGE Research Network,NA,8/25/22,United States,OH,40.05343488,-84.228813,3,Cropping,94086388,14.112958,3,NA,22.04,3.8,NA,NA,NA,NA,NA,NA,88,208,159,1026,34,11,2.5,236,3.3,14,0.3,4.4,NA,NA,20,NA,NA
MANAGE_01272,MANAGE Research Network,NA,8/25/22,United States,OH,40.05343488,-84.228813,3,Cropping,93333390,14.000008,3,NA,20.3,3.5,NA,NA,NA,NA,NA,NA,62,182,139,1087,37,11,2.3,195,2.6,12,0.3,4.8,NA,NA,20,NA,NA
MANAGE_01273,MANAGE Research Network,NA,8/25/22,United States,OH,40.05343488,-84.228813,3,Cropping,110311602,16.54674,1,NA,22.04,3.8,NA,NA,NA,NA,NA,NA,56,186,259,1227,34,12,2.6,155,2.4,12,0.4,5.3,NA,NA,20,NA,NA
MANAGE_01274,MANAGE Research Network,NA,8/25/22,United States,OH,40.05343488,-84.228813,3,Cropping,90136412,13.520462,1,NA,22.04,3.8,NA,NA,NA,NA,NA,NA,91,214,143,1075,42,10,2.6,225,2.7,15,0.3,4.7,NA,NA,20,NA,NA
MANAGE_01275,MANAGE Research Network,NA,8/25/22,United States,OH,40.05343488,-84.228813,3,Cropping,103496700,15.524504,1,NA,18.56,3.2,NA,NA,NA,NA,NA,NA,64,153,121,927,41,10,2.6,196,2.5,12,0.3,4.4,NA,NA,20,NA,NA
MANAGE_01276,MANAGE Research Network,NA,8/25/22,United States,OH,40.05343488,-84.228813,3,Cropping,95804432,14.370664,2,NA,23.2,4,NA,NA,NA,NA,NA,NA,96,252,187,976,45,14,2.9,223,3.1,16,0.3,4.5,NA,NA,20,NA,NA
MANAGE_01277,MANAGE Research Network,NA,8/25/22,United States,OH,40.05343488,-84.228813,3,Cropping,91577720,13.736658,4,NA,23.78,4.1,NA,NA,NA,NA,NA,NA,105,233,161,1078,36,12,2.8,255,3.3,17,0.3,4.5,NA,NA,20,NA,NA
MANAGE_01278,MANAGE Research Network,NA,8/25/22,United States,OH,40.05343488,-84.228813,3,Cropping,105687792,15.853168,0,NA,18.56,3.2,NA,NA,NA,NA,NA,NA,56,201,159,1127,35,11,2.1,196,2.4,13,0.3,4.9,NA,NA,20,NA,NA
MANAGE_01279,MANAGE Research Network,NA,8/25/22,United States,OH,40.05343488,-84.228813,3,Cropping,101319954,15.197994,1,NA,20.88,3.6,NA,NA,NA,NA,NA,NA,69,159,170,1067,35,12,2.3,217,3,14,0.3,4.8,NA,NA,20,NA,NA
MANAGE_01280,MANAGE Research Network,NA,8/25/22,United States,OH,40.05343488,-84.228813,3,Cropping,99386038,14.907906,4,NA,23.78,4.1,NA,NA,NA,NA,NA,NA,117,238,168,1083,45,10,3.5,247,3.8,17,0.3,4.7,NA,NA,20,NA,NA
MANAGE_01281,MANAGE Research Network,NA,8/25/22,United States,OH,40.05343488,-84.228813,3,Cropping,91076616,13.661492,1,NA,17.4,3,NA,NA,NA,NA,NA,NA,41,171,163,982,42,11,1.9,186,2.2,10,0.3,4.7,NA,NA,20,NA,NA
MANAGE_01282,MANAGE Research Network,NA,8/25/22,United States,OH,40.05343488,-84.228813,3,Cropping,111353514,16.703028,4,NA,23.2,4,NA,NA,NA,NA,NA,NA,56,152,191,1059,35,12,2.3,195,2.8,11,0.3,4.6,NA,NA,20,NA,NA
MANAGE_01283,MANAGE Research Network,NA,8/25/22,United States,OH,40.05343488,-84.228813,3,Cropping,104074378,15.611156,8,NA,21.46,3.7,NA,NA,NA,NA,NA,NA,96,202,140,1027,42,12,2.8,224,3,14,0.3,4.3,NA,NA,20,NA,NA
MANAGE_01284,MANAGE Research Network,NA,8/25/22,United States,OH,40.05343488,-84.228813,3,Cropping,97915674,14.687352,2,NA,16.24,2.8,NA,NA,NA,NA,NA,NA,17,103,224,1423,24,17,1.8,150,2.7,10,0.4,4.9,NA,NA,20,NA,NA
MANAGE_01285,MANAGE Research Network,NA,8/25/22,United States,OH,40.05343488,-84.228813,3,Cropping,107546646,16.131996,7,NA,20.3,3.5,NA,NA,NA,NA,NA,NA,51,160,213,1113,39,13,2.5,194,2.7,10,0.3,4.6,NA,NA,20,NA,NA
MANAGE_01286,MANAGE Research Network,NA,8/25/22,United States,OH,40.05343488,-84.228813,3,Cropping,102011740,15.301762,1,NA,22.62,3.9,NA,NA,NA,NA,NA,NA,91,203,142,996,36,11,2.6,207,3,15,0.2,4.5,NA,NA,20,NA,NA
MANAGE_01287,MANAGE Research Network,NA,8/25/22,United States,OH,40.05343488,-84.228813,3,Cropping,100961510,15.144226,0,NA,20.3,3.5,NA,NA,NA,NA,NA,NA,66,221,145,1107,31,12,2.4,207,2.8,11,0.3,4.8,NA,NA,20,NA,NA
MANAGE_01288,MANAGE Research Network,NA,8/25/22,United States,OH,40.05343488,-84.228813,3,Cropping,91131988,13.669798,5,NA,22.62,3.9,NA,NA,NA,NA,NA,NA,92,190,161,1021,47,11,3.1,214,3,17,0.3,4.3,NA,NA,20,NA,NA
MANAGE_01289,MANAGE Research Network,NA,8/25/22,United States,OH,40.05343488,-84.228813,3,Cropping,97822128,14.67332,2,NA,23.78,4.1,NA,NA,NA,NA,NA,NA,98,220,156,1029,30,11,2.5,251,3.1,14,0.3,4.3,NA,NA,20,NA,NA
MANAGE_01290,MANAGE Research Network,NA,8/25/22,United States,OH,40.05343488,-84.228813,3,Cropping,95252706,14.287906,2,NA,18.56,3.2,NA,NA,NA,NA,NA,NA,89,216,133,933,59,15,2.9,231,2.7,15,0.3,4.7,NA,NA,20,NA,NA
MANAGE_01291,MANAGE Research Network,NA,8/25/22,United States,OH,40.05343488,-84.228813,3,Cropping,94584950,14.187742,2,NA,21.46,3.7,NA,NA,NA,NA,NA,NA,55,146,190,1166,29,12,2.4,228,3.6,12,0.3,4.6,NA,NA,20,NA,NA
MANAGE_01292,MANAGE Research Network,NA,8/25/22,United States,OH,40.05343488,-84.228813,3,Cropping,99498372,14.924756,7,NA,22.04,3.8,NA,NA,NA,NA,NA,NA,86,231,135,963,41,11,2.8,225,2.9,15,0.3,4.3,NA,NA,20,NA,NA
MANAGE_01293,MANAGE Research Network,NA,8/25/22,United States,OH,40.05343488,-84.228813,3,Cropping,106672922,16.000938,5,NA,16.24,2.8,NA,NA,NA,NA,NA,NA,77,196,150,1022,50,20,3,211,2.7,13,0.3,4.6,NA,NA,20,NA,NA
MANAGE_01294,Joint Genome Institute (JGI),DOE Joint Genome Institute  (JGI),NA,United States,AZ,33.07735,-111.97482,10,Cropping,93520142,14.121541,2,NA,NA,NA,NA,NA,NA,NA,NA,NA,NA,NA,NA,NA,NA,NA,NA,NA,NA,NA,NA,NA,NA,NA,NA,NA,NA
MANAGE_01295,Joint Genome Institute (JGI),DOE Joint Genome Institute  (JGI),NA,United States,AZ,32.227,-110.956,10,Cropping,167259158,25.256133,46,NA,NA,NA,NA,NA,NA,NA,NA,NA,NA,NA,NA,NA,NA,NA,NA,NA,NA,NA,NA,NA,NA,NA,NA,NA,NA
MANAGE_01296,Joint Genome Institute (JGI),DOE Joint Genome Institute  (JGI),NA,United States,CA,33.742,-117.7032,10,Grazing,NA,NA,0,NA,NA,NA,NA,NA,NA,NA,NA,NA,NA,NA,NA,NA,NA,NA,NA,NA,NA,NA,NA,NA,NA,NA,NA,NA,NA
MANAGE_01297,Joint Genome Institute (JGI),DOE Joint Genome Institute  (JGI),NA,United States,CA,38.9929734,-123.06745,11,Grazing,7096717004,1081.153998,2,NA,NA,NA,NA,NA,NA,NA,NA,NA,NA,NA,NA,NA,NA,NA,NA,NA,NA,NA,NA,NA,NA,NA,NA,NA,NA
MANAGE_01298,Joint Genome Institute (JGI),DOE Joint Genome Institute  (JGI),NA,United States,CA,39.7392,-123.6308,11,Grazing,536997132,134.78628,3,NA,NA,NA,NA,NA,NA,NA,NA,NA,NA,NA,NA,NA,NA,NA,NA,NA,NA,NA,NA,NA,NA,NA,NA,NA,NA
MANAGE_01299,Joint Genome Institute (JGI),DOE Joint Genome Institute  (JGI),NA,United States,CA,38.8722,-122.4269,6,Grazing,438544476,66.220216,4,NA,NA,NA,NA,NA,NA,NA,NA,NA,NA,NA,NA,NA,NA,NA,NA,NA,NA,NA,NA,NA,NA,NA,NA,NA,NA
MANAGE_01300,Joint Genome Institute (JGI),DOE Joint Genome Institute  (JGI),NA,United States,CA,37.8864,-122.2981,1,Cropping,515306986,77.811355,2,NA,NA,NA,NA,NA,NA,NA,NA,NA,NA,NA,NA,NA,NA,NA,NA,NA,NA,NA,NA,NA,NA,NA,NA,NA,NA
MANAGE_01301,Joint Genome Institute (JGI),DOE Joint Genome Institute  (JGI),NA,United States,CA,38.5,-121.7,6,Cropping,696001004,105.096152,2,NA,NA,NA,NA,NA,NA,NA,NA,NA,NA,NA,NA,NA,NA,NA,NA,NA,NA,NA,NA,NA,NA,NA,NA,NA,NA
MANAGE_01302,Joint Genome Institute (JGI),DOE Joint Genome Institute  (JGI),NA,United States,CA,37.9315,-122.0212,1,Cropping,492867026,74.422921,2,NA,NA,NA,NA,NA,NA,NA,NA,NA,NA,NA,NA,NA,NA,NA,NA,NA,NA,NA,NA,NA,NA,NA,NA,NA,NA
MANAGE_01303,Joint Genome Institute (JGI),DOE Joint Genome Institute  (JGI),NA,United States,CA,38.546389,-121.8744,6,Cropping,93413028,14.105367,1,NA,NA,NA,NA,NA,NA,NA,NA,NA,NA,NA,NA,NA,NA,NA,NA,NA,NA,NA,NA,NA,NA,NA,NA,NA,NA
MANAGE_01304,Joint Genome Institute (JGI),DOE Joint Genome Institute  (JGI),NA,United States,CA,38.541917,-121.87531,6,Cropping,NA,NA,0,NA,NA,NA,NA,NA,NA,NA,NA,NA,NA,NA,NA,NA,NA,NA,NA,NA,NA,NA,NA,NA,NA,NA,NA,NA,NA
MANAGE_01305,Joint Genome Institute (JGI),DOE Joint Genome Institute  (JGI),NA,United States,CA,39.00177,-123.06967,11,Grazing,NA,NA,3,NA,NA,NA,NA,NA,NA,NA,NA,NA,NA,NA,NA,NA,NA,NA,NA,NA,NA,NA,NA,NA,NA,NA,NA,NA,NA
MANAGE_01306,Joint Genome Institute (JGI),DOE Joint Genome Institute  (JGI),NA,United States,NC,35.913,-79.056,6,Grazing,37835211,5.383386,0,NA,NA,NA,NA,NA,NA,NA,NA,NA,NA,NA,NA,NA,NA,NA,NA,NA,NA,NA,NA,NA,NA,NA,NA,NA,NA
MANAGE_01307,Joint Genome Institute (JGI),DOE Joint Genome Institute  (JGI),NA,United States,NC,35.913,-79.056,6,Grazing,51816017,7.368982,0,NA,NA,NA,NA,NA,NA,NA,NA,NA,NA,NA,NA,NA,NA,NA,NA,NA,NA,NA,NA,NA,NA,NA,NA,NA,NA
MANAGE_01308,Joint Genome Institute (JGI),DOE Joint Genome Institute  (JGI),NA,United States,KS,39.05,-99.1,9,Grazing,45414317,6.523958,0,NA,NA,NA,NA,NA,NA,NA,NA,NA,NA,NA,NA,NA,NA,NA,NA,NA,NA,NA,NA,NA,NA,NA,NA,NA,NA
MANAGE_01309,Joint Genome Institute (JGI),DOE Joint Genome Institute  (JGI),NA,United States,CO,40.81667,-104.76667,2,Grazing,38107870,5.360242,0,NA,NA,NA,NA,NA,NA,NA,NA,NA,NA,NA,NA,NA,NA,NA,NA,NA,NA,NA,NA,NA,NA,NA,NA,NA,NA
MANAGE_01310,Joint Genome Institute (JGI),DOE Joint Genome Institute  (JGI),NA,United States,KS,39.05,-99.1,9,Grazing,43025762,6.168049,0,NA,NA,NA,NA,NA,NA,NA,NA,NA,NA,NA,NA,NA,NA,NA,NA,NA,NA,NA,NA,NA,NA,NA,NA,NA,NA
MANAGE_01311,Joint Genome Institute (JGI),DOE Joint Genome Institute  (JGI),NA,United States,NC,35.913,-79.056,6,Grazing,37866826,5.356911,0,NA,NA,NA,NA,NA,NA,NA,NA,NA,NA,NA,NA,NA,NA,NA,NA,NA,NA,NA,NA,NA,NA,NA,NA,NA,NA
MANAGE_01312,Joint Genome Institute (JGI),DOE Joint Genome Institute  (JGI),NA,United States,KS,39.05,-99.1,9,Grazing,75082577,10.645894,0,NA,NA,NA,NA,NA,NA,NA,NA,NA,NA,NA,NA,NA,NA,NA,NA,NA,NA,NA,NA,NA,NA,NA,NA,NA,NA
MANAGE_01313,Joint Genome Institute (JGI),DOE Joint Genome Institute  (JGI),NA,United States,NC,35.913,-79.056,6,Grazing,37504946,5.268862,0,NA,NA,NA,NA,NA,NA,NA,NA,NA,NA,NA,NA,NA,NA,NA,NA,NA,NA,NA,NA,NA,NA,NA,NA,NA,NA
MANAGE_01314,Joint Genome Institute (JGI),DOE Joint Genome Institute  (JGI),NA,United States,CO,40.81667,-104.76667,2,Grazing,28995247,4.111375,0,NA,NA,NA,NA,NA,NA,NA,NA,NA,NA,NA,NA,NA,NA,NA,NA,NA,NA,NA,NA,NA,NA,NA,NA,NA,NA
MANAGE_01315,Joint Genome Institute (JGI),DOE Joint Genome Institute  (JGI),NA,United States,KS,39.070856,-96.582821,9,Grazing,42916869,6.17407,0,NA,NA,NA,NA,NA,NA,NA,NA,NA,NA,NA,NA,NA,NA,NA,NA,NA,NA,NA,NA,NA,NA,NA,NA,NA,NA
MANAGE_01316,Joint Genome Institute (JGI),DOE Joint Genome Institute  (JGI),NA,United States,CO,40.81667,-104.76667,2,Grazing,36350099,5.141629,0,NA,NA,NA,NA,NA,NA,NA,NA,NA,NA,NA,NA,NA,NA,NA,NA,NA,NA,NA,NA,NA,NA,NA,NA,NA,NA
MANAGE_01317,Joint Genome Institute (JGI),DOE Joint Genome Institute  (JGI),NA,United States,NC,35.913,-79.056,6,Grazing,45114998,6.38568,0,NA,NA,NA,NA,NA,NA,NA,NA,NA,NA,NA,NA,NA,NA,NA,NA,NA,NA,NA,NA,NA,NA,NA,NA,NA,NA
MANAGE_01318,Joint Genome Institute (JGI),DOE Joint Genome Institute  (JGI),NA,United States,KS,39.05,-99.1,9,Grazing,49112106,6.913081,0,NA,NA,NA,NA,NA,NA,NA,NA,NA,NA,NA,NA,NA,NA,NA,NA,NA,NA,NA,NA,NA,NA,NA,NA,NA,NA
MANAGE_01319,Joint Genome Institute (JGI),DOE Joint Genome Institute  (JGI),NA,United States,CO,40.81667,-104.76667,2,Grazing,34776621,4.95212,0,NA,NA,NA,NA,NA,NA,NA,NA,NA,NA,NA,NA,NA,NA,NA,NA,NA,NA,NA,NA,NA,NA,NA,NA,NA,NA
MANAGE_01320,Joint Genome Institute (JGI),DOE Joint Genome Institute  (JGI),NA,United States,CO,40.81667,-104.76667,2,Grazing,34804478,4.926285,0,NA,NA,NA,NA,NA,NA,NA,NA,NA,NA,NA,NA,NA,NA,NA,NA,NA,NA,NA,NA,NA,NA,NA,NA,NA,NA
MANAGE_01321,Joint Genome Institute (JGI),DOE Joint Genome Institute  (JGI),NA,United States,KS,39.05,-99.1,9,Grazing,38313558,5.429578,0,NA,NA,NA,NA,NA,NA,NA,NA,NA,NA,NA,NA,NA,NA,NA,NA,NA,NA,NA,NA,NA,NA,NA,NA,NA,NA
MANAGE_01322,Joint Genome Institute (JGI),DOE Joint Genome Institute  (JGI),NA,United States,NC,35.913,-79.056,6,Grazing,47556832,6.729178,0,NA,NA,NA,NA,NA,NA,NA,NA,NA,NA,NA,NA,NA,NA,NA,NA,NA,NA,NA,NA,NA,NA,NA,NA,NA,NA
MANAGE_01323,Joint Genome Institute (JGI),DOE Joint Genome Institute  (JGI),NA,United States,CO,40.81667,-104.76667,2,Grazing,35702758,5.053973,0,NA,NA,NA,NA,NA,NA,NA,NA,NA,NA,NA,NA,NA,NA,NA,NA,NA,NA,NA,NA,NA,NA,NA,NA,NA,NA
MANAGE_01324,Joint Genome Institute (JGI),DOE Joint Genome Institute  (JGI),NA,United States,CO,40.81667,-104.76667,2,Grazing,37691930,5.336968,0,NA,NA,NA,NA,NA,NA,NA,NA,NA,NA,NA,NA,NA,NA,NA,NA,NA,NA,NA,NA,NA,NA,NA,NA,NA,NA
MANAGE_01325,Joint Genome Institute (JGI),DOE Joint Genome Institute  (JGI),NA,United States,CO,40.81667,-104.76667,2,Grazing,37757533,5.333923,0,NA,NA,NA,NA,NA,NA,NA,NA,NA,NA,NA,NA,NA,NA,NA,NA,NA,NA,NA,NA,NA,NA,NA,NA,NA,NA
MANAGE_01326,Joint Genome Institute (JGI),DOE Joint Genome Institute  (JGI),NA,United States,CO,40.81667,-104.76667,2,Grazing,40190041,5.716675,0,NA,NA,NA,NA,NA,NA,NA,NA,NA,NA,NA,NA,NA,NA,NA,NA,NA,NA,NA,NA,NA,NA,NA,NA,NA,NA
MANAGE_01327,Joint Genome Institute (JGI),DOE Joint Genome Institute  (JGI),NA,United States,KS,39.05,-99.1,9,Grazing,46082001,6.531015,0,NA,NA,NA,NA,NA,NA,NA,NA,NA,NA,NA,NA,NA,NA,NA,NA,NA,NA,NA,NA,NA,NA,NA,NA,NA,NA
MANAGE_01328,Joint Genome Institute (JGI),DOE Joint Genome Institute  (JGI),NA,United States,CO,40.81667,-104.76667,2,Grazing,44156205,6.259804,0,NA,NA,NA,NA,NA,NA,NA,NA,NA,NA,NA,NA,NA,NA,NA,NA,NA,NA,NA,NA,NA,NA,NA,NA,NA,NA
MANAGE_01329,Joint Genome Institute (JGI),DOE Joint Genome Institute  (JGI),NA,United States,KS,39.05,-99.1,9,Grazing,50902124,7.216244,0,NA,NA,NA,NA,NA,NA,NA,NA,NA,NA,NA,NA,NA,NA,NA,NA,NA,NA,NA,NA,NA,NA,NA,NA,NA,NA
MANAGE_01330,Joint Genome Institute (JGI),DOE Joint Genome Institute  (JGI),NA,United States,NC,35.913,-79.056,6,Grazing,45817276,6.501202,0,NA,NA,NA,NA,NA,NA,NA,NA,NA,NA,NA,NA,NA,NA,NA,NA,NA,NA,NA,NA,NA,NA,NA,NA,NA,NA
MANAGE_01331,Joint Genome Institute (JGI),DOE Joint Genome Institute  (JGI),NA,United States,NC,35.913,-79.056,6,Grazing,46043734,6.527213,0,NA,NA,NA,NA,NA,NA,NA,NA,NA,NA,NA,NA,NA,NA,NA,NA,NA,NA,NA,NA,NA,NA,NA,NA,NA,NA
MANAGE_01332,Joint Genome Institute (JGI),DOE Joint Genome Institute  (JGI),NA,United States,NC,35.913,-79.056,6,Grazing,47803362,6.822023,0,NA,NA,NA,NA,NA,NA,NA,NA,NA,NA,NA,NA,NA,NA,NA,NA,NA,NA,NA,NA,NA,NA,NA,NA,NA,NA
MANAGE_01333,Joint Genome Institute (JGI),DOE Joint Genome Institute  (JGI),NA,United States,NC,35.913,-79.056,6,Grazing,50836072,7.229202,0,NA,NA,NA,NA,NA,NA,NA,NA,NA,NA,NA,NA,NA,NA,NA,NA,NA,NA,NA,NA,NA,NA,NA,NA,NA,NA
MANAGE_01334,Joint Genome Institute (JGI),DOE Joint Genome Institute  (JGI),NA,United States,CO,40.81667,-104.76667,2,Grazing,51332510,7.298259,0,NA,NA,NA,NA,NA,NA,NA,NA,NA,NA,NA,NA,NA,NA,NA,NA,NA,NA,NA,NA,NA,NA,NA,NA,NA,NA
MANAGE_01335,Joint Genome Institute (JGI),DOE Joint Genome Institute  (JGI),NA,United States,KS,39.05,-99.1,9,Grazing,67180391,9.641571,0,NA,NA,NA,NA,NA,NA,NA,NA,NA,NA,NA,NA,NA,NA,NA,NA,NA,NA,NA,NA,NA,NA,NA,NA,NA,NA
MANAGE_01336,Joint Genome Institute (JGI),DOE Joint Genome Institute  (JGI),NA,United States,KS,39.070856,-96.582821,9,Grazing,51541916,7.408657,0,NA,NA,NA,NA,NA,NA,NA,NA,NA,NA,NA,NA,NA,NA,NA,NA,NA,NA,NA,NA,NA,NA,NA,NA,NA,NA
MANAGE_01337,Joint Genome Institute (JGI),DOE Joint Genome Institute  (JGI),NA,United States,KS,39.05,-99.1,9,Grazing,54084160,7.661451,0,NA,NA,NA,NA,NA,NA,NA,NA,NA,NA,NA,NA,NA,NA,NA,NA,NA,NA,NA,NA,NA,NA,NA,NA,NA,NA
MANAGE_01338,Joint Genome Institute (JGI),DOE Joint Genome Institute  (JGI),NA,United States,KS,39.070856,-96.582821,9,Grazing,56249178,8.07015,0,NA,NA,NA,NA,NA,NA,NA,NA,NA,NA,NA,NA,NA,NA,NA,NA,NA,NA,NA,NA,NA,NA,NA,NA,NA,NA
MANAGE_01339,Joint Genome Institute (JGI),DOE Joint Genome Institute  (JGI),NA,United States,KS,39.05,-99.1,9,Grazing,45242429,6.417531,0,NA,NA,NA,NA,NA,NA,NA,NA,NA,NA,NA,NA,NA,NA,NA,NA,NA,NA,NA,NA,NA,NA,NA,NA,NA,NA
MANAGE_01340,Joint Genome Institute (JGI),DOE Joint Genome Institute  (JGI),NA,United States,KS,39.53,-96.582821,9,Grazing,38171909,5.44545,0,NA,NA,NA,NA,NA,NA,NA,NA,NA,NA,NA,NA,NA,NA,NA,NA,NA,NA,NA,NA,NA,NA,NA,NA,NA,NA
MANAGE_01341,Joint Genome Institute (JGI),DOE Joint Genome Institute  (JGI),NA,United States,KS,39.070856,-96.582821,9,Grazing,37211018,5.318353,0,NA,NA,NA,NA,NA,NA,NA,NA,NA,NA,NA,NA,NA,NA,NA,NA,NA,NA,NA,NA,NA,NA,NA,NA,NA,NA
MANAGE_01342,Joint Genome Institute (JGI),DOE Joint Genome Institute  (JGI),NA,United States,NC,35.913,-79.056,6,Grazing,36932863,5.205252,0,NA,NA,NA,NA,NA,NA,NA,NA,NA,NA,NA,NA,NA,NA,NA,NA,NA,NA,NA,NA,NA,NA,NA,NA,NA,NA
MANAGE_01343,Joint Genome Institute (JGI),DOE Joint Genome Institute  (JGI),NA,United States,KS,39.070856,-96.582821,9,Grazing,34005511,4.881572,0,NA,NA,NA,NA,NA,NA,NA,NA,NA,NA,NA,NA,NA,NA,NA,NA,NA,NA,NA,NA,NA,NA,NA,NA,NA,NA
MANAGE_01344,Joint Genome Institute (JGI),DOE Joint Genome Institute  (JGI),NA,United States,CO,40.81667,-104.76667,2,Grazing,41765294,5.883878,0,NA,NA,NA,NA,NA,NA,NA,NA,NA,NA,NA,NA,NA,NA,NA,NA,NA,NA,NA,NA,NA,NA,NA,NA,NA,NA
MANAGE_01345,Joint Genome Institute (JGI),DOE Joint Genome Institute  (JGI),NA,United States,KS,39.05,-99.1,9,Grazing,39320475,5.559004,0,NA,NA,NA,NA,NA,NA,NA,NA,NA,NA,NA,NA,NA,NA,NA,NA,NA,NA,NA,NA,NA,NA,NA,NA,NA,NA
MANAGE_01346,Joint Genome Institute (JGI),DOE Joint Genome Institute  (JGI),NA,United States,CO,40.81667,-104.76667,2,Grazing,29590162,4.200194,0,NA,NA,NA,NA,NA,NA,NA,NA,NA,NA,NA,NA,NA,NA,NA,NA,NA,NA,NA,NA,NA,NA,NA,NA,NA,NA
MANAGE_01347,Joint Genome Institute (JGI),DOE Joint Genome Institute  (JGI),NA,United States,CO,40.81667,-104.76667,2,Grazing,36774814,5.217507,0,NA,NA,NA,NA,NA,NA,NA,NA,NA,NA,NA,NA,NA,NA,NA,NA,NA,NA,NA,NA,NA,NA,NA,NA,NA,NA
MANAGE_01348,Joint Genome Institute (JGI),DOE Joint Genome Institute  (JGI),NA,United States,KS,39.070856,-96.582821,9,Grazing,36693567,5.273315,0,NA,NA,NA,NA,NA,NA,NA,NA,NA,NA,NA,NA,NA,NA,NA,NA,NA,NA,NA,NA,NA,NA,NA,NA,NA,NA
MANAGE_01349,Joint Genome Institute (JGI),DOE Joint Genome Institute  (JGI),NA,United States,NC,35.913,-79.056,6,Grazing,43084530,6.10019,0,NA,NA,NA,NA,NA,NA,NA,NA,NA,NA,NA,NA,NA,NA,NA,NA,NA,NA,NA,NA,NA,NA,NA,NA,NA,NA
MANAGE_01350,Joint Genome Institute (JGI),DOE Joint Genome Institute  (JGI),NA,United States,KS,39.05,-99.1,9,Grazing,42180499,5.970364,0,NA,NA,NA,NA,NA,NA,NA,NA,NA,NA,NA,NA,NA,NA,NA,NA,NA,NA,NA,NA,NA,NA,NA,NA,NA,NA
MANAGE_01351,Joint Genome Institute (JGI),DOE Joint Genome Institute  (JGI),NA,United States,KS,39.070856,-96.582821,9,Grazing,36705273,5.285008,0,NA,NA,NA,NA,NA,NA,NA,NA,NA,NA,NA,NA,NA,NA,NA,NA,NA,NA,NA,NA,NA,NA,NA,NA,NA,NA
MANAGE_01352,Joint Genome Institute (JGI),DOE Joint Genome Institute  (JGI),NA,United States,KS,39.05,-99.1,9,Grazing,55484839,7.865546,0,NA,NA,NA,NA,NA,NA,NA,NA,NA,NA,NA,NA,NA,NA,NA,NA,NA,NA,NA,NA,NA,NA,NA,NA,NA,NA
MANAGE_01353,Joint Genome Institute (JGI),DOE Joint Genome Institute  (JGI),NA,United States,KS,39.070856,-96.582821,9,Grazing,111577140,16.030645,0,NA,NA,NA,NA,NA,NA,NA,NA,NA,NA,NA,NA,NA,NA,NA,NA,NA,NA,NA,NA,NA,NA,NA,NA,NA,NA
MANAGE_01354,Joint Genome Institute (JGI),DOE Joint Genome Institute  (JGI),NA,United States,CO,40.81667,-104.76667,2,Grazing,30168391,4.2700633,0,NA,NA,NA,NA,NA,NA,NA,NA,NA,NA,NA,NA,NA,NA,NA,NA,NA,NA,NA,NA,NA,NA,NA,NA,NA,NA
MANAGE_01355,Joint Genome Institute (JGI),DOE Joint Genome Institute  (JGI),NA,United States,NC,35.913,-79.056,6,Grazing,51341590,7.284901,0,NA,NA,NA,NA,NA,NA,NA,NA,NA,NA,NA,NA,NA,NA,NA,NA,NA,NA,NA,NA,NA,NA,NA,NA,NA,NA
MANAGE_01356,Joint Genome Institute (JGI),DOE Joint Genome Institute  (JGI),NA,United States,KS,39.070856,-96.582821,9,Grazing,64500140,9.273482,0,NA,NA,NA,NA,NA,NA,NA,NA,NA,NA,NA,NA,NA,NA,NA,NA,NA,NA,NA,NA,NA,NA,NA,NA,NA,NA
MANAGE_01357,Joint Genome Institute (JGI),DOE Joint Genome Institute  (JGI),NA,United States,KS,39.05,-99.1,9,Grazing,6387548,0.958132,0,NA,NA,NA,NA,NA,NA,NA,NA,NA,NA,NA,NA,NA,NA,NA,NA,NA,NA,NA,NA,NA,NA,NA,NA,NA,NA
MANAGE_01358,Joint Genome Institute (JGI),DOE Joint Genome Institute  (JGI),NA,United States,KS,39.070856,-96.582821,9,Grazing,3479162,0.5218743,0,NA,NA,NA,NA,NA,NA,NA,NA,NA,NA,NA,NA,NA,NA,NA,NA,NA,NA,NA,NA,NA,NA,NA,NA,NA,NA
MANAGE_01359,Joint Genome Institute (JGI),DOE Joint Genome Institute  (JGI),NA,United States,NC,35.913,-79.056,6,Grazing,4348692,0.652304,0,NA,NA,NA,NA,NA,NA,NA,NA,NA,NA,NA,NA,NA,NA,NA,NA,NA,NA,NA,NA,NA,NA,NA,NA,NA,NA
MANAGE_01360,Joint Genome Institute (JGI),DOE Joint Genome Institute  (JGI),NA,United States,NC,35.913,-79.056,6,Grazing,4348692,0.652304,0,NA,NA,NA,NA,NA,NA,NA,NA,NA,NA,NA,NA,NA,NA,NA,NA,NA,NA,NA,NA,NA,NA,NA,NA,NA,NA
MANAGE_01361,Joint Genome Institute (JGI),DOE Joint Genome Institute  (JGI),NA,United States,NC,35.913,-79.056,6,Grazing,37835211,5.383386,0,NA,NA,NA,NA,NA,NA,NA,NA,NA,NA,NA,NA,NA,NA,NA,NA,NA,NA,NA,NA,NA,NA,NA,NA,NA,NA
MANAGE_01362,Joint Genome Institute (JGI),DOE Joint Genome Institute  (JGI),NA,United States,CO,40.81667,-104.76667,2,Grazing,30168391,4.270063,0,NA,NA,NA,NA,NA,NA,NA,NA,NA,NA,NA,NA,NA,NA,NA,NA,NA,NA,NA,NA,NA,NA,NA,NA,NA,NA
MANAGE_01363,Joint Genome Institute (JGI),DOE Joint Genome Institute  (JGI),NA,United States,CO,40.81667,-104.76667,2,Grazing,38107870,5.360242,0,NA,NA,NA,NA,NA,NA,NA,NA,NA,NA,NA,NA,NA,NA,NA,NA,NA,NA,NA,NA,NA,NA,NA,NA,NA,NA
MANAGE_01364,Joint Genome Institute (JGI),DOE Joint Genome Institute  (JGI),NA,United States,CO,40.81667,-104.76667,2,Grazing,29590162,4.200194,0,NA,NA,NA,NA,NA,NA,NA,NA,NA,NA,NA,NA,NA,NA,NA,NA,NA,NA,NA,NA,NA,NA,NA,NA,NA,NA
MANAGE_01365,Joint Genome Institute (JGI),DOE Joint Genome Institute  (JGI),NA,United States,CO,40.81667,-104.76667,2,Grazing,36774814,5.217507,0,NA,NA,NA,NA,NA,NA,NA,NA,NA,NA,NA,NA,NA,NA,NA,NA,NA,NA,NA,NA,NA,NA,NA,NA,NA,NA
MANAGE_01366,Joint Genome Institute (JGI),DOE Joint Genome Institute  (JGI),NA,United States,CO,40.81667,-104.76667,2,Grazing,34776621,4.95212,0,NA,NA,NA,NA,NA,NA,NA,NA,NA,NA,NA,NA,NA,NA,NA,NA,NA,NA,NA,NA,NA,NA,NA,NA,NA,NA
MANAGE_01367,Joint Genome Institute (JGI),DOE Joint Genome Institute  (JGI),NA,United States,NC,35.913,-79.056,6,Grazing,36932863,5.205252,0,NA,NA,NA,NA,NA,NA,NA,NA,NA,NA,NA,NA,NA,NA,NA,NA,NA,NA,NA,NA,NA,NA,NA,NA,NA,NA
MANAGE_01368,Joint Genome Institute (JGI),DOE Joint Genome Institute  (JGI),NA,United States,CO,40.81667,-104.76667,2,Grazing,36350099,5.141629,0,NA,NA,NA,NA,NA,NA,NA,NA,NA,NA,NA,NA,NA,NA,NA,NA,NA,NA,NA,NA,NA,NA,NA,NA,NA,NA
MANAGE_01369,Joint Genome Institute (JGI),DOE Joint Genome Institute  (JGI),NA,United States,NC,35.913,-79.056,6,Grazing,37125035,5.227942,0,NA,NA,NA,NA,NA,NA,NA,NA,NA,NA,NA,NA,NA,NA,NA,NA,NA,NA,NA,NA,NA,NA,NA,NA,NA,NA
MANAGE_01370,Joint Genome Institute (JGI),DOE Joint Genome Institute  (JGI),NA,United States,CO,40.81667,-104.76667,2,Grazing,34804478,4.926285,0,NA,NA,NA,NA,NA,NA,NA,NA,NA,NA,NA,NA,NA,NA,NA,NA,NA,NA,NA,NA,NA,NA,NA,NA,NA,NA
MANAGE_01371,Joint Genome Institute (JGI),DOE Joint Genome Institute  (JGI),NA,United States,CO,40.81667,-104.76667,2,Grazing,28995247,4.111375,0,NA,NA,NA,NA,NA,NA,NA,NA,NA,NA,NA,NA,NA,NA,NA,NA,NA,NA,NA,NA,NA,NA,NA,NA,NA,NA
MANAGE_01372,Joint Genome Institute (JGI),DOE Joint Genome Institute  (JGI),NA,United States,CO,40.81667,-104.76667,2,Grazing,41765294,5.883878,0,NA,NA,NA,NA,NA,NA,NA,NA,NA,NA,NA,NA,NA,NA,NA,NA,NA,NA,NA,NA,NA,NA,NA,NA,NA,NA
MANAGE_01373,Joint Genome Institute (JGI),DOE Joint Genome Institute  (JGI),NA,United States,KS,39.070856,-96.582821,9,Grazing,36693567,5.273315,0,NA,NA,NA,NA,NA,NA,NA,NA,NA,NA,NA,NA,NA,NA,NA,NA,NA,NA,NA,NA,NA,NA,NA,NA,NA,NA
MANAGE_01374,Joint Genome Institute (JGI),DOE Joint Genome Institute  (JGI),NA,United States,KS,39.070856,-96.582821,9,Grazing,3479162,0.521874,0,NA,NA,NA,NA,NA,NA,NA,NA,NA,NA,NA,NA,NA,NA,NA,NA,NA,NA,NA,NA,NA,NA,NA,NA,NA,NA
MANAGE_01375,Joint Genome Institute (JGI),DOE Joint Genome Institute  (JGI),NA,United States,KS,39.070856,-96.582821,9,Grazing,37211018,5.318353,0,NA,NA,NA,NA,NA,NA,NA,NA,NA,NA,NA,NA,NA,NA,NA,NA,NA,NA,NA,NA,NA,NA,NA,NA,NA,NA
MANAGE_01376,Joint Genome Institute (JGI),DOE Joint Genome Institute  (JGI),NA,United States,NC,35.913,-79.056,6,Grazing,50836072,7.229202,0,NA,NA,NA,NA,NA,NA,NA,NA,NA,NA,NA,NA,NA,NA,NA,NA,NA,NA,NA,NA,NA,NA,NA,NA,NA,NA
MANAGE_01377,Joint Genome Institute (JGI),DOE Joint Genome Institute  (JGI),NA,United States,KS,39.05,-99.1,9,Grazing,49112106,6.913081,0,NA,NA,NA,NA,NA,NA,NA,NA,NA,NA,NA,NA,NA,NA,NA,NA,NA,NA,NA,NA,NA,NA,NA,NA,NA,NA
MANAGE_01378,Joint Genome Institute (JGI),DOE Joint Genome Institute  (JGI),NA,United States,KS,39.05,-99.1,9,Grazing,6387548,0.958132,0,NA,NA,NA,NA,NA,NA,NA,NA,NA,NA,NA,NA,NA,NA,NA,NA,NA,NA,NA,NA,NA,NA,NA,NA,NA,NA
MANAGE_01379,Joint Genome Institute (JGI),DOE Joint Genome Institute  (JGI),NA,United States,KS,39.05,-99.1,9,Grazing,37724791,5.343268,0,NA,NA,NA,NA,NA,NA,NA,NA,NA,NA,NA,NA,NA,NA,NA,NA,NA,NA,NA,NA,NA,NA,NA,NA,NA,NA
MANAGE_01380,Joint Genome Institute (JGI),DOE Joint Genome Institute  (JGI),NA,United States,CO,40.81667,-104.76667,2,Grazing,37757533,5.333923,0,NA,NA,NA,NA,NA,NA,NA,NA,NA,NA,NA,NA,NA,NA,NA,NA,NA,NA,NA,NA,NA,NA,NA,NA,NA,NA
MANAGE_01381,Joint Genome Institute (JGI),DOE Joint Genome Institute  (JGI),NA,United States,KS,39.05,-99.1,9,Grazing,43025762,6.168049,0,NA,NA,NA,NA,NA,NA,NA,NA,NA,NA,NA,NA,NA,NA,NA,NA,NA,NA,NA,NA,NA,NA,NA,NA,NA,NA
MANAGE_01382,Joint Genome Institute (JGI),DOE Joint Genome Institute  (JGI),NA,United States,CO,40.81667,-104.76667,2,Grazing,37691930,5.336968,0,NA,NA,NA,NA,NA,NA,NA,NA,NA,NA,NA,NA,NA,NA,NA,NA,NA,NA,NA,NA,NA,NA,NA,NA,NA,NA
MANAGE_01383,Joint Genome Institute (JGI),DOE Joint Genome Institute  (JGI),NA,United States,CO,40.81667,-104.76667,2,Grazing,51332510,7.298259,0,NA,NA,NA,NA,NA,NA,NA,NA,NA,NA,NA,NA,NA,NA,NA,NA,NA,NA,NA,NA,NA,NA,NA,NA,NA,NA
MANAGE_01384,Joint Genome Institute (JGI),DOE Joint Genome Institute  (JGI),NA,United States,NC,35.913,-79.056,6,Grazing,37866826,5.356911,0,NA,NA,NA,NA,NA,NA,NA,NA,NA,NA,NA,NA,NA,NA,NA,NA,NA,NA,NA,NA,NA,NA,NA,NA,NA,NA
MANAGE_01385,Joint Genome Institute (JGI),DOE Joint Genome Institute  (JGI),NA,United States,NC,35.913,-79.056,6,Grazing,43084530,6.10019,0,NA,NA,NA,NA,NA,NA,NA,NA,NA,NA,NA,NA,NA,NA,NA,NA,NA,NA,NA,NA,NA,NA,NA,NA,NA,NA
MANAGE_01386,Joint Genome Institute (JGI),DOE Joint Genome Institute  (JGI),NA,United States,KS,39.05,-99.1,9,Grazing,39320475,5.559004,0,NA,NA,NA,NA,NA,NA,NA,NA,NA,NA,NA,NA,NA,NA,NA,NA,NA,NA,NA,NA,NA,NA,NA,NA,NA,NA
MANAGE_01387,Joint Genome Institute (JGI),DOE Joint Genome Institute  (JGI),NA,United States,CO,40.81667,-104.76667,2,Grazing,35702758,5.053973,0,NA,NA,NA,NA,NA,NA,NA,NA,NA,NA,NA,NA,NA,NA,NA,NA,NA,NA,NA,NA,NA,NA,NA,NA,NA,NA
MANAGE_01388,Joint Genome Institute (JGI),DOE Joint Genome Institute  (JGI),NA,United States,KS,39.05,-99.1,9,Grazing,38313558,5.429578,0,NA,NA,NA,NA,NA,NA,NA,NA,NA,NA,NA,NA,NA,NA,NA,NA,NA,NA,NA,NA,NA,NA,NA,NA,NA,NA
MANAGE_01389,Joint Genome Institute (JGI),DOE Joint Genome Institute  (JGI),NA,United States,CO,40.81667,-104.76667,2,Grazing,40190041,5.716675,0,NA,NA,NA,NA,NA,NA,NA,NA,NA,NA,NA,NA,NA,NA,NA,NA,NA,NA,NA,NA,NA,NA,NA,NA,NA,NA
MANAGE_01390,Joint Genome Institute (JGI),DOE Joint Genome Institute  (JGI),NA,United States,NC,35.913,-79.056,6,Grazing,45114998,6.38568,0,NA,NA,NA,NA,NA,NA,NA,NA,NA,NA,NA,NA,NA,NA,NA,NA,NA,NA,NA,NA,NA,NA,NA,NA,NA,NA
MANAGE_01391,Joint Genome Institute (JGI),DOE Joint Genome Institute  (JGI),NA,United States,NC,35.913,-79.056,6,Grazing,51341590,7.284901,0,NA,NA,NA,NA,NA,NA,NA,NA,NA,NA,NA,NA,NA,NA,NA,NA,NA,NA,NA,NA,NA,NA,NA,NA,NA,NA
MANAGE_01392,Joint Genome Institute (JGI),DOE Joint Genome Institute  (JGI),NA,United States,CO,40.81667,-104.76667,2,Grazing,44156205,6.259804,0,NA,NA,NA,NA,NA,NA,NA,NA,NA,NA,NA,NA,NA,NA,NA,NA,NA,NA,NA,NA,NA,NA,NA,NA,NA,NA
MANAGE_01393,Joint Genome Institute (JGI),DOE Joint Genome Institute  (JGI),NA,United States,KS,39.070856,-96.582821,9,Grazing,36705273,5.285008,0,NA,NA,NA,NA,NA,NA,NA,NA,NA,NA,NA,NA,NA,NA,NA,NA,NA,NA,NA,NA,NA,NA,NA,NA,NA,NA
MANAGE_01394,Joint Genome Institute (JGI),DOE Joint Genome Institute  (JGI),NA,United States,KS,39.070856,-96.582821,9,Grazing,34005511,4.881572,0,NA,NA,NA,NA,NA,NA,NA,NA,NA,NA,NA,NA,NA,NA,NA,NA,NA,NA,NA,NA,NA,NA,NA,NA,NA,NA
MANAGE_01395,Joint Genome Institute (JGI),DOE Joint Genome Institute  (JGI),NA,United States,KS,39.05,-99.1,9,Grazing,54084160,7.661451,0,NA,NA,NA,NA,NA,NA,NA,NA,NA,NA,NA,NA,NA,NA,NA,NA,NA,NA,NA,NA,NA,NA,NA,NA,NA,NA
MANAGE_01396,Joint Genome Institute (JGI),DOE Joint Genome Institute  (JGI),NA,United States,KS,39.53,-96.582821,9,Grazing,38171909,5.44545,0,NA,NA,NA,NA,NA,NA,NA,NA,NA,NA,NA,NA,NA,NA,NA,NA,NA,NA,NA,NA,NA,NA,NA,NA,NA,NA
MANAGE_01397,Joint Genome Institute (JGI),DOE Joint Genome Institute  (JGI),NA,United States,KS,39.05,-99.1,9,Grazing,46082001,6.531015,0,NA,NA,NA,NA,NA,NA,NA,NA,NA,NA,NA,NA,NA,NA,NA,NA,NA,NA,NA,NA,NA,NA,NA,NA,NA,NA
MANAGE_01398,Joint Genome Institute (JGI),DOE Joint Genome Institute  (JGI),NA,United States,KS,39.05,-99.1,9,Grazing,50902124,7.216244,0,NA,NA,NA,NA,NA,NA,NA,NA,NA,NA,NA,NA,NA,NA,NA,NA,NA,NA,NA,NA,NA,NA,NA,NA,NA,NA
MANAGE_01399,Joint Genome Institute (JGI),DOE Joint Genome Institute  (JGI),NA,United States,KS,39.070856,-96.582821,9,Grazing,42916869,6.17407,0,NA,NA,NA,NA,NA,NA,NA,NA,NA,NA,NA,NA,NA,NA,NA,NA,NA,NA,NA,NA,NA,NA,NA,NA,NA,NA
MANAGE_01400,Joint Genome Institute (JGI),DOE Joint Genome Institute  (JGI),NA,United States,NC,35.913,-79.056,6,Grazing,47803362,6.822023,0,NA,NA,NA,NA,NA,NA,NA,NA,NA,NA,NA,NA,NA,NA,NA,NA,NA,NA,NA,NA,NA,NA,NA,NA,NA,NA
MANAGE_01401,Joint Genome Institute (JGI),DOE Joint Genome Institute  (JGI),NA,United States,KS,39.070856,-96.582821,9,Grazing,56249178,8.07015,0,NA,NA,NA,NA,NA,NA,NA,NA,NA,NA,NA,NA,NA,NA,NA,NA,NA,NA,NA,NA,NA,NA,NA,NA,NA,NA
MANAGE_01402,Joint Genome Institute (JGI),DOE Joint Genome Institute  (JGI),NA,United States,KS,39.05,-99.1,9,Grazing,45414317,6.523958,0,NA,NA,NA,NA,NA,NA,NA,NA,NA,NA,NA,NA,NA,NA,NA,NA,NA,NA,NA,NA,NA,NA,NA,NA,NA,NA
MANAGE_01403,Joint Genome Institute (JGI),DOE Joint Genome Institute  (JGI),NA,United States,KS,39.05,-99.1,9,Grazing,45242429,6.417531,0,NA,NA,NA,NA,NA,NA,NA,NA,NA,NA,NA,NA,NA,NA,NA,NA,NA,NA,NA,NA,NA,NA,NA,NA,NA,NA
MANAGE_01404,Joint Genome Institute (JGI),DOE Joint Genome Institute  (JGI),NA,United States,KS,39.05,-99.1,9,Grazing,42180499,5.970364,0,NA,NA,NA,NA,NA,NA,NA,NA,NA,NA,NA,NA,NA,NA,NA,NA,NA,NA,NA,NA,NA,NA,NA,NA,NA,NA
MANAGE_01405,Joint Genome Institute (JGI),DOE Joint Genome Institute  (JGI),NA,United States,KS,39.05,-99.1,9,Grazing,55484839,7.865546,0,NA,NA,NA,NA,NA,NA,NA,NA,NA,NA,NA,NA,NA,NA,NA,NA,NA,NA,NA,NA,NA,NA,NA,NA,NA,NA
MANAGE_01406,Joint Genome Institute (JGI),DOE Joint Genome Institute  (JGI),NA,United States,KS,39.070856,-96.582821,9,Grazing,51541916,7.408657,0,NA,NA,NA,NA,NA,NA,NA,NA,NA,NA,NA,NA,NA,NA,NA,NA,NA,NA,NA,NA,NA,NA,NA,NA,NA,NA
MANAGE_01407,Joint Genome Institute (JGI),DOE Joint Genome Institute  (JGI),NA,United States,NC,35.913,-79.056,6,Grazing,51816017,7.368982,0,NA,NA,NA,NA,NA,NA,NA,NA,NA,NA,NA,NA,NA,NA,NA,NA,NA,NA,NA,NA,NA,NA,NA,NA,NA,NA
MANAGE_01408,Joint Genome Institute (JGI),DOE Joint Genome Institute  (JGI),NA,United States,KS,39.05,-99.1,9,Grazing,67180391,9.641571,0,NA,NA,NA,NA,NA,NA,NA,NA,NA,NA,NA,NA,NA,NA,NA,NA,NA,NA,NA,NA,NA,NA,NA,NA,NA,NA
MANAGE_01409,Joint Genome Institute (JGI),DOE Joint Genome Institute  (JGI),NA,United States,KS,39.070856,-96.582821,9,Grazing,64500140,9.273482,0,NA,NA,NA,NA,NA,NA,NA,NA,NA,NA,NA,NA,NA,NA,NA,NA,NA,NA,NA,NA,NA,NA,NA,NA,NA,NA
MANAGE_01410,Joint Genome Institute (JGI),DOE Joint Genome Institute  (JGI),NA,United States,NC,35.913,-79.056,6,Grazing,47556832,6.729178,0,NA,NA,NA,NA,NA,NA,NA,NA,NA,NA,NA,NA,NA,NA,NA,NA,NA,NA,NA,NA,NA,NA,NA,NA,NA,NA
MANAGE_01411,Joint Genome Institute (JGI),DOE Joint Genome Institute  (JGI),NA,United States,NC,35.913,-79.056,6,Grazing,45817276,6.501202,0,NA,NA,NA,NA,NA,NA,NA,NA,NA,NA,NA,NA,NA,NA,NA,NA,NA,NA,NA,NA,NA,NA,NA,NA,NA,NA
MANAGE_01412,Joint Genome Institute (JGI),DOE Joint Genome Institute  (JGI),NA,United States,NC,35.913,-79.056,6,Grazing,46043734,6.527213,0,NA,NA,NA,NA,NA,NA,NA,NA,NA,NA,NA,NA,NA,NA,NA,NA,NA,NA,NA,NA,NA,NA,NA,NA,NA,NA
MANAGE_01413,Joint Genome Institute (JGI),DOE Joint Genome Institute  (JGI),NA,United States,KS,39.070856,-96.582821,9,Grazing,111577140,16.030645,0,NA,NA,NA,NA,NA,NA,NA,NA,NA,NA,NA,NA,NA,NA,NA,NA,NA,NA,NA,NA,NA,NA,NA,NA,NA,NA
MANAGE_01414,Joint Genome Institute (JGI),DOE Joint Genome Institute  (JGI),NA,United States,CO,38.9936,-107.068,8,Grazing,60709212,9.167091,1,NA,NA,NA,NA,NA,NA,NA,NA,NA,NA,NA,NA,NA,NA,NA,NA,NA,NA,NA,NA,NA,NA,NA,NA,NA,NA
MANAGE_01415,Joint Genome Institute (JGI),DOE Joint Genome Institute  (JGI),NA,United States,WI,43.30485,-89.3309,3,Cropping,121716128,18.379135,3,NA,NA,NA,NA,NA,NA,NA,NA,NA,NA,NA,NA,NA,NA,NA,NA,NA,NA,NA,NA,NA,NA,NA,NA,NA,NA
MANAGE_01416,Joint Genome Institute (JGI),DOE Joint Genome Institute  (JGI),NA,United States,WI,43.30485,-89.3309,3,Cropping,210129194,31.729508,1,NA,NA,NA,NA,NA,NA,NA,NA,NA,NA,NA,NA,NA,NA,NA,NA,NA,NA,NA,NA,NA,NA,NA,NA,NA,NA
MANAGE_01417,Joint Genome Institute (JGI),DOE Joint Genome Institute  (JGI),NA,United States,WI,43.30485,-89.3309,3,Cropping,143249542,21.630681,6,NA,NA,NA,NA,NA,NA,NA,NA,NA,NA,NA,NA,NA,NA,NA,NA,NA,NA,NA,NA,NA,NA,NA,NA,NA,NA
MANAGE_01418,Joint Genome Institute (JGI),DOE Joint Genome Institute  (JGI),NA,United States,WI,43.30485,-89.3309,3,Cropping,204186992,30.832236,0,NA,NA,NA,NA,NA,NA,NA,NA,NA,NA,NA,NA,NA,NA,NA,NA,NA,NA,NA,NA,NA,NA,NA,NA,NA,NA
MANAGE_01419,Joint Genome Institute (JGI),DOE Joint Genome Institute  (JGI),NA,United States,IL,41.84145,-88.2298,9,Cropping,202453820,30.570527,6,NA,NA,NA,NA,NA,NA,NA,NA,NA,NA,NA,NA,NA,NA,NA,NA,NA,NA,NA,NA,NA,NA,NA,NA,NA,NA
MANAGE_01420,Joint Genome Institute (JGI),DOE Joint Genome Institute  (JGI),NA,United States,IL,41.84145,-88.2298,9,Cropping,165581398,25.002791,7,NA,NA,NA,NA,NA,NA,NA,NA,NA,NA,NA,NA,NA,NA,NA,NA,NA,NA,NA,NA,NA,NA,NA,NA,NA,NA
MANAGE_01421,Joint Genome Institute (JGI),DOE Joint Genome Institute  (JGI),NA,United States,IL,41.84145,-88.2298,9,Cropping,160095936,24.174486,5,NA,NA,NA,NA,NA,NA,NA,NA,NA,NA,NA,NA,NA,NA,NA,NA,NA,NA,NA,NA,NA,NA,NA,NA,NA,NA
MANAGE_01422,Joint Genome Institute (JGI),DOE Joint Genome Institute  (JGI),NA,United States,IL,41.84145,-88.2298,9,Cropping,130241522,19.66647,9,NA,NA,NA,NA,NA,NA,NA,NA,NA,NA,NA,NA,NA,NA,NA,NA,NA,NA,NA,NA,NA,NA,NA,NA,NA,NA
MANAGE_01423,Joint Genome Institute (JGI),DOE Joint Genome Institute  (JGI),NA,United States,IL,41.84145,-88.2298,9,Cropping,162390864,24.52102,23,NA,NA,NA,NA,NA,NA,NA,NA,NA,NA,NA,NA,NA,NA,NA,NA,NA,NA,NA,NA,NA,NA,NA,NA,NA,NA
MANAGE_01424,Joint Genome Institute (JGI),DOE Joint Genome Institute  (JGI),NA,United States,IL,41.84145,-88.2298,9,Cropping,214729290,32.424123,2,NA,NA,NA,NA,NA,NA,NA,NA,NA,NA,NA,NA,NA,NA,NA,NA,NA,NA,NA,NA,NA,NA,NA,NA,NA,NA
MANAGE_01425,Joint Genome Institute (JGI),DOE Joint Genome Institute  (JGI),NA,United States,IL,41.84145,-88.2298,9,Cropping,149847782,22.627015,0,NA,NA,NA,NA,NA,NA,NA,NA,NA,NA,NA,NA,NA,NA,NA,NA,NA,NA,NA,NA,NA,NA,NA,NA,NA,NA
MANAGE_01426,Joint Genome Institute (JGI),DOE Joint Genome Institute  (JGI),NA,United States,IL,41.84145,-88.2298,9,Cropping,115331500,17.415056,6,NA,NA,NA,NA,NA,NA,NA,NA,NA,NA,NA,NA,NA,NA,NA,NA,NA,NA,NA,NA,NA,NA,NA,NA,NA,NA
MANAGE_01427,Joint Genome Institute (JGI),DOE Joint Genome Institute  (JGI),NA,United States,IL,41.84145,-88.2298,9,Cropping,146890458,22.180459,15,NA,NA,NA,NA,NA,NA,NA,NA,NA,NA,NA,NA,NA,NA,NA,NA,NA,NA,NA,NA,NA,NA,NA,NA,NA,NA
MANAGE_01428,Joint Genome Institute (JGI),DOE Joint Genome Institute  (JGI),NA,United States,IL,41.84145,-88.2298,9,Cropping,168926766,25.507942,7,NA,NA,NA,NA,NA,NA,NA,NA,NA,NA,NA,NA,NA,NA,NA,NA,NA,NA,NA,NA,NA,NA,NA,NA,NA,NA
MANAGE_01429,Joint Genome Institute (JGI),DOE Joint Genome Institute  (JGI),NA,United States,IL,41.84145,-88.2298,9,Cropping,132962960,20.077407,0,NA,NA,NA,NA,NA,NA,NA,NA,NA,NA,NA,NA,NA,NA,NA,NA,NA,NA,NA,NA,NA,NA,NA,NA,NA,NA
MANAGE_01430,Joint Genome Institute (JGI),DOE Joint Genome Institute  (JGI),NA,United States,IL,41.84145,-88.2298,9,Cropping,153121956,23.121415,0,NA,NA,NA,NA,NA,NA,NA,NA,NA,NA,NA,NA,NA,NA,NA,NA,NA,NA,NA,NA,NA,NA,NA,NA,NA,NA
MANAGE_01431,Joint Genome Institute (JGI),DOE Joint Genome Institute  (JGI),NA,United States,IL,41.84145,-88.2298,9,Cropping,141399760,21.351364,14,NA,NA,NA,NA,NA,NA,NA,NA,NA,NA,NA,NA,NA,NA,NA,NA,NA,NA,NA,NA,NA,NA,NA,NA,NA,NA
MANAGE_01432,Joint Genome Institute (JGI),DOE Joint Genome Institute  (JGI),NA,United States,IL,41.84145,-88.2298,9,Cropping,142649980,21.540147,13,NA,NA,NA,NA,NA,NA,NA,NA,NA,NA,NA,NA,NA,NA,NA,NA,NA,NA,NA,NA,NA,NA,NA,NA,NA,NA
MANAGE_01433,Joint Genome Institute (JGI),DOE Joint Genome Institute  (JGI),NA,United States,IL,41.84145,-88.2298,9,Cropping,190217654,28.722866,20,NA,NA,NA,NA,NA,NA,NA,NA,NA,NA,NA,NA,NA,NA,NA,NA,NA,NA,NA,NA,NA,NA,NA,NA,NA,NA
MANAGE_01434,Joint Genome Institute (JGI),DOE Joint Genome Institute  (JGI),NA,United States,SD,45.27223,-97.8369,3,Cropping,153159434,23.127075,4,NA,NA,NA,NA,NA,NA,NA,NA,NA,NA,NA,NA,NA,NA,NA,NA,NA,NA,NA,NA,NA,NA,NA,NA,NA,NA
MANAGE_01435,Joint Genome Institute (JGI),DOE Joint Genome Institute  (JGI),NA,United States,SD,45.27223,-97.8369,3,Cropping,131967408,19.927079,1,NA,NA,NA,NA,NA,NA,NA,NA,NA,NA,NA,NA,NA,NA,NA,NA,NA,NA,NA,NA,NA,NA,NA,NA,NA,NA
MANAGE_01436,Joint Genome Institute (JGI),DOE Joint Genome Institute  (JGI),NA,United States,SD,45.27223,-97.8369,3,Cropping,196930600,29.736521,24,NA,NA,NA,NA,NA,NA,NA,NA,NA,NA,NA,NA,NA,NA,NA,NA,NA,NA,NA,NA,NA,NA,NA,NA,NA,NA
MANAGE_01437,Joint Genome Institute (JGI),DOE Joint Genome Institute  (JGI),NA,United States,SD,45.27223,-97.8369,3,Cropping,106224758,16.039938,11,NA,NA,NA,NA,NA,NA,NA,NA,NA,NA,NA,NA,NA,NA,NA,NA,NA,NA,NA,NA,NA,NA,NA,NA,NA,NA
MANAGE_01438,Joint Genome Institute (JGI),DOE Joint Genome Institute  (JGI),NA,United States,SD,45.27223,-97.8369,3,Cropping,246534112,37.226651,1,NA,NA,NA,NA,NA,NA,NA,NA,NA,NA,NA,NA,NA,NA,NA,NA,NA,NA,NA,NA,NA,NA,NA,NA,NA,NA
MANAGE_01439,Joint Genome Institute (JGI),DOE Joint Genome Institute  (JGI),NA,United States,SD,45.27223,-97.8369,3,Cropping,118888642,17.952185,0,NA,NA,NA,NA,NA,NA,NA,NA,NA,NA,NA,NA,NA,NA,NA,NA,NA,NA,NA,NA,NA,NA,NA,NA,NA,NA
MANAGE_01440,Joint Genome Institute (JGI),DOE Joint Genome Institute  (JGI),NA,United States,SD,45.27223,-97.8369,3,Cropping,148636556,22.44412,8,NA,NA,NA,NA,NA,NA,NA,NA,NA,NA,NA,NA,NA,NA,NA,NA,NA,NA,NA,NA,NA,NA,NA,NA,NA,NA
MANAGE_01441,Joint Genome Institute (JGI),DOE Joint Genome Institute  (JGI),NA,United States,SD,45.27223,-97.8369,3,Cropping,229015084,34.581278,35,NA,NA,NA,NA,NA,NA,NA,NA,NA,NA,NA,NA,NA,NA,NA,NA,NA,NA,NA,NA,NA,NA,NA,NA,NA,NA
MANAGE_01442,Joint Genome Institute (JGI),DOE Joint Genome Institute  (JGI),NA,United States,SD,45.27223,-97.8369,3,Cropping,163750756,24.726364,13,NA,NA,NA,NA,NA,NA,NA,NA,NA,NA,NA,NA,NA,NA,NA,NA,NA,NA,NA,NA,NA,NA,NA,NA,NA,NA
MANAGE_01443,Joint Genome Institute (JGI),DOE Joint Genome Institute  (JGI),NA,United States,WI,43.30485,-89.3309,3,Cropping,158579504,23.945505,14,NA,NA,NA,NA,NA,NA,NA,NA,NA,NA,NA,NA,NA,NA,NA,NA,NA,NA,NA,NA,NA,NA,NA,NA,NA,NA
MANAGE_01444,Joint Genome Institute (JGI),DOE Joint Genome Institute  (JGI),NA,United States,WI,43.30485,-89.3309,3,Cropping,257152308,38.829999,8,NA,NA,NA,NA,NA,NA,NA,NA,NA,NA,NA,NA,NA,NA,NA,NA,NA,NA,NA,NA,NA,NA,NA,NA,NA,NA
MANAGE_01445,Joint Genome Institute (JGI),DOE Joint Genome Institute  (JGI),NA,United States,WI,43.30485,-89.3309,3,Cropping,290785706,43.908642,22,NA,NA,NA,NA,NA,NA,NA,NA,NA,NA,NA,NA,NA,NA,NA,NA,NA,NA,NA,NA,NA,NA,NA,NA,NA,NA
MANAGE_01446,Joint Genome Institute (JGI),DOE Joint Genome Institute  (JGI),NA,United States,WI,43.30485,-89.3309,3,Cropping,243536656,36.774035,9,NA,NA,NA,NA,NA,NA,NA,NA,NA,NA,NA,NA,NA,NA,NA,NA,NA,NA,NA,NA,NA,NA,NA,NA,NA,NA
MANAGE_01447,Joint Genome Institute (JGI),DOE Joint Genome Institute  (JGI),NA,United States,WI,43.30485,-89.3309,3,Cropping,260998224,39.410732,8,NA,NA,NA,NA,NA,NA,NA,NA,NA,NA,NA,NA,NA,NA,NA,NA,NA,NA,NA,NA,NA,NA,NA,NA,NA,NA
MANAGE_01448,Joint Genome Institute (JGI),DOE Joint Genome Institute  (JGI),NA,United States,WI,43.30485,-89.3309,3,Cropping,365784014,55.233386,47,NA,NA,NA,NA,NA,NA,NA,NA,NA,NA,NA,NA,NA,NA,NA,NA,NA,NA,NA,NA,NA,NA,NA,NA,NA,NA
MANAGE_01449,Joint Genome Institute (JGI),DOE Joint Genome Institute  (JGI),NA,United States,IL,41.84145,-88.2298,9,Cropping,204779770,30.921745,7,NA,NA,NA,NA,NA,NA,NA,NA,NA,NA,NA,NA,NA,NA,NA,NA,NA,NA,NA,NA,NA,NA,NA,NA,NA,NA
MANAGE_01450,Joint Genome Institute (JGI),DOE Joint Genome Institute  (JGI),NA,United States,IL,41.84145,-88.2298,9,Cropping,142289592,21.485728,2,NA,NA,NA,NA,NA,NA,NA,NA,NA,NA,NA,NA,NA,NA,NA,NA,NA,NA,NA,NA,NA,NA,NA,NA,NA,NA
MANAGE_01451,Joint Genome Institute (JGI),DOE Joint Genome Institute  (JGI),NA,United States,IL,41.84145,-88.2298,9,Cropping,143243308,21.62974,0,NA,NA,NA,NA,NA,NA,NA,NA,NA,NA,NA,NA,NA,NA,NA,NA,NA,NA,NA,NA,NA,NA,NA,NA,NA,NA
MANAGE_01452,Joint Genome Institute (JGI),DOE Joint Genome Institute  (JGI),NA,United States,SD,45.27223,-97.8369,3,Cropping,261996210,39.561428,3,NA,NA,NA,NA,NA,NA,NA,NA,NA,NA,NA,NA,NA,NA,NA,NA,NA,NA,NA,NA,NA,NA,NA,NA,NA,NA
MANAGE_01453,Joint Genome Institute (JGI),DOE Joint Genome Institute  (JGI),NA,United States,WI,43.30485,-89.3309,3,Cropping,201301200,30.396481,5,NA,NA,NA,NA,NA,NA,NA,NA,NA,NA,NA,NA,NA,NA,NA,NA,NA,NA,NA,NA,NA,NA,NA,NA,NA,NA
MANAGE_01454,Joint Genome Institute (JGI),DOE Joint Genome Institute  (JGI),NA,United States,SD,45.27223,-97.8369,3,Cropping,161134484,24.331307,1,NA,NA,NA,NA,NA,NA,NA,NA,NA,NA,NA,NA,NA,NA,NA,NA,NA,NA,NA,NA,NA,NA,NA,NA,NA,NA
MANAGE_01455,Joint Genome Institute (JGI),DOE Joint Genome Institute  (JGI),NA,United States,SD,45.27223,-97.8369,3,Cropping,140450224,21.207984,15,NA,NA,NA,NA,NA,NA,NA,NA,NA,NA,NA,NA,NA,NA,NA,NA,NA,NA,NA,NA,NA,NA,NA,NA,NA,NA
MANAGE_01456,Joint Genome Institute (JGI),DOE Joint Genome Institute  (JGI),NA,United States,SD,45.27223,-97.8369,3,Cropping,146751428,22.159466,14,NA,NA,NA,NA,NA,NA,NA,NA,NA,NA,NA,NA,NA,NA,NA,NA,NA,NA,NA,NA,NA,NA,NA,NA,NA,NA
MANAGE_01457,Joint Genome Institute (JGI),DOE Joint Genome Institute  (JGI),NA,United States,WI,43.30485,-89.3309,3,Cropping,140502406,21.215863,6,NA,NA,NA,NA,NA,NA,NA,NA,NA,NA,NA,NA,NA,NA,NA,NA,NA,NA,NA,NA,NA,NA,NA,NA,NA,NA
MANAGE_01458,Joint Genome Institute (JGI),DOE Joint Genome Institute  (JGI),NA,United States,WI,43.30485,-89.3309,3,Cropping,173518766,26.201334,2,NA,NA,NA,NA,NA,NA,NA,NA,NA,NA,NA,NA,NA,NA,NA,NA,NA,NA,NA,NA,NA,NA,NA,NA,NA,NA
MANAGE_01459,Joint Genome Institute (JGI),DOE Joint Genome Institute  (JGI),NA,United States,WI,43.30485,-89.3309,3,Cropping,158708436,23.964974,8,NA,NA,NA,NA,NA,NA,NA,NA,NA,NA,NA,NA,NA,NA,NA,NA,NA,NA,NA,NA,NA,NA,NA,NA,NA,NA
MANAGE_01460,Joint Genome Institute (JGI),DOE Joint Genome Institute  (JGI),NA,United States,WI,43.30485,-89.3309,3,Cropping,437189724,66.015648,55,NA,NA,NA,NA,NA,NA,NA,NA,NA,NA,NA,NA,NA,NA,NA,NA,NA,NA,NA,NA,NA,NA,NA,NA,NA,NA
MANAGE_01461,Joint Genome Institute (JGI),DOE Joint Genome Institute  (JGI),NA,United States,SD,45.27223,-97.8369,3,Cropping,267124794,40.335844,2,NA,NA,NA,NA,NA,NA,NA,NA,NA,NA,NA,NA,NA,NA,NA,NA,NA,NA,NA,NA,NA,NA,NA,NA,NA,NA
MANAGE_01462,Joint Genome Institute (JGI),DOE Joint Genome Institute  (JGI),NA,United States,SD,45.27223,-97.8369,3,Cropping,287100644,43.352197,45,NA,NA,NA,NA,NA,NA,NA,NA,NA,NA,NA,NA,NA,NA,NA,NA,NA,NA,NA,NA,NA,NA,NA,NA,NA,NA
MANAGE_01463,Joint Genome Institute (JGI),DOE Joint Genome Institute  (JGI),NA,United States,SD,45.27223,-97.8369,3,Cropping,300521948,45.378814,33,NA,NA,NA,NA,NA,NA,NA,NA,NA,NA,NA,NA,NA,NA,NA,NA,NA,NA,NA,NA,NA,NA,NA,NA,NA,NA
MANAGE_01464,Joint Genome Institute (JGI),DOE Joint Genome Institute  (JGI),NA,United States,UT,41.7655,-111.8143,2,Cropping,323493360,81.196833,46,NA,NA,NA,NA,NA,NA,NA,NA,NA,NA,NA,NA,NA,NA,NA,NA,NA,NA,NA,NA,NA,NA,NA,NA,NA,NA
MANAGE_01465,Joint Genome Institute (JGI),DOE Joint Genome Institute  (JGI),NA,United States,UT,41.7655,-111.8143,2,Cropping,89635078,22.498405,35,NA,NA,NA,NA,NA,NA,NA,NA,NA,NA,NA,NA,NA,NA,NA,NA,NA,NA,NA,NA,NA,NA,NA,NA,NA,NA
MANAGE_01466,Joint Genome Institute (JGI),DOE Joint Genome Institute  (JGI),NA,United States,UT,41.7655,-111.8143,2,Cropping,149042836,37.409752,1,NA,NA,NA,NA,NA,NA,NA,NA,NA,NA,NA,NA,NA,NA,NA,NA,NA,NA,NA,NA,NA,NA,NA,NA,NA,NA
MANAGE_01467,Joint Genome Institute (JGI),DOE Joint Genome Institute  (JGI),NA,United States,UT,41.7655,-111.8143,2,Cropping,89635078,22.498405,6,NA,NA,NA,NA,NA,NA,NA,NA,NA,NA,NA,NA,NA,NA,NA,NA,NA,NA,NA,NA,NA,NA,NA,NA,NA,NA
MANAGE_01468,Joint Genome Institute (JGI),DOE Joint Genome Institute  (JGI),NA,United States,GA,33.8834,-83.4195,6,Cropping,90925098,22.8222,0,NA,NA,NA,NA,NA,NA,NA,NA,NA,NA,NA,NA,NA,NA,NA,NA,NA,NA,NA,NA,NA,NA,NA,NA,NA,NA
MANAGE_01469,Joint Genome Institute (JGI),DOE Joint Genome Institute  (JGI),NA,United States,UT,41.7655,-111.8143,2,Cropping,64425160,16.170715,1,NA,NA,NA,NA,NA,NA,NA,NA,NA,NA,NA,NA,NA,NA,NA,NA,NA,NA,NA,NA,NA,NA,NA,NA,NA,NA
MANAGE_01470,Joint Genome Institute (JGI),DOE Joint Genome Institute  (JGI),NA,United States,UT,41.7655,-111.8143,2,Cropping,75458354,18.940047,0,NA,NA,NA,NA,NA,NA,NA,NA,NA,NA,NA,NA,NA,NA,NA,NA,NA,NA,NA,NA,NA,NA,NA,NA,NA,NA
MANAGE_01471,Joint Genome Institute (JGI),DOE Joint Genome Institute  (JGI),NA,United States,UT,41.7655,-111.8143,2,Cropping,84399766,21.184341,0,NA,NA,NA,NA,NA,NA,NA,NA,NA,NA,NA,NA,NA,NA,NA,NA,NA,NA,NA,NA,NA,NA,NA,NA,NA,NA
MANAGE_01472,Joint Genome Institute (JGI),DOE Joint Genome Institute  (JGI),NA,United States,GA,33.8834,-83.4195,6,Cropping,90925098,22.8222,0,NA,NA,NA,NA,NA,NA,NA,NA,NA,NA,NA,NA,NA,NA,NA,NA,NA,NA,NA,NA,NA,NA,NA,NA,NA,NA
MANAGE_01473,Joint Genome Institute (JGI),DOE Joint Genome Institute  (JGI),NA,United States,UT,41.7655,-111.8143,2,Cropping,64425160,16.170715,0,NA,NA,NA,NA,NA,NA,NA,NA,NA,NA,NA,NA,NA,NA,NA,NA,NA,NA,NA,NA,NA,NA,NA,NA,NA,NA
MANAGE_01474,Joint Genome Institute (JGI),DOE Joint Genome Institute  (JGI),NA,United States,UT,41.7655,-111.8143,2,Cropping,84399766,21.184341,0,NA,NA,NA,NA,NA,NA,NA,NA,NA,NA,NA,NA,NA,NA,NA,NA,NA,NA,NA,NA,NA,NA,NA,NA,NA,NA
MANAGE_01475,Joint Genome Institute (JGI),DOE Joint Genome Institute  (JGI),NA,United States,GA,33.8834,-83.4195,6,Cropping,104306186,26.180853,0,NA,NA,NA,NA,NA,NA,NA,NA,NA,NA,NA,NA,NA,NA,NA,NA,NA,NA,NA,NA,NA,NA,NA,NA,NA,NA
MANAGE_01476,Joint Genome Institute (JGI),DOE Joint Genome Institute  (JGI),NA,United States,GA,33.8834,-83.4195,6,Cropping,79154856,19.867869,1,NA,NA,NA,NA,NA,NA,NA,NA,NA,NA,NA,NA,NA,NA,NA,NA,NA,NA,NA,NA,NA,NA,NA,NA,NA,NA
MANAGE_01477,Joint Genome Institute (JGI),DOE Joint Genome Institute  (JGI),NA,United States,GA,33.8834,-83.4195,6,Cropping,88595586,22.237492,33,NA,NA,NA,NA,NA,NA,NA,NA,NA,NA,NA,NA,NA,NA,NA,NA,NA,NA,NA,NA,NA,NA,NA,NA,NA,NA
MANAGE_01478,Joint Genome Institute (JGI),DOE Joint Genome Institute  (JGI),NA,United States,GA,33.8834,-83.4195,6,Cropping,88595586,22.237492,6,NA,NA,NA,NA,NA,NA,NA,NA,NA,NA,NA,NA,NA,NA,NA,NA,NA,NA,NA,NA,NA,NA,NA,NA,NA,NA
MANAGE_01479,Joint Genome Institute (JGI),DOE Joint Genome Institute  (JGI),NA,United States,GA,33.8834,-83.4195,6,Cropping,110213324,27.663544,0,NA,NA,NA,NA,NA,NA,NA,NA,NA,NA,NA,NA,NA,NA,NA,NA,NA,NA,NA,NA,NA,NA,NA,NA,NA,NA
MANAGE_01480,Joint Genome Institute (JGI),DOE Joint Genome Institute  (JGI),NA,United States,GA,33.8834,-83.4195,6,Cropping,302238534,75.861872,25,NA,NA,NA,NA,NA,NA,NA,NA,NA,NA,NA,NA,NA,NA,NA,NA,NA,NA,NA,NA,NA,NA,NA,NA,NA,NA
MANAGE_01481,Joint Genome Institute (JGI),DOE Joint Genome Institute  (JGI),NA,United States,UT,41.7655,-111.8143,2,Cropping,149042836,37.409752,1,NA,NA,NA,NA,NA,NA,NA,NA,NA,NA,NA,NA,NA,NA,NA,NA,NA,NA,NA,NA,NA,NA,NA,NA,NA,NA
MANAGE_01482,Joint Genome Institute (JGI),DOE Joint Genome Institute  (JGI),NA,United States,GA,33.8834,-83.4195,6,Cropping,104306186,26.180853,1,NA,NA,NA,NA,NA,NA,NA,NA,NA,NA,NA,NA,NA,NA,NA,NA,NA,NA,NA,NA,NA,NA,NA,NA,NA,NA
MANAGE_01483,Joint Genome Institute (JGI),DOE Joint Genome Institute  (JGI),NA,United States,UT,41.7655,-111.8143,2,Cropping,75458354,18.940047,0,NA,NA,NA,NA,NA,NA,NA,NA,NA,NA,NA,NA,NA,NA,NA,NA,NA,NA,NA,NA,NA,NA,NA,NA,NA,NA
MANAGE_01484,Joint Genome Institute (JGI),DOE Joint Genome Institute  (JGI),NA,United States,GA,33.8834,-83.4195,6,Cropping,79154856,19.867869,0,NA,NA,NA,NA,NA,NA,NA,NA,NA,NA,NA,NA,NA,NA,NA,NA,NA,NA,NA,NA,NA,NA,NA,NA,NA,NA
MANAGE_01485,Joint Genome Institute (JGI),DOE Joint Genome Institute  (JGI),NA,United States,GA,33.8834,-83.4195,6,Cropping,110213324,27.663544,0,NA,NA,NA,NA,NA,NA,NA,NA,NA,NA,NA,NA,NA,NA,NA,NA,NA,NA,NA,NA,NA,NA,NA,NA,NA,NA
MANAGE_01486,Joint Genome Institute (JGI),DOE Joint Genome Institute  (JGI),NA,United States,HI,21.144199,-157.09173,NA,Cropping,483766246,73.048703,8,NA,NA,NA,NA,NA,NA,NA,NA,NA,NA,NA,NA,NA,NA,NA,NA,NA,NA,NA,NA,NA,NA,NA,NA,NA,NA
MANAGE_01487,Joint Genome Institute (JGI),"University of Illinois, Urbana-Champaign",NA,United States,IL,40.109,-88.204,3,Cropping,NA,NA,0,NA,NA,NA,NA,NA,NA,NA,NA,NA,NA,NA,NA,NA,NA,NA,NA,NA,NA,NA,NA,NA,NA,NA,NA,NA,NA
MANAGE_01488,Joint Genome Institute (JGI),"University of Illinois, Urbana-Champaign",NA,United States,IL,40.109,-88.204,3,Cropping,NA,NA,0,NA,NA,NA,NA,NA,NA,NA,NA,NA,NA,NA,NA,NA,NA,NA,NA,NA,NA,NA,NA,NA,NA,NA,NA,NA,NA
MANAGE_01489,Joint Genome Institute (JGI),"University of Illinois, Urbana-Champaign",NA,United States,IL,40.109722,-88.204167,3,Cropping,NA,NA,0,NA,NA,NA,NA,NA,NA,NA,NA,NA,NA,NA,NA,NA,NA,NA,NA,NA,NA,NA,NA,NA,NA,NA,NA,NA,NA
MANAGE_01490,Joint Genome Institute (JGI),DOE Joint Genome Institute  (JGI),NA,United States,IL,41.8784,-89.3541,5,Grazing,58452594,8.826342,0,NA,NA,NA,NA,NA,NA,NA,NA,NA,NA,NA,NA,NA,NA,NA,NA,NA,NA,NA,NA,NA,NA,NA,NA,NA,NA
MANAGE_01491,Joint Genome Institute (JGI),DOE Joint Genome Institute  (JGI),NA,United States,IL,41.9035,-89.3341,3,Grazing,74458260,11.243197,0,NA,NA,NA,NA,NA,NA,NA,NA,NA,NA,NA,NA,NA,NA,NA,NA,NA,NA,NA,NA,NA,NA,NA,NA,NA,NA
MANAGE_01492,Joint Genome Institute (JGI),DOE Joint Genome Institute  (JGI),NA,United States,IL,41.9002,-89.352,3,Grazing,94490066,14.268,1,NA,NA,NA,NA,NA,NA,NA,NA,NA,NA,NA,NA,NA,NA,NA,NA,NA,NA,NA,NA,NA,NA,NA,NA,NA,NA
MANAGE_01493,Joint Genome Institute (JGI),DOE Joint Genome Institute  (JGI),NA,United States,IL,41.9002,-89.352,3,Grazing,103406398,15.614366,2,NA,NA,NA,NA,NA,NA,NA,NA,NA,NA,NA,NA,NA,NA,NA,NA,NA,NA,NA,NA,NA,NA,NA,NA,NA,NA
MANAGE_01494,Joint Genome Institute (JGI),DOE Joint Genome Institute  (JGI),NA,United States,IL,41.9002,-89.352,3,Grazing,122599218,18.512482,1,NA,NA,NA,NA,NA,NA,NA,NA,NA,NA,NA,NA,NA,NA,NA,NA,NA,NA,NA,NA,NA,NA,NA,NA,NA,NA
MANAGE_01495,Joint Genome Institute (JGI),DOE Joint Genome Institute  (JGI),NA,United States,IL,41.896,-89.3636,3,Grazing,95975208,14.492256,0,NA,NA,NA,NA,NA,NA,NA,NA,NA,NA,NA,NA,NA,NA,NA,NA,NA,NA,NA,NA,NA,NA,NA,NA,NA,NA
MANAGE_01496,Joint Genome Institute (JGI),DOE Joint Genome Institute  (JGI),NA,United States,IL,41.896,-89.3636,3,Grazing,101768938,15.36711,0,NA,NA,NA,NA,NA,NA,NA,NA,NA,NA,NA,NA,NA,NA,NA,NA,NA,NA,NA,NA,NA,NA,NA,NA,NA,NA
MANAGE_01497,Joint Genome Institute (JGI),DOE Joint Genome Institute  (JGI),NA,United States,IL,41.8725,-89.3578,3,Grazing,101930108,15.391446,0,NA,NA,NA,NA,NA,NA,NA,NA,NA,NA,NA,NA,NA,NA,NA,NA,NA,NA,NA,NA,NA,NA,NA,NA,NA,NA
MANAGE_01498,Joint Genome Institute (JGI),DOE Joint Genome Institute  (JGI),NA,United States,IL,41.8725,-89.3578,3,Grazing,92595802,13.981966,2,NA,NA,NA,NA,NA,NA,NA,NA,NA,NA,NA,NA,NA,NA,NA,NA,NA,NA,NA,NA,NA,NA,NA,NA,NA,NA
MANAGE_01499,Joint Genome Institute (JGI),DOE Joint Genome Institute  (JGI),NA,United States,IL,41.9002,-89.3556,3,Grazing,82166594,12.407156,0,NA,NA,NA,NA,NA,NA,NA,NA,NA,NA,NA,NA,NA,NA,NA,NA,NA,NA,NA,NA,NA,NA,NA,NA,NA,NA
MANAGE_01500,Joint Genome Institute (JGI),DOE Joint Genome Institute  (JGI),NA,United States,IL,41.896,-89.3636,3,Grazing,94443792,14.261013,0,NA,NA,NA,NA,NA,NA,NA,NA,NA,NA,NA,NA,NA,NA,NA,NA,NA,NA,NA,NA,NA,NA,NA,NA,NA,NA
MANAGE_01501,Joint Genome Institute (JGI),DOE Joint Genome Institute  (JGI),NA,United States,IL,41.8725,-89.3578,3,Grazing,100819864,15.223799,0,NA,NA,NA,NA,NA,NA,NA,NA,NA,NA,NA,NA,NA,NA,NA,NA,NA,NA,NA,NA,NA,NA,NA,NA,NA,NA
MANAGE_01502,Joint Genome Institute (JGI),DOE Joint Genome Institute  (JGI),NA,United States,IL,41.8784,-89.3541,5,Grazing,89960736,13.584071,0,NA,NA,NA,NA,NA,NA,NA,NA,NA,NA,NA,NA,NA,NA,NA,NA,NA,NA,NA,NA,NA,NA,NA,NA,NA,NA
MANAGE_01503,Joint Genome Institute (JGI),DOE Joint Genome Institute  (JGI),NA,United States,IL,41.9002,-89.3556,3,Grazing,153567032,23.188622,0,NA,NA,NA,NA,NA,NA,NA,NA,NA,NA,NA,NA,NA,NA,NA,NA,NA,NA,NA,NA,NA,NA,NA,NA,NA,NA
MANAGE_01504,Joint Genome Institute (JGI),DOE Joint Genome Institute  (JGI),NA,United States,IL,41.9035,-89.3341,3,Grazing,150037896,22.655722,0,NA,NA,NA,NA,NA,NA,NA,NA,NA,NA,NA,NA,NA,NA,NA,NA,NA,NA,NA,NA,NA,NA,NA,NA,NA,NA
MANAGE_01505,Joint Genome Institute (JGI),DOE Joint Genome Institute  (JGI),NA,United States,IL,41.9035,-89.3341,3,Grazing,140879376,21.272786,1,NA,NA,NA,NA,NA,NA,NA,NA,NA,NA,NA,NA,NA,NA,NA,NA,NA,NA,NA,NA,NA,NA,NA,NA,NA,NA
MANAGE_01506,Joint Genome Institute (JGI),DOE Joint Genome Institute  (JGI),NA,United States,IL,41.8854,-89.3208,3,Grazing,86876682,13.118379,0,NA,NA,NA,NA,NA,NA,NA,NA,NA,NA,NA,NA,NA,NA,NA,NA,NA,NA,NA,NA,NA,NA,NA,NA,NA,NA
MANAGE_01507,Joint Genome Institute (JGI),DOE Joint Genome Institute  (JGI),NA,United States,IL,41.9002,-89.3556,3,Grazing,84356144,12.737778,0,NA,NA,NA,NA,NA,NA,NA,NA,NA,NA,NA,NA,NA,NA,NA,NA,NA,NA,NA,NA,NA,NA,NA,NA,NA,NA
MANAGE_01508,Joint Genome Institute (JGI),DOE Joint Genome Institute  (JGI),NA,United States,IL,41.8784,-89.3541,5,Grazing,80703722,12.186262,1,NA,NA,NA,NA,NA,NA,NA,NA,NA,NA,NA,NA,NA,NA,NA,NA,NA,NA,NA,NA,NA,NA,NA,NA,NA,NA
MANAGE_01509,Joint Genome Institute (JGI),DOE Joint Genome Institute  (JGI),NA,United States,IL,41.8854,-89.3208,3,Grazing,83782626,12.651177,0,NA,NA,NA,NA,NA,NA,NA,NA,NA,NA,NA,NA,NA,NA,NA,NA,NA,NA,NA,NA,NA,NA,NA,NA,NA,NA
MANAGE_01510,Joint Genome Institute (JGI),DOE Joint Genome Institute  (JGI),NA,United States,IL,41.8854,-89.3208,3,Grazing,81994536,12.381175,0,NA,NA,NA,NA,NA,NA,NA,NA,NA,NA,NA,NA,NA,NA,NA,NA,NA,NA,NA,NA,NA,NA,NA,NA,NA,NA
MANAGE_01511,Joint Genome Institute (JGI),DOE Joint Genome Institute  (JGI),NA,United States,IL,41.893,-89.305,3,Grazing,87637346,13.233239,0,NA,NA,NA,NA,NA,NA,NA,NA,NA,NA,NA,NA,NA,NA,NA,NA,NA,NA,NA,NA,NA,NA,NA,NA,NA,NA
MANAGE_01512,Joint Genome Institute (JGI),DOE Joint Genome Institute  (JGI),NA,United States,IL,41.9002,-89.3556,3,Grazing,153567032,23.188622,0,NA,NA,NA,NA,NA,NA,NA,NA,NA,NA,NA,NA,NA,NA,NA,NA,NA,NA,NA,NA,NA,NA,NA,NA,NA,NA
MANAGE_01513,Joint Genome Institute (JGI),DOE Joint Genome Institute  (JGI),NA,United States,IL,41.9002,-89.3556,3,Grazing,82166594,12.407156,0,NA,NA,NA,NA,NA,NA,NA,NA,NA,NA,NA,NA,NA,NA,NA,NA,NA,NA,NA,NA,NA,NA,NA,NA,NA,NA
MANAGE_01514,Joint Genome Institute (JGI),DOE Joint Genome Institute  (JGI),NA,United States,IL,41.9035,-89.3341,3,Grazing,150037896,22.655722,0,NA,NA,NA,NA,NA,NA,NA,NA,NA,NA,NA,NA,NA,NA,NA,NA,NA,NA,NA,NA,NA,NA,NA,NA,NA,NA
MANAGE_01515,Joint Genome Institute (JGI),DOE Joint Genome Institute  (JGI),NA,United States,IL,41.9035,-89.3341,3,Grazing,74458260,11.243197,0,NA,NA,NA,NA,NA,NA,NA,NA,NA,NA,NA,NA,NA,NA,NA,NA,NA,NA,NA,NA,NA,NA,NA,NA,NA,NA
MANAGE_01516,Joint Genome Institute (JGI),DOE Joint Genome Institute  (JGI),NA,United States,IL,41.9035,-89.3341,3,Grazing,140879376,21.272786,0,NA,NA,NA,NA,NA,NA,NA,NA,NA,NA,NA,NA,NA,NA,NA,NA,NA,NA,NA,NA,NA,NA,NA,NA,NA,NA
MANAGE_01517,Joint Genome Institute (JGI),DOE Joint Genome Institute  (JGI),NA,United States,IL,41.896,-89.3636,3,Grazing,94443792,14.261013,0,NA,NA,NA,NA,NA,NA,NA,NA,NA,NA,NA,NA,NA,NA,NA,NA,NA,NA,NA,NA,NA,NA,NA,NA,NA,NA
MANAGE_01518,Joint Genome Institute (JGI),DOE Joint Genome Institute  (JGI),NA,United States,IL,41.896,-89.3636,3,Grazing,95975208,14.492256,0,NA,NA,NA,NA,NA,NA,NA,NA,NA,NA,NA,NA,NA,NA,NA,NA,NA,NA,NA,NA,NA,NA,NA,NA,NA,NA
MANAGE_01519,Joint Genome Institute (JGI),DOE Joint Genome Institute  (JGI),NA,United States,IL,41.896,-89.3636,3,Grazing,101768938,15.36711,0,NA,NA,NA,NA,NA,NA,NA,NA,NA,NA,NA,NA,NA,NA,NA,NA,NA,NA,NA,NA,NA,NA,NA,NA,NA,NA
MANAGE_01520,Joint Genome Institute (JGI),DOE Joint Genome Institute  (JGI),NA,United States,IL,41.8725,-89.3578,3,Grazing,101930108,15.391446,0,NA,NA,NA,NA,NA,NA,NA,NA,NA,NA,NA,NA,NA,NA,NA,NA,NA,NA,NA,NA,NA,NA,NA,NA,NA,NA
MANAGE_01521,Joint Genome Institute (JGI),DOE Joint Genome Institute  (JGI),NA,United States,IL,41.8725,-89.3578,3,Grazing,100819864,15.223799,0,NA,NA,NA,NA,NA,NA,NA,NA,NA,NA,NA,NA,NA,NA,NA,NA,NA,NA,NA,NA,NA,NA,NA,NA,NA,NA
MANAGE_01522,Joint Genome Institute (JGI),DOE Joint Genome Institute  (JGI),NA,United States,IL,41.8725,-89.3578,3,Grazing,92595802,13.981966,0,NA,NA,NA,NA,NA,NA,NA,NA,NA,NA,NA,NA,NA,NA,NA,NA,NA,NA,NA,NA,NA,NA,NA,NA,NA,NA
MANAGE_01523,Joint Genome Institute (JGI),DOE Joint Genome Institute  (JGI),NA,United States,IL,41.8784,-89.3541,5,Grazing,58452594,8.826342,0,NA,NA,NA,NA,NA,NA,NA,NA,NA,NA,NA,NA,NA,NA,NA,NA,NA,NA,NA,NA,NA,NA,NA,NA,NA,NA
MANAGE_01524,Joint Genome Institute (JGI),DOE Joint Genome Institute  (JGI),NA,United States,IL,41.8725,-89.3578,3,Grazing,100819864,15.223799,0,NA,NA,NA,NA,NA,NA,NA,NA,NA,NA,NA,NA,NA,NA,NA,NA,NA,NA,NA,NA,NA,NA,NA,NA,NA,NA
MANAGE_01525,Joint Genome Institute (JGI),DOE Joint Genome Institute  (JGI),NA,United States,IL,41.8725,-89.3578,3,Grazing,92595802,13.981966,0,NA,NA,NA,NA,NA,NA,NA,NA,NA,NA,NA,NA,NA,NA,NA,NA,NA,NA,NA,NA,NA,NA,NA,NA,NA,NA
MANAGE_01526,Joint Genome Institute (JGI),DOE Joint Genome Institute  (JGI),NA,United States,IL,41.8784,-89.3541,5,Grazing,58452594,8.826342,0,NA,NA,NA,NA,NA,NA,NA,NA,NA,NA,NA,NA,NA,NA,NA,NA,NA,NA,NA,NA,NA,NA,NA,NA,NA,NA
MANAGE_01527,Joint Genome Institute (JGI),DOE Joint Genome Institute  (JGI),NA,United States,IL,41.9002,-89.3556,3,Grazing,153567032,23.188622,0,NA,NA,NA,NA,NA,NA,NA,NA,NA,NA,NA,NA,NA,NA,NA,NA,NA,NA,NA,NA,NA,NA,NA,NA,NA,NA
MANAGE_01528,Joint Genome Institute (JGI),DOE Joint Genome Institute  (JGI),NA,United States,IL,41.9002,-89.3556,3,Grazing,82166594,12.407156,0,NA,NA,NA,NA,NA,NA,NA,NA,NA,NA,NA,NA,NA,NA,NA,NA,NA,NA,NA,NA,NA,NA,NA,NA,NA,NA
MANAGE_01529,Joint Genome Institute (JGI),DOE Joint Genome Institute  (JGI),NA,United States,IL,41.9035,-89.3341,3,Grazing,150037896,22.655722,0,NA,NA,NA,NA,NA,NA,NA,NA,NA,NA,NA,NA,NA,NA,NA,NA,NA,NA,NA,NA,NA,NA,NA,NA,NA,NA
MANAGE_01530,Joint Genome Institute (JGI),DOE Joint Genome Institute  (JGI),NA,United States,IL,41.9035,-89.3341,3,Grazing,74458260,11.243197,0,NA,NA,NA,NA,NA,NA,NA,NA,NA,NA,NA,NA,NA,NA,NA,NA,NA,NA,NA,NA,NA,NA,NA,NA,NA,NA
MANAGE_01531,Joint Genome Institute (JGI),DOE Joint Genome Institute  (JGI),NA,United States,IL,41.9035,-89.3341,3,Grazing,140879376,21.272786,0,NA,NA,NA,NA,NA,NA,NA,NA,NA,NA,NA,NA,NA,NA,NA,NA,NA,NA,NA,NA,NA,NA,NA,NA,NA,NA
MANAGE_01532,Joint Genome Institute (JGI),DOE Joint Genome Institute  (JGI),NA,United States,IL,41.896,-89.3636,3,Grazing,94443792,14.261013,0,NA,NA,NA,NA,NA,NA,NA,NA,NA,NA,NA,NA,NA,NA,NA,NA,NA,NA,NA,NA,NA,NA,NA,NA,NA,NA
MANAGE_01533,Joint Genome Institute (JGI),DOE Joint Genome Institute  (JGI),NA,United States,IL,41.896,-89.3636,3,Grazing,95975208,14.492256,0,NA,NA,NA,NA,NA,NA,NA,NA,NA,NA,NA,NA,NA,NA,NA,NA,NA,NA,NA,NA,NA,NA,NA,NA,NA,NA
MANAGE_01534,Joint Genome Institute (JGI),DOE Joint Genome Institute  (JGI),NA,United States,IL,41.896,-89.3636,3,Grazing,101768938,15.36711,0,NA,NA,NA,NA,NA,NA,NA,NA,NA,NA,NA,NA,NA,NA,NA,NA,NA,NA,NA,NA,NA,NA,NA,NA,NA,NA
MANAGE_01535,Joint Genome Institute (JGI),DOE Joint Genome Institute  (JGI),NA,United States,IL,41.8725,-89.3578,3,Grazing,101930108,15.391446,0,NA,NA,NA,NA,NA,NA,NA,NA,NA,NA,NA,NA,NA,NA,NA,NA,NA,NA,NA,NA,NA,NA,NA,NA,NA,NA
MANAGE_01536,Joint Genome Institute (JGI),DOE Joint Genome Institute  (JGI),NA,United States,IL,41.896,-89.3636,3,Grazing,NA,NA,0,NA,NA,NA,NA,NA,NA,NA,NA,NA,NA,NA,NA,NA,NA,NA,NA,NA,NA,NA,NA,NA,NA,NA,NA,NA,NA
MANAGE_01537,Joint Genome Institute (JGI),DOE Joint Genome Institute  (JGI),NA,United States,IA,42.0127,-93.7445,3,Cropping,329237300,49.714832,0,NA,NA,NA,NA,NA,NA,NA,NA,NA,NA,NA,NA,NA,NA,NA,NA,NA,NA,NA,NA,NA,NA,NA,NA,NA,NA
MANAGE_01538,Joint Genome Institute (JGI),DOE Joint Genome Institute  (JGI),NA,United States,IA,42.0127,-93.7445,3,Cropping,362519682,54.740472,0,NA,NA,NA,NA,NA,NA,NA,NA,NA,NA,NA,NA,NA,NA,NA,NA,NA,NA,NA,NA,NA,NA,NA,NA,NA,NA
MANAGE_01539,Joint Genome Institute (JGI),DOE Joint Genome Institute  (JGI),NA,United States,IA,42.0127,-93.7445,3,Cropping,423917134,64.011487,0,NA,NA,NA,NA,NA,NA,NA,NA,NA,NA,NA,NA,NA,NA,NA,NA,NA,NA,NA,NA,NA,NA,NA,NA,NA,NA
MANAGE_01540,Joint Genome Institute (JGI),DOE Joint Genome Institute  (JGI),NA,United States,IA,42.0127,-93.7445,3,Cropping,307647800,46.454818,0,NA,NA,NA,NA,NA,NA,NA,NA,NA,NA,NA,NA,NA,NA,NA,NA,NA,NA,NA,NA,NA,NA,NA,NA,NA,NA
MANAGE_01541,Joint Genome Institute (JGI),DOE Joint Genome Institute  (JGI),NA,United States,IA,42.0127,-93.7445,3,Cropping,339601522,51.27983,0,NA,NA,NA,NA,NA,NA,NA,NA,NA,NA,NA,NA,NA,NA,NA,NA,NA,NA,NA,NA,NA,NA,NA,NA,NA,NA
MANAGE_01542,Joint Genome Institute (JGI),DOE Joint Genome Institute  (JGI),NA,United States,IA,42.0127,-93.7445,3,Cropping,355109628,53.621554,0,NA,NA,NA,NA,NA,NA,NA,NA,NA,NA,NA,NA,NA,NA,NA,NA,NA,NA,NA,NA,NA,NA,NA,NA,NA,NA
MANAGE_01543,Joint Genome Institute (JGI),DOE Joint Genome Institute  (JGI),NA,United States,IA,42.0127,-93.7445,3,Cropping,337179476,50.914101,0,NA,NA,NA,NA,NA,NA,NA,NA,NA,NA,NA,NA,NA,NA,NA,NA,NA,NA,NA,NA,NA,NA,NA,NA,NA,NA
MANAGE_01544,Joint Genome Institute (JGI),DOE Joint Genome Institute  (JGI),NA,United States,IA,42.0127,-93.7445,3,Cropping,418370584,63.173958,0,NA,NA,NA,NA,NA,NA,NA,NA,NA,NA,NA,NA,NA,NA,NA,NA,NA,NA,NA,NA,NA,NA,NA,NA,NA,NA
MANAGE_01545,Joint Genome Institute (JGI),DOE Joint Genome Institute  (JGI),NA,United States,IL,40.0633,-88.2058,3,Cropping,401144540,60.572826,0,NA,NA,NA,NA,NA,NA,NA,NA,NA,NA,NA,NA,NA,NA,NA,NA,NA,NA,NA,NA,NA,NA,NA,NA,NA,NA
MANAGE_01546,Joint Genome Institute (JGI),DOE Joint Genome Institute  (JGI),NA,United States,IL,40.0633,-88.2058,3,Cropping,642751366,97.055456,0,NA,NA,NA,NA,NA,NA,NA,NA,NA,NA,NA,NA,NA,NA,NA,NA,NA,NA,NA,NA,NA,NA,NA,NA,NA,NA
MANAGE_01547,Joint Genome Institute (JGI),DOE Joint Genome Institute  (JGI),NA,United States,IL,40.0633,-88.2058,3,Cropping,486694876,73.490926,0,NA,NA,NA,NA,NA,NA,NA,NA,NA,NA,NA,NA,NA,NA,NA,NA,NA,NA,NA,NA,NA,NA,NA,NA,NA,NA
MANAGE_01548,Joint Genome Institute (JGI),DOE Joint Genome Institute  (JGI),NA,United States,WI,44.166906,-89.649965,7,Cropping,NA,NA,0,NA,NA,NA,NA,NA,NA,NA,NA,NA,NA,NA,NA,NA,NA,NA,NA,NA,NA,NA,NA,NA,NA,NA,NA,NA,NA
MANAGE_01549,Joint Genome Institute (JGI),DOE Joint Genome Institute  (JGI),NA,United States,MI,42.794771,-84.393804,12,Cropping,36813576,2.797832,0,NA,NA,NA,NA,NA,NA,NA,NA,NA,NA,NA,NA,NA,NA,NA,NA,NA,NA,NA,NA,NA,NA,NA,NA,NA,NA
MANAGE_01550,Joint Genome Institute (JGI),DOE Joint Genome Institute  (JGI),NA,United States,MI,42.704677,-84.468818,3,Cropping,NA,NA,0,NA,NA,NA,NA,NA,NA,NA,NA,NA,NA,NA,NA,NA,NA,NA,NA,NA,NA,NA,NA,NA,NA,NA,NA,NA,NA
MANAGE_01551,Joint Genome Institute (JGI),DOE Joint Genome Institute  (JGI),NA,United States,MI,42.406189,-85.40016,9,Cropping,NA,NA,0,NA,NA,NA,NA,NA,NA,NA,NA,NA,NA,NA,NA,NA,NA,NA,NA,NA,NA,NA,NA,NA,NA,NA,NA,NA,NA
MANAGE_01552,Joint Genome Institute (JGI),DOE Joint Genome Institute  (JGI),NA,United States,MI,42.406189,-85.40016,9,Cropping,439660702,62.99867123,0,NA,NA,NA,NA,NA,NA,NA,NA,NA,NA,NA,NA,NA,NA,NA,NA,NA,NA,NA,NA,NA,NA,NA,NA,NA,NA
MANAGE_01553,Joint Genome Institute (JGI),DOE Joint Genome Institute  (JGI),NA,United States,MI,42.794771,-84.393804,12,Cropping,585526592,85.63405127,0,NA,NA,NA,NA,NA,NA,NA,NA,NA,NA,NA,NA,NA,NA,NA,NA,NA,NA,NA,NA,NA,NA,NA,NA,NA,NA
MANAGE_01554,Joint Genome Institute (JGI),DOE Joint Genome Institute  (JGI),NA,United States,MI,42.794771,-84.393804,12,Cropping,483421358,70.40160939,0,NA,NA,NA,NA,NA,NA,NA,NA,NA,NA,NA,NA,NA,NA,NA,NA,NA,NA,NA,NA,NA,NA,NA,NA,NA,NA
MANAGE_01555,Joint Genome Institute (JGI),DOE Joint Genome Institute  (JGI),NA,United States,MI,42.406189,-85.40016,9,Cropping,NA,NA,0,NA,NA,NA,NA,NA,NA,NA,NA,NA,NA,NA,NA,NA,NA,NA,NA,NA,NA,NA,NA,NA,NA,NA,NA,NA,NA
MANAGE_01556,Joint Genome Institute (JGI),DOE Joint Genome Institute  (JGI),NA,United States,MI,42.406189,-85.40016,9,Cropping,433299280,62.40651581,0,NA,NA,NA,NA,NA,NA,NA,NA,NA,NA,NA,NA,NA,NA,NA,NA,NA,NA,NA,NA,NA,NA,NA,NA,NA,NA
MANAGE_01557,Joint Genome Institute (JGI),DOE Joint Genome Institute  (JGI),NA,United States,MI,42.794771,-84.393804,12,Cropping,543705236,79.34462327,0,NA,NA,NA,NA,NA,NA,NA,NA,NA,NA,NA,NA,NA,NA,NA,NA,NA,NA,NA,NA,NA,NA,NA,NA,NA,NA
MANAGE_01558,Joint Genome Institute (JGI),DOE Joint Genome Institute  (JGI),NA,United States,MI,42.3948,-85.3738,9,Cropping,51851538,7.777731,0,NA,NA,NA,NA,NA,NA,NA,NA,NA,NA,NA,NA,NA,NA,NA,NA,NA,NA,NA,NA,NA,NA,NA,NA,NA,NA
MANAGE_01559,Joint Genome Institute (JGI),DOE Joint Genome Institute  (JGI),NA,United States,MI,42.3948,-85.3738,9,Cropping,91510080,13.726512,0,NA,NA,NA,NA,NA,NA,NA,NA,NA,NA,NA,NA,NA,NA,NA,NA,NA,NA,NA,NA,NA,NA,NA,NA,NA,NA
MANAGE_01560,Joint Genome Institute (JGI),DOE Joint Genome Institute  (JGI),NA,United States,MI,42.3948,-85.3738,9,Cropping,381253828,57.1880743,0,NA,NA,NA,NA,NA,NA,NA,NA,NA,NA,NA,NA,NA,NA,NA,NA,NA,NA,NA,NA,NA,NA,NA,NA,NA,NA
MANAGE_01561,Joint Genome Institute (JGI),DOE Joint Genome Institute  (JGI),NA,United States,MI,42.3948,-85.3738,9,Cropping,46025688,6.903853,0,NA,NA,NA,NA,NA,NA,NA,NA,NA,NA,NA,NA,NA,NA,NA,NA,NA,NA,NA,NA,NA,NA,NA,NA,NA,NA
MANAGE_01562,Joint Genome Institute (JGI),DOE Joint Genome Institute  (JGI),NA,United States,MI,42.3948,-85.3738,9,Cropping,205069048,30.7603576,0,NA,NA,NA,NA,NA,NA,NA,NA,NA,NA,NA,NA,NA,NA,NA,NA,NA,NA,NA,NA,NA,NA,NA,NA,NA,NA
MANAGE_01563,Joint Genome Institute (JGI),DOE Joint Genome Institute  (JGI),NA,United States,MI,42.3948,-85.3738,9,Cropping,569513466,85.4270201,0,NA,NA,NA,NA,NA,NA,NA,NA,NA,NA,NA,NA,NA,NA,NA,NA,NA,NA,NA,NA,NA,NA,NA,NA,NA,NA
MANAGE_01564,Joint Genome Institute (JGI),DOE Joint Genome Institute  (JGI),NA,United States,MI,42.3948,-85.3738,9,Cropping,307270750,46.090612,0,NA,NA,NA,NA,NA,NA,NA,NA,NA,NA,NA,NA,NA,NA,NA,NA,NA,NA,NA,NA,NA,NA,NA,NA,NA,NA
MANAGE_01565,Joint Genome Institute (JGI),DOE Joint Genome Institute  (JGI),NA,United States,MI,42.3948,-85.3738,9,Cropping,368865052,55.329758,1,NA,NA,NA,NA,NA,NA,NA,NA,NA,NA,NA,NA,NA,NA,NA,NA,NA,NA,NA,NA,NA,NA,NA,NA,NA,NA
MANAGE_01566,Joint Genome Institute (JGI),DOE Joint Genome Institute  (JGI),NA,United States,MI,42.3948,-85.3738,9,Cropping,291621128,43.743169,0,NA,NA,NA,NA,NA,NA,NA,NA,NA,NA,NA,NA,NA,NA,NA,NA,NA,NA,NA,NA,NA,NA,NA,NA,NA,NA
MANAGE_01567,Joint Genome Institute (JGI),DOE Joint Genome Institute  (JGI),NA,United States,MI,42.3948,-85.3738,9,Cropping,334068124,50.110219,0,NA,NA,NA,NA,NA,NA,NA,NA,NA,NA,NA,NA,NA,NA,NA,NA,NA,NA,NA,NA,NA,NA,NA,NA,NA,NA
MANAGE_01568,Joint Genome Institute (JGI),DOE Joint Genome Institute  (JGI),NA,United States,MI,42.3948,-85.3738,9,Cropping,317911538,47.686731,0,NA,NA,NA,NA,NA,NA,NA,NA,NA,NA,NA,NA,NA,NA,NA,NA,NA,NA,NA,NA,NA,NA,NA,NA,NA,NA
MANAGE_01569,Joint Genome Institute (JGI),DOE Joint Genome Institute  (JGI),NA,United States,MI,42.3948,-85.3738,9,Cropping,419275164,62.891275,1,NA,NA,NA,NA,NA,NA,NA,NA,NA,NA,NA,NA,NA,NA,NA,NA,NA,NA,NA,NA,NA,NA,NA,NA,NA,NA
MANAGE_01570,Joint Genome Institute (JGI),DOE Joint Genome Institute  (JGI),NA,United States,MI,42.3948,-85.3738,9,Cropping,405605826,60.840874,2,NA,NA,NA,NA,NA,NA,NA,NA,NA,NA,NA,NA,NA,NA,NA,NA,NA,NA,NA,NA,NA,NA,NA,NA,NA,NA
MANAGE_01571,Joint Genome Institute (JGI),DOE Joint Genome Institute  (JGI),NA,United States,MI,42.3948,-85.3738,9,Cropping,426861800,64.02927,0,NA,NA,NA,NA,NA,NA,NA,NA,NA,NA,NA,NA,NA,NA,NA,NA,NA,NA,NA,NA,NA,NA,NA,NA,NA,NA
MANAGE_01572,Joint Genome Institute (JGI),DOE Joint Genome Institute  (JGI),NA,United States,MI,42.3948,-85.3738,9,Cropping,424123724,63.618559,0,NA,NA,NA,NA,NA,NA,NA,NA,NA,NA,NA,NA,NA,NA,NA,NA,NA,NA,NA,NA,NA,NA,NA,NA,NA,NA
MANAGE_01573,Joint Genome Institute (JGI),DOE Joint Genome Institute  (JGI),NA,United States,MI,42.3948,-85.3738,9,Cropping,678014480,101.702172,3,NA,NA,NA,NA,NA,NA,NA,NA,NA,NA,NA,NA,NA,NA,NA,NA,NA,NA,NA,NA,NA,NA,NA,NA,NA,NA
MANAGE_01574,Joint Genome Institute (JGI),DOE Joint Genome Institute  (JGI),NA,United States,MI,42.3948,-85.3738,9,Cropping,347483528,52.122529,0,NA,NA,NA,NA,NA,NA,NA,NA,NA,NA,NA,NA,NA,NA,NA,NA,NA,NA,NA,NA,NA,NA,NA,NA,NA,NA
MANAGE_01575,Joint Genome Institute (JGI),DOE Joint Genome Institute  (JGI),NA,United States,MI,42.3948,-85.3738,9,Cropping,301166938,45.175041,0,NA,NA,NA,NA,NA,NA,NA,NA,NA,NA,NA,NA,NA,NA,NA,NA,NA,NA,NA,NA,NA,NA,NA,NA,NA,NA
MANAGE_01576,Joint Genome Institute (JGI),DOE Joint Genome Institute  (JGI),NA,United States,MI,42.3948,-85.3738,9,Cropping,574940244,86.241036,0,NA,NA,NA,NA,NA,NA,NA,NA,NA,NA,NA,NA,NA,NA,NA,NA,NA,NA,NA,NA,NA,NA,NA,NA,NA,NA
MANAGE_01577,Joint Genome Institute (JGI),DOE Joint Genome Institute  (JGI),NA,United States,MI,42.3948,-85.3738,9,Cropping,765016624,114.752494,3,NA,NA,NA,NA,NA,NA,NA,NA,NA,NA,NA,NA,NA,NA,NA,NA,NA,NA,NA,NA,NA,NA,NA,NA,NA,NA
MANAGE_01578,Joint Genome Institute (JGI),DOE Joint Genome Institute  (JGI),NA,United States,MI,42.3948,-85.3738,9,Cropping,328729532,49.30943,0,NA,NA,NA,NA,NA,NA,NA,NA,NA,NA,NA,NA,NA,NA,NA,NA,NA,NA,NA,NA,NA,NA,NA,NA,NA,NA
MANAGE_01579,Joint Genome Institute (JGI),DOE Joint Genome Institute  (JGI),NA,United States,MI,42.3948,-85.3738,9,Cropping,363340306,54.501046,0,NA,NA,NA,NA,NA,NA,NA,NA,NA,NA,NA,NA,NA,NA,NA,NA,NA,NA,NA,NA,NA,NA,NA,NA,NA,NA
MANAGE_01580,Joint Genome Institute (JGI),DOE Joint Genome Institute  (JGI),NA,United States,MI,42.3948,-85.3738,9,Cropping,350701436,52.605217,0,NA,NA,NA,NA,NA,NA,NA,NA,NA,NA,NA,NA,NA,NA,NA,NA,NA,NA,NA,NA,NA,NA,NA,NA,NA,NA
MANAGE_01581,Joint Genome Institute (JGI),DOE Joint Genome Institute  (JGI),NA,United States,MI,42.3948,-85.3738,9,Cropping,886566294,132.984944,1,NA,NA,NA,NA,NA,NA,NA,NA,NA,NA,NA,NA,NA,NA,NA,NA,NA,NA,NA,NA,NA,NA,NA,NA,NA,NA
MANAGE_01582,Joint Genome Institute (JGI),DOE Joint Genome Institute  (JGI),NA,United States,MI,42.3948,-85.3738,9,Cropping,762507656,114.376148,2,NA,NA,NA,NA,NA,NA,NA,NA,NA,NA,NA,NA,NA,NA,NA,NA,NA,NA,NA,NA,NA,NA,NA,NA,NA,NA
MANAGE_01583,Joint Genome Institute (JGI),DOE Joint Genome Institute  (JGI),NA,United States,MI,42.3948,-85.3738,9,Cropping,411446390,61.716958,1,NA,NA,NA,NA,NA,NA,NA,NA,NA,NA,NA,NA,NA,NA,NA,NA,NA,NA,NA,NA,NA,NA,NA,NA,NA,NA
MANAGE_01584,Joint Genome Institute (JGI),DOE Joint Genome Institute  (JGI),NA,United States,MI,42.3948,-85.3738,9,Cropping,342189304,51.328396,1,NA,NA,NA,NA,NA,NA,NA,NA,NA,NA,NA,NA,NA,NA,NA,NA,NA,NA,NA,NA,NA,NA,NA,NA,NA,NA
MANAGE_01585,Joint Genome Institute (JGI),DOE Joint Genome Institute  (JGI),NA,United States,WI,44.166906,-89.649965,7,Cropping,NA,NA,0,NA,NA,NA,NA,NA,NA,NA,NA,NA,NA,NA,NA,NA,NA,NA,NA,NA,NA,NA,NA,NA,NA,NA,NA,NA,NA
MANAGE_01586,Joint Genome Institute (JGI),DOE Joint Genome Institute  (JGI),NA,United States,MI,42.794771,-84.393804,12,Cropping,73627152,5.595663776,0,NA,NA,NA,NA,NA,NA,NA,NA,NA,NA,NA,NA,NA,NA,NA,NA,NA,NA,NA,NA,NA,NA,NA,NA,NA,NA
MANAGE_01587,Joint Genome Institute (JGI),DOE Joint Genome Institute  (JGI),NA,United States,WI,44.168815,-89.633871,7,Cropping,75863816,5.765650008,1,NA,NA,NA,NA,NA,NA,NA,NA,NA,NA,NA,NA,NA,NA,NA,NA,NA,NA,NA,NA,NA,NA,NA,NA,NA,NA
MANAGE_01588,Joint Genome Institute (JGI),DOE Joint Genome Institute  (JGI),NA,United States,MI,42.704677,-84.468818,3,Cropping,NA,NA,0,NA,NA,NA,NA,NA,NA,NA,NA,NA,NA,NA,NA,NA,NA,NA,NA,NA,NA,NA,NA,NA,NA,NA,NA,NA,NA
MANAGE_01589,Joint Genome Institute (JGI),DOE Joint Genome Institute  (JGI),NA,United States,MI,42.406189,-85.40016,9,Cropping,879321404,125.997344,1,NA,NA,NA,NA,NA,NA,NA,NA,NA,NA,NA,NA,NA,NA,NA,NA,NA,NA,NA,NA,NA,NA,NA,NA,NA,NA
MANAGE_01590,Joint Genome Institute (JGI),DOE Joint Genome Institute  (JGI),NA,United States,MI,42.794771,-84.393804,12,Cropping,966842716,140.803218,12,NA,NA,NA,NA,NA,NA,NA,NA,NA,NA,NA,NA,NA,NA,NA,NA,NA,NA,NA,NA,NA,NA,NA,NA,NA,NA
MANAGE_01591,Joint Genome Institute (JGI),DOE Joint Genome Institute  (JGI),NA,United States,MI,42.406189,-85.40016,9,Cropping,NA,NA,4,NA,NA,NA,NA,NA,NA,NA,NA,NA,NA,NA,NA,NA,NA,NA,NA,NA,NA,NA,NA,NA,NA,NA,NA,NA,NA
MANAGE_01592,Joint Genome Institute (JGI),DOE Joint Genome Institute  (JGI),NA,United States,MI,42.406189,-85.40016,9,Cropping,866598560,124.813032,2,NA,NA,NA,NA,NA,NA,NA,NA,NA,NA,NA,NA,NA,NA,NA,NA,NA,NA,NA,NA,NA,NA,NA,NA,NA,NA
MANAGE_01593,Joint Genome Institute (JGI),DOE Joint Genome Institute  (JGI),NA,United States,MI,42.794771,-84.393804,12,Cropping,1087410472,158.689248,4,NA,NA,NA,NA,NA,NA,NA,NA,NA,NA,NA,NA,NA,NA,NA,NA,NA,NA,NA,NA,NA,NA,NA,NA,NA,NA
MANAGE_01594,Joint Genome Institute (JGI),DOE Joint Genome Institute  (JGI),NA,United States,MI,42.794771,-84.393804,12,Cropping,1093289966,159.525858,4,NA,NA,NA,NA,NA,NA,NA,NA,NA,NA,NA,NA,NA,NA,NA,NA,NA,NA,NA,NA,NA,NA,NA,NA,NA,NA
MANAGE_01595,Joint Genome Institute (JGI),DOE Joint Genome Institute  (JGI),NA,United States,MI,42.3948,-85.3738,9,Cropping,671078404,101.33284,3,NA,NA,NA,NA,NA,NA,NA,NA,NA,NA,NA,NA,NA,NA,NA,NA,NA,NA,NA,NA,NA,NA,NA,NA,NA,NA
MANAGE_01596,Joint Genome Institute (JGI),DOE Joint Genome Institute  (JGI),NA,United States,MI,42.3948,-85.3738,9,Cropping,282058246,42.590795,0,NA,NA,NA,NA,NA,NA,NA,NA,NA,NA,NA,NA,NA,NA,NA,NA,NA,NA,NA,NA,NA,NA,NA,NA,NA,NA
MANAGE_01597,Joint Genome Institute (JGI),DOE Joint Genome Institute  (JGI),NA,United States,MI,42.3948,-85.3738,9,Cropping,379476104,57.300892,2,NA,NA,NA,NA,NA,NA,NA,NA,NA,NA,NA,NA,NA,NA,NA,NA,NA,NA,NA,NA,NA,NA,NA,NA,NA,NA
MANAGE_01598,Joint Genome Institute (JGI),DOE Joint Genome Institute  (JGI),NA,United States,MI,42.3948,-85.3738,9,Cropping,596729820,90.106202,3,NA,NA,NA,NA,NA,NA,NA,NA,NA,NA,NA,NA,NA,NA,NA,NA,NA,NA,NA,NA,NA,NA,NA,NA,NA,NA
MANAGE_01599,Joint Genome Institute (JGI),DOE Joint Genome Institute  (JGI),NA,United States,MI,42.3948,-85.3738,9,Cropping,707289236,106.800674,2,NA,NA,NA,NA,NA,NA,NA,NA,NA,NA,NA,NA,NA,NA,NA,NA,NA,NA,NA,NA,NA,NA,NA,NA,NA,NA
MANAGE_01600,Joint Genome Institute (JGI),DOE Joint Genome Institute  (JGI),NA,United States,MI,42.3948,-85.3738,9,Cropping,426619704,64.419576,0,NA,NA,NA,NA,NA,NA,NA,NA,NA,NA,NA,NA,NA,NA,NA,NA,NA,NA,NA,NA,NA,NA,NA,NA,NA,NA
MANAGE_01601,Joint Genome Institute (JGI),DOE Joint Genome Institute  (JGI),NA,United States,MI,42.3948,-85.3738,9,Cropping,689162304,104.063508,0,NA,NA,NA,NA,NA,NA,NA,NA,NA,NA,NA,NA,NA,NA,NA,NA,NA,NA,NA,NA,NA,NA,NA,NA,NA,NA
MANAGE_01602,Joint Genome Institute (JGI),DOE Joint Genome Institute  (JGI),NA,United States,MI,42.3948,-85.3738,9,Cropping,705930444,106.595498,0,NA,NA,NA,NA,NA,NA,NA,NA,NA,NA,NA,NA,NA,NA,NA,NA,NA,NA,NA,NA,NA,NA,NA,NA,NA,NA
MANAGE_01603,Joint Genome Institute (JGI),DOE Joint Genome Institute  (JGI),NA,United States,MI,42.3948,-85.3738,9,Cropping,686751296,103.699446,2,NA,NA,NA,NA,NA,NA,NA,NA,NA,NA,NA,NA,NA,NA,NA,NA,NA,NA,NA,NA,NA,NA,NA,NA,NA,NA
MANAGE_01604,Joint Genome Institute (JGI),DOE Joint Genome Institute  (JGI),NA,United States,MI,42.3948,-85.3738,9,Cropping,833576248,125.870014,5,NA,NA,NA,NA,NA,NA,NA,NA,NA,NA,NA,NA,NA,NA,NA,NA,NA,NA,NA,NA,NA,NA,NA,NA,NA,NA
MANAGE_01605,Joint Genome Institute (JGI),DOE Joint Genome Institute  (JGI),NA,United States,MI,42.3948,-85.3738,9,Cropping,794339716,119.945298,0,NA,NA,NA,NA,NA,NA,NA,NA,NA,NA,NA,NA,NA,NA,NA,NA,NA,NA,NA,NA,NA,NA,NA,NA,NA,NA
MANAGE_01606,Joint Genome Institute (JGI),DOE Joint Genome Institute  (JGI),NA,United States,MI,42.3948,-85.3738,9,Cropping,680613164,102.772588,1,NA,NA,NA,NA,NA,NA,NA,NA,NA,NA,NA,NA,NA,NA,NA,NA,NA,NA,NA,NA,NA,NA,NA,NA,NA,NA
MANAGE_01607,Joint Genome Institute (JGI),DOE Joint Genome Institute  (JGI),NA,United States,MI,42.3948,-85.3738,9,Cropping,677693240,102.33168,1,NA,NA,NA,NA,NA,NA,NA,NA,NA,NA,NA,NA,NA,NA,NA,NA,NA,NA,NA,NA,NA,NA,NA,NA,NA,NA
MANAGE_01608,Joint Genome Institute (JGI),DOE Joint Genome Institute  (JGI),NA,United States,MI,42.3948,-85.3738,9,Cropping,531748112,80.293964,1,NA,NA,NA,NA,NA,NA,NA,NA,NA,NA,NA,NA,NA,NA,NA,NA,NA,NA,NA,NA,NA,NA,NA,NA,NA,NA
MANAGE_01609,Joint Genome Institute (JGI),DOE Joint Genome Institute  (JGI),NA,United States,MI,42.3948,-85.3738,9,Cropping,625735280,94.486028,0,NA,NA,NA,NA,NA,NA,NA,NA,NA,NA,NA,NA,NA,NA,NA,NA,NA,NA,NA,NA,NA,NA,NA,NA,NA,NA
MANAGE_01610,Joint Genome Institute (JGI),DOE Joint Genome Institute  (JGI),NA,United States,MI,42.3948,-85.3738,9,Cropping,706195648,106.635542,1,NA,NA,NA,NA,NA,NA,NA,NA,NA,NA,NA,NA,NA,NA,NA,NA,NA,NA,NA,NA,NA,NA,NA,NA,NA,NA
MANAGE_01611,Joint Genome Institute (JGI),DOE Joint Genome Institute  (JGI),NA,United States,MI,42.3948,-85.3738,9,Cropping,590464680,89.160166,0,NA,NA,NA,NA,NA,NA,NA,NA,NA,NA,NA,NA,NA,NA,NA,NA,NA,NA,NA,NA,NA,NA,NA,NA,NA,NA
MANAGE_01612,Joint Genome Institute (JGI),DOE Joint Genome Institute  (JGI),NA,United States,MI,42.3948,-85.3738,9,Cropping,830507360,125.406612,1,NA,NA,NA,NA,NA,NA,NA,NA,NA,NA,NA,NA,NA,NA,NA,NA,NA,NA,NA,NA,NA,NA,NA,NA,NA,NA
MANAGE_01613,Joint Genome Institute (JGI),DOE Joint Genome Institute  (JGI),NA,United States,MI,42.3948,-85.3738,9,Cropping,779857800,117.758528,1,NA,NA,NA,NA,NA,NA,NA,NA,NA,NA,NA,NA,NA,NA,NA,NA,NA,NA,NA,NA,NA,NA,NA,NA,NA,NA
MANAGE_01614,Joint Genome Institute (JGI),DOE Joint Genome Institute  (JGI),NA,United States,MI,42.3948,-85.3738,9,Cropping,669422788,101.08284,0,NA,NA,NA,NA,NA,NA,NA,NA,NA,NA,NA,NA,NA,NA,NA,NA,NA,NA,NA,NA,NA,NA,NA,NA,NA,NA
MANAGE_01615,Joint Genome Institute (JGI),DOE Joint Genome Institute  (JGI),NA,United States,MI,42.3948,-85.3738,9,Cropping,729034052,110.084142,1,NA,NA,NA,NA,NA,NA,NA,NA,NA,NA,NA,NA,NA,NA,NA,NA,NA,NA,NA,NA,NA,NA,NA,NA,NA,NA
MANAGE_01616,Joint Genome Institute (JGI),DOE Joint Genome Institute  (JGI),NA,United States,MI,42.3948,-85.3738,9,Cropping,710038052,107.215746,1,NA,NA,NA,NA,NA,NA,NA,NA,NA,NA,NA,NA,NA,NA,NA,NA,NA,NA,NA,NA,NA,NA,NA,NA,NA,NA
MANAGE_01617,Joint Genome Institute (JGI),DOE Joint Genome Institute  (JGI),NA,United States,MI,42.3948,-85.3738,9,Cropping,713805100,107.78457,1,NA,NA,NA,NA,NA,NA,NA,NA,NA,NA,NA,NA,NA,NA,NA,NA,NA,NA,NA,NA,NA,NA,NA,NA,NA,NA
MANAGE_01618,Joint Genome Institute (JGI),DOE Joint Genome Institute  (JGI),NA,United States,MI,42.3948,-85.3738,9,Cropping,597432768,90.212348,0,NA,NA,NA,NA,NA,NA,NA,NA,NA,NA,NA,NA,NA,NA,NA,NA,NA,NA,NA,NA,NA,NA,NA,NA,NA,NA
MANAGE_01619,Joint Genome Institute (JGI),DOE Joint Genome Institute  (JGI),NA,United States,MI,42.3948,-85.3738,9,Cropping,725780064,109.59279,1,NA,NA,NA,NA,NA,NA,NA,NA,NA,NA,NA,NA,NA,NA,NA,NA,NA,NA,NA,NA,NA,NA,NA,NA,NA,NA
MANAGE_01620,Joint Genome Institute (JGI),DOE Joint Genome Institute  (JGI),NA,United States,MI,42.3948,-85.3738,9,Cropping,811880528,122.59396,0,NA,NA,NA,NA,NA,NA,NA,NA,NA,NA,NA,NA,NA,NA,NA,NA,NA,NA,NA,NA,NA,NA,NA,NA,NA,NA
MANAGE_01621,Joint Genome Institute (JGI),DOE Joint Genome Institute  (JGI),NA,United States,MI,42.3948,-85.3738,9,Cropping,487413960,73.599508,0,NA,NA,NA,NA,NA,NA,NA,NA,NA,NA,NA,NA,NA,NA,NA,NA,NA,NA,NA,NA,NA,NA,NA,NA,NA,NA
MANAGE_01622,Joint Genome Institute (JGI),DOE Joint Genome Institute  (JGI),NA,United States,MI,42.4774,-85.451,9,Cropping,713829656,107.788278,0,NA,NA,NA,NA,NA,NA,NA,NA,NA,NA,NA,NA,NA,NA,NA,NA,NA,NA,NA,NA,NA,NA,NA,NA,NA,NA
MANAGE_01623,Joint Genome Institute (JGI),DOE Joint Genome Institute  (JGI),NA,United States,MI,42.4774,-85.451,9,Cropping,729103616,110.094646,1,NA,NA,NA,NA,NA,NA,NA,NA,NA,NA,NA,NA,NA,NA,NA,NA,NA,NA,NA,NA,NA,NA,NA,NA,NA,NA
MANAGE_01624,Joint Genome Institute (JGI),DOE Joint Genome Institute  (JGI),NA,United States,MI,42.4774,-85.451,9,Cropping,733510440,110.760076,1,NA,NA,NA,NA,NA,NA,NA,NA,NA,NA,NA,NA,NA,NA,NA,NA,NA,NA,NA,NA,NA,NA,NA,NA,NA,NA
MANAGE_01625,Joint Genome Institute (JGI),DOE Joint Genome Institute  (JGI),NA,United States,MI,42.4774,-85.451,9,Cropping,718709696,108.525164,0,NA,NA,NA,NA,NA,NA,NA,NA,NA,NA,NA,NA,NA,NA,NA,NA,NA,NA,NA,NA,NA,NA,NA,NA,NA,NA
MANAGE_01626,Joint Genome Institute (JGI),DOE Joint Genome Institute  (JGI),NA,United States,MI,42.3948,-85.3738,9,Cropping,604553004,91.287504,1,NA,NA,NA,NA,NA,NA,NA,NA,NA,NA,NA,NA,NA,NA,NA,NA,NA,NA,NA,NA,NA,NA,NA,NA,NA,NA
MANAGE_01627,Joint Genome Institute (JGI),DOE Joint Genome Institute  (JGI),NA,United States,MI,42.4774,-85.451,9,Cropping,689510188,104.116038,1,NA,NA,NA,NA,NA,NA,NA,NA,NA,NA,NA,NA,NA,NA,NA,NA,NA,NA,NA,NA,NA,NA,NA,NA,NA,NA
MANAGE_01628,Joint Genome Institute (JGI),DOE Joint Genome Institute  (JGI),NA,United States,MI,42.3948,-85.3738,9,Cropping,719402468,108.629772,1,NA,NA,NA,NA,NA,NA,NA,NA,NA,NA,NA,NA,NA,NA,NA,NA,NA,NA,NA,NA,NA,NA,NA,NA,NA,NA
MANAGE_01629,Joint Genome Institute (JGI),DOE Joint Genome Institute  (JGI),NA,United States,MI,42.3948,-85.3738,9,Cropping,784199004,118.41405,0,NA,NA,NA,NA,NA,NA,NA,NA,NA,NA,NA,NA,NA,NA,NA,NA,NA,NA,NA,NA,NA,NA,NA,NA,NA,NA
MANAGE_01630,Joint Genome Institute (JGI),DOE Joint Genome Institute  (JGI),NA,United States,MI,42.3948,-85.3738,9,Cropping,352246424,53.18921,2,NA,NA,NA,NA,NA,NA,NA,NA,NA,NA,NA,NA,NA,NA,NA,NA,NA,NA,NA,NA,NA,NA,NA,NA,NA,NA
MANAGE_01631,Joint Genome Institute (JGI),DOE Joint Genome Institute  (JGI),NA,United States,MI,42.3948,-85.3738,9,Cropping,376162934,56.800603,2,NA,NA,NA,NA,NA,NA,NA,NA,NA,NA,NA,NA,NA,NA,NA,NA,NA,NA,NA,NA,NA,NA,NA,NA,NA,NA
MANAGE_01632,Joint Genome Institute (JGI),DOE Joint Genome Institute  (JGI),NA,United States,MI,42.3948,-85.3738,9,Cropping,419729170,63.379105,0,NA,NA,NA,NA,NA,NA,NA,NA,NA,NA,NA,NA,NA,NA,NA,NA,NA,NA,NA,NA,NA,NA,NA,NA,NA,NA
MANAGE_01633,Joint Genome Institute (JGI),DOE Joint Genome Institute  (JGI),NA,United States,MI,42.3948,-85.3738,9,Cropping,399148934,60.271489,0,NA,NA,NA,NA,NA,NA,NA,NA,NA,NA,NA,NA,NA,NA,NA,NA,NA,NA,NA,NA,NA,NA,NA,NA,NA,NA
MANAGE_01634,Joint Genome Institute (JGI),DOE Joint Genome Institute  (JGI),NA,United States,MI,42.3948,-85.3738,9,Cropping,396880408,59.928942,0,NA,NA,NA,NA,NA,NA,NA,NA,NA,NA,NA,NA,NA,NA,NA,NA,NA,NA,NA,NA,NA,NA,NA,NA,NA,NA
MANAGE_01635,Joint Genome Institute (JGI),DOE Joint Genome Institute  (JGI),NA,United States,MI,42.3948,-85.3738,9,Cropping,342045434,51.648861,3,NA,NA,NA,NA,NA,NA,NA,NA,NA,NA,NA,NA,NA,NA,NA,NA,NA,NA,NA,NA,NA,NA,NA,NA,NA,NA
MANAGE_01636,Joint Genome Institute (JGI),DOE Joint Genome Institute  (JGI),NA,United States,MI,42.3948,-85.3738,9,Cropping,408492618,61.682385,0,NA,NA,NA,NA,NA,NA,NA,NA,NA,NA,NA,NA,NA,NA,NA,NA,NA,NA,NA,NA,NA,NA,NA,NA,NA,NA
MANAGE_01637,Joint Genome Institute (JGI),DOE Joint Genome Institute  (JGI),NA,United States,MI,42.3948,-85.3738,9,Cropping,305009580,46.056447,1,NA,NA,NA,NA,NA,NA,NA,NA,NA,NA,NA,NA,NA,NA,NA,NA,NA,NA,NA,NA,NA,NA,NA,NA,NA,NA
MANAGE_01638,Joint Genome Institute (JGI),DOE Joint Genome Institute  (JGI),NA,United States,MI,42.3948,-85.3738,9,Cropping,366732242,55.376569,0,NA,NA,NA,NA,NA,NA,NA,NA,NA,NA,NA,NA,NA,NA,NA,NA,NA,NA,NA,NA,NA,NA,NA,NA,NA,NA
MANAGE_01639,Joint Genome Institute (JGI),DOE Joint Genome Institute  (JGI),NA,United States,MI,42.3948,-85.3738,9,Cropping,382805962,57.8037,1,NA,NA,NA,NA,NA,NA,NA,NA,NA,NA,NA,NA,NA,NA,NA,NA,NA,NA,NA,NA,NA,NA,NA,NA,NA,NA
MANAGE_01640,Joint Genome Institute (JGI),DOE Joint Genome Institute  (JGI),NA,United States,MI,42.3948,-85.3738,9,Cropping,375323396,56.673833,10,NA,NA,NA,NA,NA,NA,NA,NA,NA,NA,NA,NA,NA,NA,NA,NA,NA,NA,NA,NA,NA,NA,NA,NA,NA,NA
MANAGE_01641,Joint Genome Institute (JGI),DOE Joint Genome Institute  (JGI),NA,United States,WI,44.168815,-89.633871,7,Cropping,37931908,2.882825,0,NA,NA,NA,NA,NA,NA,NA,NA,NA,NA,NA,NA,NA,NA,NA,NA,NA,NA,NA,NA,NA,NA,NA,NA,NA,NA
MANAGE_01642,Joint Genome Institute (JGI),DOE Joint Genome Institute  (JGI),NA,United States,MI,42.3948,-85.3738,9,Cropping,364644846,55.061372,4,NA,NA,NA,NA,NA,NA,NA,NA,NA,NA,NA,NA,NA,NA,NA,NA,NA,NA,NA,NA,NA,NA,NA,NA,NA,NA
MANAGE_01643,Joint Genome Institute (JGI),DOE Joint Genome Institute  (JGI),NA,United States,MI,42.3948,-85.3738,9,Cropping,367768170,55.532994,0,NA,NA,NA,NA,NA,NA,NA,NA,NA,NA,NA,NA,NA,NA,NA,NA,NA,NA,NA,NA,NA,NA,NA,NA,NA,NA
MANAGE_01644,Joint Genome Institute (JGI),DOE Joint Genome Institute  (JGI),NA,United States,MI,42.3948,-85.3738,9,Cropping,362767630,54.777912,2,NA,NA,NA,NA,NA,NA,NA,NA,NA,NA,NA,NA,NA,NA,NA,NA,NA,NA,NA,NA,NA,NA,NA,NA,NA,NA
MANAGE_01645,Joint Genome Institute (JGI),DOE Joint Genome Institute  (JGI),NA,United States,MI,42.3948,-85.3738,9,Cropping,364312762,55.011227,2,NA,NA,NA,NA,NA,NA,NA,NA,NA,NA,NA,NA,NA,NA,NA,NA,NA,NA,NA,NA,NA,NA,NA,NA,NA,NA
MANAGE_01646,Joint Genome Institute (JGI),DOE Joint Genome Institute  (JGI),NA,United States,MI,42.3948,-85.3738,9,Cropping,391989584,59.190427,3,NA,NA,NA,NA,NA,NA,NA,NA,NA,NA,NA,NA,NA,NA,NA,NA,NA,NA,NA,NA,NA,NA,NA,NA,NA,NA
MANAGE_01647,Joint Genome Institute (JGI),DOE Joint Genome Institute  (JGI),NA,United States,MI,42.3948,-85.3738,9,Cropping,349441596,52.765681,0,NA,NA,NA,NA,NA,NA,NA,NA,NA,NA,NA,NA,NA,NA,NA,NA,NA,NA,NA,NA,NA,NA,NA,NA,NA,NA
MANAGE_01648,Joint Genome Institute (JGI),DOE Joint Genome Institute  (JGI),NA,United States,MI,42.3948,-85.3738,9,Cropping,332653200,50.230633,3,NA,NA,NA,NA,NA,NA,NA,NA,NA,NA,NA,NA,NA,NA,NA,NA,NA,NA,NA,NA,NA,NA,NA,NA,NA,NA
MANAGE_01649,Joint Genome Institute (JGI),DOE Joint Genome Institute  (JGI),NA,United States,MI,42.3948,-85.3738,9,Cropping,355867532,53.735997,3,NA,NA,NA,NA,NA,NA,NA,NA,NA,NA,NA,NA,NA,NA,NA,NA,NA,NA,NA,NA,NA,NA,NA,NA,NA,NA
MANAGE_01650,Joint Genome Institute (JGI),DOE Joint Genome Institute  (JGI),NA,United States,MI,42.3948,-85.3738,9,Cropping,380848928,57.508188,1,NA,NA,NA,NA,NA,NA,NA,NA,NA,NA,NA,NA,NA,NA,NA,NA,NA,NA,NA,NA,NA,NA,NA,NA,NA,NA
MANAGE_01651,Joint Genome Institute (JGI),DOE Joint Genome Institute  (JGI),NA,United States,MI,42.3948,-85.3738,9,Cropping,382381280,57.739573,2,NA,NA,NA,NA,NA,NA,NA,NA,NA,NA,NA,NA,NA,NA,NA,NA,NA,NA,NA,NA,NA,NA,NA,NA,NA,NA
MANAGE_01652,Joint Genome Institute (JGI),DOE Joint Genome Institute  (JGI),NA,United States,MI,42.3948,-85.3738,9,Cropping,449331454,67.84905,3,NA,NA,NA,NA,NA,NA,NA,NA,NA,NA,NA,NA,NA,NA,NA,NA,NA,NA,NA,NA,NA,NA,NA,NA,NA,NA
MANAGE_01653,Joint Genome Institute (JGI),DOE Joint Genome Institute  (JGI),NA,United States,MI,42.3948,-85.3738,9,Cropping,377700128,57.032719,2,NA,NA,NA,NA,NA,NA,NA,NA,NA,NA,NA,NA,NA,NA,NA,NA,NA,NA,NA,NA,NA,NA,NA,NA,NA,NA
MANAGE_01654,Joint Genome Institute (JGI),DOE Joint Genome Institute  (JGI),NA,United States,MI,42.3948,-85.3738,9,Cropping,413559826,62.447534,4,NA,NA,NA,NA,NA,NA,NA,NA,NA,NA,NA,NA,NA,NA,NA,NA,NA,NA,NA,NA,NA,NA,NA,NA,NA,NA
MANAGE_01655,Joint Genome Institute (JGI),DOE Joint Genome Institute  (JGI),NA,United States,MI,42.3948,-85.3738,9,Cropping,411276622,62.10277,0,NA,NA,NA,NA,NA,NA,NA,NA,NA,NA,NA,NA,NA,NA,NA,NA,NA,NA,NA,NA,NA,NA,NA,NA,NA,NA
MANAGE_01656,Joint Genome Institute (JGI),DOE Joint Genome Institute  (JGI),NA,United States,MI,42.3948,-85.3738,9,Cropping,399862700,60.379268,2,NA,NA,NA,NA,NA,NA,NA,NA,NA,NA,NA,NA,NA,NA,NA,NA,NA,NA,NA,NA,NA,NA,NA,NA,NA,NA
MANAGE_01657,Joint Genome Institute (JGI),DOE Joint Genome Institute  (JGI),NA,United States,MI,42.3948,-85.3738,9,Cropping,396326846,59.845354,0,NA,NA,NA,NA,NA,NA,NA,NA,NA,NA,NA,NA,NA,NA,NA,NA,NA,NA,NA,NA,NA,NA,NA,NA,NA,NA
MANAGE_01658,Joint Genome Institute (JGI),DOE Joint Genome Institute  (JGI),NA,United States,MI,42.3948,-85.3738,9,Cropping,434071684,65.544824,2,NA,NA,NA,NA,NA,NA,NA,NA,NA,NA,NA,NA,NA,NA,NA,NA,NA,NA,NA,NA,NA,NA,NA,NA,NA,NA
MANAGE_01659,Joint Genome Institute (JGI),DOE Joint Genome Institute  (JGI),NA,United States,MI,42.3948,-85.3738,9,Cropping,371992364,56.170847,2,NA,NA,NA,NA,NA,NA,NA,NA,NA,NA,NA,NA,NA,NA,NA,NA,NA,NA,NA,NA,NA,NA,NA,NA,NA,NA
MANAGE_01660,Joint Genome Institute (JGI),DOE Joint Genome Institute  (JGI),NA,United States,MI,42.3948,-85.3738,9,Cropping,429038092,64.784752,0,NA,NA,NA,NA,NA,NA,NA,NA,NA,NA,NA,NA,NA,NA,NA,NA,NA,NA,NA,NA,NA,NA,NA,NA,NA,NA
MANAGE_01661,Joint Genome Institute (JGI),DOE Joint Genome Institute  (JGI),NA,United States,MI,42.3948,-85.3738,9,Cropping,447246578,67.534233,1,NA,NA,NA,NA,NA,NA,NA,NA,NA,NA,NA,NA,NA,NA,NA,NA,NA,NA,NA,NA,NA,NA,NA,NA,NA,NA
MANAGE_01662,Joint Genome Institute (JGI),DOE Joint Genome Institute  (JGI),NA,United States,MI,42.3948,-85.3738,9,Cropping,431689158,65.185063,1,NA,NA,NA,NA,NA,NA,NA,NA,NA,NA,NA,NA,NA,NA,NA,NA,NA,NA,NA,NA,NA,NA,NA,NA,NA,NA
MANAGE_01663,Joint Genome Institute (JGI),DOE Joint Genome Institute  (JGI),NA,United States,MI,42.3948,-85.3738,9,Cropping,277183180,41.85466,0,NA,NA,NA,NA,NA,NA,NA,NA,NA,NA,NA,NA,NA,NA,NA,NA,NA,NA,NA,NA,NA,NA,NA,NA,NA,NA
MANAGE_01664,Joint Genome Institute (JGI),DOE Joint Genome Institute  (JGI),NA,United States,MI,42.3948,-85.3738,9,Cropping,436775452,65.953093,0,NA,NA,NA,NA,NA,NA,NA,NA,NA,NA,NA,NA,NA,NA,NA,NA,NA,NA,NA,NA,NA,NA,NA,NA,NA,NA
MANAGE_01665,Joint Genome Institute (JGI),DOE Joint Genome Institute  (JGI),NA,United States,MI,42.3948,-85.3738,9,Cropping,200691924,30.304481,1,NA,NA,NA,NA,NA,NA,NA,NA,NA,NA,NA,NA,NA,NA,NA,NA,NA,NA,NA,NA,NA,NA,NA,NA,NA,NA
MANAGE_01666,Joint Genome Institute (JGI),DOE Joint Genome Institute  (JGI),NA,United States,MI,42.3948,-85.3738,9,Cropping,269696492,40.72417,0,NA,NA,NA,NA,NA,NA,NA,NA,NA,NA,NA,NA,NA,NA,NA,NA,NA,NA,NA,NA,NA,NA,NA,NA,NA,NA
MANAGE_01667,Joint Genome Institute (JGI),DOE Joint Genome Institute  (JGI),NA,United States,MI,42.3948,-85.3738,9,Cropping,439950098,66.432465,0,NA,NA,NA,NA,NA,NA,NA,NA,NA,NA,NA,NA,NA,NA,NA,NA,NA,NA,NA,NA,NA,NA,NA,NA,NA,NA
MANAGE_01668,Joint Genome Institute (JGI),DOE Joint Genome Institute  (JGI),NA,United States,MI,42.3948,-85.3738,9,Cropping,410225966,61.944121,1,NA,NA,NA,NA,NA,NA,NA,NA,NA,NA,NA,NA,NA,NA,NA,NA,NA,NA,NA,NA,NA,NA,NA,NA,NA,NA
MANAGE_01669,Joint Genome Institute (JGI),DOE Joint Genome Institute  (JGI),NA,United States,MI,42.3948,-85.3738,9,Cropping,446796590,67.466285,3,NA,NA,NA,NA,NA,NA,NA,NA,NA,NA,NA,NA,NA,NA,NA,NA,NA,NA,NA,NA,NA,NA,NA,NA,NA,NA
MANAGE_01670,Joint Genome Institute (JGI),DOE Joint Genome Institute  (JGI),NA,United States,MI,42.3948,-85.3738,9,Cropping,449350996,67.852,0,NA,NA,NA,NA,NA,NA,NA,NA,NA,NA,NA,NA,NA,NA,NA,NA,NA,NA,NA,NA,NA,NA,NA,NA,NA,NA
MANAGE_01671,Joint Genome Institute (JGI),DOE Joint Genome Institute  (JGI),NA,United States,MI,42.4774,-85.451,9,Cropping,356428198,53.820658,5,NA,NA,NA,NA,NA,NA,NA,NA,NA,NA,NA,NA,NA,NA,NA,NA,NA,NA,NA,NA,NA,NA,NA,NA,NA,NA
MANAGE_01672,Joint Genome Institute (JGI),DOE Joint Genome Institute  (JGI),NA,United States,MI,42.4774,-85.451,9,Cropping,267605520,40.408434,0,NA,NA,NA,NA,NA,NA,NA,NA,NA,NA,NA,NA,NA,NA,NA,NA,NA,NA,NA,NA,NA,NA,NA,NA,NA,NA
MANAGE_01673,Joint Genome Institute (JGI),DOE Joint Genome Institute  (JGI),NA,United States,MI,42.4774,-85.451,9,Cropping,361467202,54.581548,0,NA,NA,NA,NA,NA,NA,NA,NA,NA,NA,NA,NA,NA,NA,NA,NA,NA,NA,NA,NA,NA,NA,NA,NA,NA,NA
MANAGE_01674,Joint Genome Institute (JGI),DOE Joint Genome Institute  (JGI),NA,United States,MI,42.4774,-85.451,9,Cropping,311727012,47.070779,1,NA,NA,NA,NA,NA,NA,NA,NA,NA,NA,NA,NA,NA,NA,NA,NA,NA,NA,NA,NA,NA,NA,NA,NA,NA,NA
MANAGE_01675,Joint Genome Institute (JGI),DOE Joint Genome Institute  (JGI),NA,United States,MI,42.405765,-85.399014,9,Cropping,1564444632,236.23114,1,NA,NA,NA,NA,NA,NA,NA,NA,NA,NA,NA,NA,NA,NA,NA,NA,NA,NA,NA,NA,NA,NA,NA,NA,NA,NA
MANAGE_01676,Joint Genome Institute (JGI),DOE Joint Genome Institute  (JGI),NA,United States,MI,42.405765,-85.399014,9,Cropping,782222316,118.11557,0,NA,NA,NA,NA,NA,NA,NA,NA,NA,NA,NA,NA,NA,NA,NA,NA,NA,NA,NA,NA,NA,NA,NA,NA,NA,NA
MANAGE_01677,Joint Genome Institute (JGI),DOE Joint Genome Institute  (JGI),NA,United States,MI,42.3948,-85.3738,9,Cropping,369698400,55.824458,2,NA,NA,NA,NA,NA,NA,NA,NA,NA,NA,NA,NA,NA,NA,NA,NA,NA,NA,NA,NA,NA,NA,NA,NA,NA,NA
MANAGE_01678,Joint Genome Institute (JGI),DOE Joint Genome Institute  (JGI),NA,United States,MI,42.3948,-85.3738,9,Cropping,447246578,67.534233,5,NA,NA,NA,NA,NA,NA,NA,NA,NA,NA,NA,NA,NA,NA,NA,NA,NA,NA,NA,NA,NA,NA,NA,NA,NA,NA
MANAGE_01679,Joint Genome Institute (JGI),DOE Joint Genome Institute  (JGI),NA,United States,MI,42.3948,-85.3738,9,Cropping,283330486,42.782903,0,NA,NA,NA,NA,NA,NA,NA,NA,NA,NA,NA,NA,NA,NA,NA,NA,NA,NA,NA,NA,NA,NA,NA,NA,NA,NA
MANAGE_01680,Joint Genome Institute (JGI),DOE Joint Genome Institute  (JGI),NA,United States,MI,42.3948,-85.3738,9,Cropping,294586488,44.48256,0,NA,NA,NA,NA,NA,NA,NA,NA,NA,NA,NA,NA,NA,NA,NA,NA,NA,NA,NA,NA,NA,NA,NA,NA,NA,NA
MANAGE_01681,Joint Genome Institute (JGI),DOE Joint Genome Institute  (JGI),NA,United States,MI,42.3948,-85.3738,9,Cropping,372061510,56.181288,1,NA,NA,NA,NA,NA,NA,NA,NA,NA,NA,NA,NA,NA,NA,NA,NA,NA,NA,NA,NA,NA,NA,NA,NA,NA,NA
MANAGE_01682,Joint Genome Institute (JGI),DOE Joint Genome Institute  (JGI),NA,United States,MI,42.3948,-85.3738,9,Cropping,383995928,57.983385,4,NA,NA,NA,NA,NA,NA,NA,NA,NA,NA,NA,NA,NA,NA,NA,NA,NA,NA,NA,NA,NA,NA,NA,NA,NA,NA
MANAGE_01683,Joint Genome Institute (JGI),DOE Joint Genome Institute  (JGI),NA,United States,MI,42.3948,-85.3738,9,Cropping,349076424,52.71054,2,NA,NA,NA,NA,NA,NA,NA,NA,NA,NA,NA,NA,NA,NA,NA,NA,NA,NA,NA,NA,NA,NA,NA,NA,NA,NA
MANAGE_01684,Joint Genome Institute (JGI),DOE Joint Genome Institute  (JGI),NA,United States,MI,42.3948,-85.3738,9,Cropping,226704036,34.232309,1,NA,NA,NA,NA,NA,NA,NA,NA,NA,NA,NA,NA,NA,NA,NA,NA,NA,NA,NA,NA,NA,NA,NA,NA,NA,NA
MANAGE_01685,Joint Genome Institute (JGI),DOE Joint Genome Institute  (JGI),NA,United States,MI,42.3948,-85.3738,9,Cropping,382800142,57.802821,3,NA,NA,NA,NA,NA,NA,NA,NA,NA,NA,NA,NA,NA,NA,NA,NA,NA,NA,NA,NA,NA,NA,NA,NA,NA,NA
MANAGE_01686,Joint Genome Institute (JGI),DOE Joint Genome Institute  (JGI),NA,United States,MI,42.3948,-85.3738,9,Cropping,314576134,47.500996,1,NA,NA,NA,NA,NA,NA,NA,NA,NA,NA,NA,NA,NA,NA,NA,NA,NA,NA,NA,NA,NA,NA,NA,NA,NA,NA
MANAGE_01687,Joint Genome Institute (JGI),DOE Joint Genome Institute  (JGI),NA,United States,MI,42.3948,-85.3738,9,Cropping,360129894,54.379614,0,NA,NA,NA,NA,NA,NA,NA,NA,NA,NA,NA,NA,NA,NA,NA,NA,NA,NA,NA,NA,NA,NA,NA,NA,NA,NA
MANAGE_01688,Joint Genome Institute (JGI),DOE Joint Genome Institute  (JGI),NA,United States,MI,42.3948,-85.3738,9,Cropping,379107826,57.245282,0,NA,NA,NA,NA,NA,NA,NA,NA,NA,NA,NA,NA,NA,NA,NA,NA,NA,NA,NA,NA,NA,NA,NA,NA,NA,NA
MANAGE_01689,Joint Genome Institute (JGI),DOE Joint Genome Institute  (JGI),NA,United States,MI,42.3948,-85.3738,9,Cropping,326390988,49.285039,3,NA,NA,NA,NA,NA,NA,NA,NA,NA,NA,NA,NA,NA,NA,NA,NA,NA,NA,NA,NA,NA,NA,NA,NA,NA,NA
MANAGE_01690,Joint Genome Institute (JGI),DOE Joint Genome Institute  (JGI),NA,United States,MI,42.3948,-85.3738,9,Cropping,370881702,56.003137,4,NA,NA,NA,NA,NA,NA,NA,NA,NA,NA,NA,NA,NA,NA,NA,NA,NA,NA,NA,NA,NA,NA,NA,NA,NA,NA
MANAGE_01691,Joint Genome Institute (JGI),DOE Joint Genome Institute  (JGI),NA,United States,MI,42.3948,-85.3738,9,Cropping,378987794,57.227157,2,NA,NA,NA,NA,NA,NA,NA,NA,NA,NA,NA,NA,NA,NA,NA,NA,NA,NA,NA,NA,NA,NA,NA,NA,NA,NA
MANAGE_01692,Joint Genome Institute (JGI),DOE Joint Genome Institute  (JGI),NA,United States,MI,42.3948,-85.3738,9,Cropping,438287922,66.181476,9,NA,NA,NA,NA,NA,NA,NA,NA,NA,NA,NA,NA,NA,NA,NA,NA,NA,NA,NA,NA,NA,NA,NA,NA,NA,NA
MANAGE_01693,Joint Genome Institute (JGI),DOE Joint Genome Institute  (JGI),NA,United States,MI,42.3948,-85.3738,9,Cropping,176218972,26.609065,2,NA,NA,NA,NA,NA,NA,NA,NA,NA,NA,NA,NA,NA,NA,NA,NA,NA,NA,NA,NA,NA,NA,NA,NA,NA,NA
MANAGE_01694,Joint Genome Institute (JGI),DOE Joint Genome Institute  (JGI),NA,United States,MI,42.3948,-85.3738,9,Cropping,345709788,52.202178,5,NA,NA,NA,NA,NA,NA,NA,NA,NA,NA,NA,NA,NA,NA,NA,NA,NA,NA,NA,NA,NA,NA,NA,NA,NA,NA
MANAGE_01695,Joint Genome Institute (JGI),DOE Joint Genome Institute  (JGI),NA,United States,MI,42.3948,-85.3738,9,Cropping,399832720,60.374741,6,NA,NA,NA,NA,NA,NA,NA,NA,NA,NA,NA,NA,NA,NA,NA,NA,NA,NA,NA,NA,NA,NA,NA,NA,NA,NA
MANAGE_01696,Joint Genome Institute (JGI),DOE Joint Genome Institute  (JGI),NA,United States,MI,42.3948,-85.3738,9,Cropping,372473074,56.243434,10,NA,NA,NA,NA,NA,NA,NA,NA,NA,NA,NA,NA,NA,NA,NA,NA,NA,NA,NA,NA,NA,NA,NA,NA,NA,NA
MANAGE_01697,Joint Genome Institute (JGI),DOE Joint Genome Institute  (JGI),NA,United States,MI,42.3948,-85.3738,9,Cropping,426919532,64.464849,13,NA,NA,NA,NA,NA,NA,NA,NA,NA,NA,NA,NA,NA,NA,NA,NA,NA,NA,NA,NA,NA,NA,NA,NA,NA,NA
MANAGE_01698,Joint Genome Institute (JGI),DOE Joint Genome Institute  (JGI),NA,United States,MI,42.3948,-85.3738,9,Cropping,353037194,53.308616,7,NA,NA,NA,NA,NA,NA,NA,NA,NA,NA,NA,NA,NA,NA,NA,NA,NA,NA,NA,NA,NA,NA,NA,NA,NA,NA
MANAGE_01699,Joint Genome Institute (JGI),DOE Joint Genome Institute  (JGI),NA,United States,MI,42.3948,-85.3738,9,Cropping,371504476,56.097176,3,NA,NA,NA,NA,NA,NA,NA,NA,NA,NA,NA,NA,NA,NA,NA,NA,NA,NA,NA,NA,NA,NA,NA,NA,NA,NA
MANAGE_01700,Joint Genome Institute (JGI),DOE Joint Genome Institute  (JGI),NA,United States,MI,42.3948,-85.3738,9,Cropping,391780006,59.158781,8,NA,NA,NA,NA,NA,NA,NA,NA,NA,NA,NA,NA,NA,NA,NA,NA,NA,NA,NA,NA,NA,NA,NA,NA,NA,NA
MANAGE_01701,Joint Genome Institute (JGI),DOE Joint Genome Institute  (JGI),NA,United States,MI,42.3948,-85.3738,9,Cropping,395773808,59.761845,10,NA,NA,NA,NA,NA,NA,NA,NA,NA,NA,NA,NA,NA,NA,NA,NA,NA,NA,NA,NA,NA,NA,NA,NA,NA,NA
MANAGE_01702,Joint Genome Institute (JGI),DOE Joint Genome Institute  (JGI),NA,United States,MI,42.3948,-85.3738,9,Cropping,403613864,60.945693,4,NA,NA,NA,NA,NA,NA,NA,NA,NA,NA,NA,NA,NA,NA,NA,NA,NA,NA,NA,NA,NA,NA,NA,NA,NA,NA
MANAGE_01703,Joint Genome Institute (JGI),DOE Joint Genome Institute  (JGI),NA,United States,MI,42.3948,-85.3738,9,Cropping,347582208,52.484913,2,NA,NA,NA,NA,NA,NA,NA,NA,NA,NA,NA,NA,NA,NA,NA,NA,NA,NA,NA,NA,NA,NA,NA,NA,NA,NA
MANAGE_01704,Joint Genome Institute (JGI),DOE Joint Genome Institute  (JGI),NA,United States,MI,42.3948,-85.3738,9,Cropping,354009620,53.455453,2,NA,NA,NA,NA,NA,NA,NA,NA,NA,NA,NA,NA,NA,NA,NA,NA,NA,NA,NA,NA,NA,NA,NA,NA,NA,NA
MANAGE_01705,Joint Genome Institute (JGI),DOE Joint Genome Institute  (JGI),NA,United States,MI,42.3948,-85.3738,9,Cropping,207773948,31.373866,0,NA,NA,NA,NA,NA,NA,NA,NA,NA,NA,NA,NA,NA,NA,NA,NA,NA,NA,NA,NA,NA,NA,NA,NA,NA,NA
MANAGE_01706,Joint Genome Institute (JGI),DOE Joint Genome Institute  (JGI),NA,United States,MI,42.3948,-85.3738,9,Cropping,296244708,44.732951,1,NA,NA,NA,NA,NA,NA,NA,NA,NA,NA,NA,NA,NA,NA,NA,NA,NA,NA,NA,NA,NA,NA,NA,NA,NA,NA
MANAGE_01707,Joint Genome Institute (JGI),DOE Joint Genome Institute  (JGI),NA,United States,MI,42.3948,-85.3738,9,Cropping,318428354,48.082681,3,NA,NA,NA,NA,NA,NA,NA,NA,NA,NA,NA,NA,NA,NA,NA,NA,NA,NA,NA,NA,NA,NA,NA,NA,NA,NA
MANAGE_01708,Joint Genome Institute (JGI),DOE Joint Genome Institute  (JGI),NA,United States,MI,42.3948,-85.3738,9,Cropping,259834564,39.235019,2,NA,NA,NA,NA,NA,NA,NA,NA,NA,NA,NA,NA,NA,NA,NA,NA,NA,NA,NA,NA,NA,NA,NA,NA,NA,NA
MANAGE_01709,Joint Genome Institute (JGI),DOE Joint Genome Institute  (JGI),NA,United States,MI,42.3948,-85.3738,9,Cropping,51851538,7.777731,1,NA,NA,NA,NA,NA,NA,NA,NA,NA,NA,NA,NA,NA,NA,NA,NA,NA,NA,NA,NA,NA,NA,NA,NA,NA,NA
MANAGE_01710,Joint Genome Institute (JGI),DOE Joint Genome Institute  (JGI),NA,United States,MI,42.3948,-85.3738,9,Cropping,46025688,6.903853,0,NA,NA,NA,NA,NA,NA,NA,NA,NA,NA,NA,NA,NA,NA,NA,NA,NA,NA,NA,NA,NA,NA,NA,NA,NA,NA
MANAGE_01711,Joint Genome Institute (JGI),DOE Joint Genome Institute  (JGI),NA,United States,MI,42.3948,-85.3738,9,Cropping,91510080,13.726512,1,NA,NA,NA,NA,NA,NA,NA,NA,NA,NA,NA,NA,NA,NA,NA,NA,NA,NA,NA,NA,NA,NA,NA,NA,NA,NA
MANAGE_01712,Joint Genome Institute (JGI),DOE Joint Genome Institute  (JGI),NA,United States,MI,42.3948,-85.3738,9,Cropping,83416752,12.512513,0,NA,NA,NA,NA,NA,NA,NA,NA,NA,NA,NA,NA,NA,NA,NA,NA,NA,NA,NA,NA,NA,NA,NA,NA,NA,NA
MANAGE_01713,Joint Genome Institute (JGI),DOE Joint Genome Institute  (JGI),NA,United States,MI,42.3948,-85.3738,9,Cropping,205069048,30.760358,4,NA,NA,NA,NA,NA,NA,NA,NA,NA,NA,NA,NA,NA,NA,NA,NA,NA,NA,NA,NA,NA,NA,NA,NA,NA,NA
MANAGE_01714,Joint Genome Institute (JGI),DOE Joint Genome Institute  (JGI),NA,United States,MI,42.3948,-85.3738,9,Cropping,200691924,30.304481,2,NA,NA,NA,NA,NA,NA,NA,NA,NA,NA,NA,NA,NA,NA,NA,NA,NA,NA,NA,NA,NA,NA,NA,NA,NA,NA
MANAGE_01715,Joint Genome Institute (JGI),DOE Joint Genome Institute  (JGI),NA,United States,MI,42.3948,-85.3738,9,Cropping,372061510,56.181288,7,NA,NA,NA,NA,NA,NA,NA,NA,NA,NA,NA,NA,NA,NA,NA,NA,NA,NA,NA,NA,NA,NA,NA,NA,NA,NA
MANAGE_01716,Joint Genome Institute (JGI),DOE Joint Genome Institute  (JGI),NA,United States,MI,42.3948,-85.3738,9,Cropping,294586488,44.48256,5,NA,NA,NA,NA,NA,NA,NA,NA,NA,NA,NA,NA,NA,NA,NA,NA,NA,NA,NA,NA,NA,NA,NA,NA,NA,NA
MANAGE_01717,Joint Genome Institute (JGI),DOE Joint Genome Institute  (JGI),NA,United States,MI,42.3948,-85.3738,9,Cropping,283330486,42.782903,1,NA,NA,NA,NA,NA,NA,NA,NA,NA,NA,NA,NA,NA,NA,NA,NA,NA,NA,NA,NA,NA,NA,NA,NA,NA,NA
MANAGE_01718,Joint Genome Institute (JGI),DOE Joint Genome Institute  (JGI),NA,United States,MI,42.3948,-85.3738,9,Cropping,243706980,36.799754,2,NA,NA,NA,NA,NA,NA,NA,NA,NA,NA,NA,NA,NA,NA,NA,NA,NA,NA,NA,NA,NA,NA,NA,NA,NA,NA
MANAGE_01719,Joint Genome Institute (JGI),DOE Joint Genome Institute  (JGI),NA,United States,MI,42.3948,-85.3738,9,Cropping,213309852,32.209788,0,NA,NA,NA,NA,NA,NA,NA,NA,NA,NA,NA,NA,NA,NA,NA,NA,NA,NA,NA,NA,NA,NA,NA,NA,NA,NA
MANAGE_01720,Joint Genome Institute (JGI),DOE Joint Genome Institute  (JGI),NA,United States,MI,42.4774,-85.451,9,Cropping,359354848,54.262582,0,NA,NA,NA,NA,NA,NA,NA,NA,NA,NA,NA,NA,NA,NA,NA,NA,NA,NA,NA,NA,NA,NA,NA,NA,NA,NA
MANAGE_01721,Joint Genome Institute (JGI),DOE Joint Genome Institute  (JGI),NA,United States,MI,42.3948,-85.3738,9,Cropping,277183180,41.85466,1,NA,NA,NA,NA,NA,NA,NA,NA,NA,NA,NA,NA,NA,NA,NA,NA,NA,NA,NA,NA,NA,NA,NA,NA,NA,NA
MANAGE_01722,Joint Genome Institute (JGI),DOE Joint Genome Institute  (JGI),NA,United States,MI,42.3948,-85.3738,9,Cropping,226704036,34.232309,6,NA,NA,NA,NA,NA,NA,NA,NA,NA,NA,NA,NA,NA,NA,NA,NA,NA,NA,NA,NA,NA,NA,NA,NA,NA,NA
MANAGE_01723,Joint Genome Institute (JGI),DOE Joint Genome Institute  (JGI),NA,United States,MI,42.3948,-85.3738,9,Cropping,301166938,45.175041,0,NA,NA,NA,NA,NA,NA,NA,NA,NA,NA,NA,NA,NA,NA,NA,NA,NA,NA,NA,NA,NA,NA,NA,NA,NA,NA
MANAGE_01724,Joint Genome Institute (JGI),DOE Joint Genome Institute  (JGI),NA,United States,MI,42.3948,-85.3738,9,Cropping,352965222,53.297749,3,NA,NA,NA,NA,NA,NA,NA,NA,NA,NA,NA,NA,NA,NA,NA,NA,NA,NA,NA,NA,NA,NA,NA,NA,NA,NA
MANAGE_01725,Joint Genome Institute (JGI),DOE Joint Genome Institute  (JGI),NA,United States,MI,42.3948,-85.3738,9,Cropping,307270750,46.090612,3,NA,NA,NA,NA,NA,NA,NA,NA,NA,NA,NA,NA,NA,NA,NA,NA,NA,NA,NA,NA,NA,NA,NA,NA,NA,NA
MANAGE_01726,Joint Genome Institute (JGI),DOE Joint Genome Institute  (JGI),NA,United States,MI,42.4774,-85.451,9,Cropping,267605520,40.408434,1,NA,NA,NA,NA,NA,NA,NA,NA,NA,NA,NA,NA,NA,NA,NA,NA,NA,NA,NA,NA,NA,NA,NA,NA,NA,NA
MANAGE_01727,Joint Genome Institute (JGI),DOE Joint Genome Institute  (JGI),NA,United States,MI,42.4774,-85.451,9,Cropping,356914828,53.894139,2,NA,NA,NA,NA,NA,NA,NA,NA,NA,NA,NA,NA,NA,NA,NA,NA,NA,NA,NA,NA,NA,NA,NA,NA,NA,NA
MANAGE_01728,Joint Genome Institute (JGI),DOE Joint Genome Institute  (JGI),NA,United States,MI,42.3948,-85.3738,9,Cropping,282058246,42.590795,1,NA,NA,NA,NA,NA,NA,NA,NA,NA,NA,NA,NA,NA,NA,NA,NA,NA,NA,NA,NA,NA,NA,NA,NA,NA,NA
MANAGE_01729,Joint Genome Institute (JGI),DOE Joint Genome Institute  (JGI),NA,United States,MI,42.3948,-85.3738,9,Cropping,269696492,40.72417,2,NA,NA,NA,NA,NA,NA,NA,NA,NA,NA,NA,NA,NA,NA,NA,NA,NA,NA,NA,NA,NA,NA,NA,NA,NA,NA
MANAGE_01730,Joint Genome Institute (JGI),DOE Joint Genome Institute  (JGI),NA,United States,MI,42.3948,-85.3738,9,Cropping,335539202,50.66642,8,NA,NA,NA,NA,NA,NA,NA,NA,NA,NA,NA,NA,NA,NA,NA,NA,NA,NA,NA,NA,NA,NA,NA,NA,NA,NA
MANAGE_01731,Joint Genome Institute (JGI),DOE Joint Genome Institute  (JGI),NA,United States,MI,42.3948,-85.3738,9,Cropping,366732242,55.376569,4,NA,NA,NA,NA,NA,NA,NA,NA,NA,NA,NA,NA,NA,NA,NA,NA,NA,NA,NA,NA,NA,NA,NA,NA,NA,NA
MANAGE_01732,Joint Genome Institute (JGI),DOE Joint Genome Institute  (JGI),NA,United States,MI,42.3948,-85.3738,9,Cropping,314576134,47.500996,2,NA,NA,NA,NA,NA,NA,NA,NA,NA,NA,NA,NA,NA,NA,NA,NA,NA,NA,NA,NA,NA,NA,NA,NA,NA,NA
MANAGE_01733,Joint Genome Institute (JGI),DOE Joint Genome Institute  (JGI),NA,United States,MI,42.3948,-85.3738,9,Cropping,342045434,51.648861,8,NA,NA,NA,NA,NA,NA,NA,NA,NA,NA,NA,NA,NA,NA,NA,NA,NA,NA,NA,NA,NA,NA,NA,NA,NA,NA
MANAGE_01734,Joint Genome Institute (JGI),DOE Joint Genome Institute  (JGI),NA,United States,MI,42.3948,-85.3738,9,Cropping,383995928,57.983385,11,NA,NA,NA,NA,NA,NA,NA,NA,NA,NA,NA,NA,NA,NA,NA,NA,NA,NA,NA,NA,NA,NA,NA,NA,NA,NA
MANAGE_01735,Joint Genome Institute (JGI),DOE Joint Genome Institute  (JGI),NA,United States,MI,42.3948,-85.3738,9,Cropping,326390988,49.285039,12,NA,NA,NA,NA,NA,NA,NA,NA,NA,NA,NA,NA,NA,NA,NA,NA,NA,NA,NA,NA,NA,NA,NA,NA,NA,NA
MANAGE_01736,Joint Genome Institute (JGI),DOE Joint Genome Institute  (JGI),NA,United States,MI,42.4774,-85.451,9,Cropping,311727012,47.070779,3,NA,NA,NA,NA,NA,NA,NA,NA,NA,NA,NA,NA,NA,NA,NA,NA,NA,NA,NA,NA,NA,NA,NA,NA,NA,NA
MANAGE_01737,Joint Genome Institute (JGI),DOE Joint Genome Institute  (JGI),NA,United States,MI,42.4774,-85.451,9,Cropping,344755094,52.058019,3,NA,NA,NA,NA,NA,NA,NA,NA,NA,NA,NA,NA,NA,NA,NA,NA,NA,NA,NA,NA,NA,NA,NA,NA,NA,NA
MANAGE_01738,Joint Genome Institute (JGI),DOE Joint Genome Institute  (JGI),NA,United States,MI,42.3948,-85.3738,9,Cropping,343375648,51.849723,3,NA,NA,NA,NA,NA,NA,NA,NA,NA,NA,NA,NA,NA,NA,NA,NA,NA,NA,NA,NA,NA,NA,NA,NA,NA,NA
MANAGE_01739,Joint Genome Institute (JGI),DOE Joint Genome Institute  (JGI),NA,United States,MI,42.3948,-85.3738,9,Cropping,312867640,47.243014,1,NA,NA,NA,NA,NA,NA,NA,NA,NA,NA,NA,NA,NA,NA,NA,NA,NA,NA,NA,NA,NA,NA,NA,NA,NA,NA
MANAGE_01740,Joint Genome Institute (JGI),DOE Joint Genome Institute  (JGI),NA,United States,MI,42.3948,-85.3738,9,Cropping,340306582,51.386294,5,NA,NA,NA,NA,NA,NA,NA,NA,NA,NA,NA,NA,NA,NA,NA,NA,NA,NA,NA,NA,NA,NA,NA,NA,NA,NA
MANAGE_01741,Joint Genome Institute (JGI),DOE Joint Genome Institute  (JGI),NA,United States,MI,42.3948,-85.3738,9,Cropping,353097824,53.317771,1,NA,NA,NA,NA,NA,NA,NA,NA,NA,NA,NA,NA,NA,NA,NA,NA,NA,NA,NA,NA,NA,NA,NA,NA,NA,NA
MANAGE_01742,Joint Genome Institute (JGI),DOE Joint Genome Institute  (JGI),NA,United States,MI,42.3948,-85.3738,9,Cropping,367768170,55.532994,9,NA,NA,NA,NA,NA,NA,NA,NA,NA,NA,NA,NA,NA,NA,NA,NA,NA,NA,NA,NA,NA,NA,NA,NA,NA,NA
MANAGE_01743,Joint Genome Institute (JGI),DOE Joint Genome Institute  (JGI),NA,United States,MI,42.3948,-85.3738,9,Cropping,382805962,57.8037,7,NA,NA,NA,NA,NA,NA,NA,NA,NA,NA,NA,NA,NA,NA,NA,NA,NA,NA,NA,NA,NA,NA,NA,NA,NA,NA
MANAGE_01744,Joint Genome Institute (JGI),DOE Joint Genome Institute  (JGI),NA,United States,MI,42.3948,-85.3738,9,Cropping,389928900,58.879264,2,NA,NA,NA,NA,NA,NA,NA,NA,NA,NA,NA,NA,NA,NA,NA,NA,NA,NA,NA,NA,NA,NA,NA,NA,NA,NA
MANAGE_01745,Joint Genome Institute (JGI),DOE Joint Genome Institute  (JGI),NA,United States,MI,42.3948,-85.3738,9,Cropping,370881702,56.003137,8,NA,NA,NA,NA,NA,NA,NA,NA,NA,NA,NA,NA,NA,NA,NA,NA,NA,NA,NA,NA,NA,NA,NA,NA,NA,NA
MANAGE_01746,Joint Genome Institute (JGI),DOE Joint Genome Institute  (JGI),NA,United States,MI,42.3948,-85.3738,9,Cropping,353644618,53.400337,6,NA,NA,NA,NA,NA,NA,NA,NA,NA,NA,NA,NA,NA,NA,NA,NA,NA,NA,NA,NA,NA,NA,NA,NA,NA,NA
MANAGE_01747,Joint Genome Institute (JGI),DOE Joint Genome Institute  (JGI),NA,United States,MI,42.3948,-85.3738,9,Cropping,334711394,50.54142,1,NA,NA,NA,NA,NA,NA,NA,NA,NA,NA,NA,NA,NA,NA,NA,NA,NA,NA,NA,NA,NA,NA,NA,NA,NA,NA
MANAGE_01748,Joint Genome Institute (JGI),DOE Joint Genome Institute  (JGI),NA,United States,MI,42.3948,-85.3738,9,Cropping,349076424,52.71054,4,NA,NA,NA,NA,NA,NA,NA,NA,NA,NA,NA,NA,NA,NA,NA,NA,NA,NA,NA,NA,NA,NA,NA,NA,NA,NA
MANAGE_01749,Joint Genome Institute (JGI),DOE Joint Genome Institute  (JGI),NA,United States,MI,42.4774,-85.451,9,Cropping,366755220,55.380038,3,NA,NA,NA,NA,NA,NA,NA,NA,NA,NA,NA,NA,NA,NA,NA,NA,NA,NA,NA,NA,NA,NA,NA,NA,NA,NA
MANAGE_01750,Joint Genome Institute (JGI),DOE Joint Genome Institute  (JGI),NA,United States,MI,42.4774,-85.451,9,Cropping,364551808,55.047323,5,NA,NA,NA,NA,NA,NA,NA,NA,NA,NA,NA,NA,NA,NA,NA,NA,NA,NA,NA,NA,NA,NA,NA,NA,NA,NA
MANAGE_01751,Joint Genome Institute (JGI),DOE Joint Genome Institute  (JGI),NA,United States,MI,42.3948,-85.3738,9,Cropping,364517026,55.042071,6,NA,NA,NA,NA,NA,NA,NA,NA,NA,NA,NA,NA,NA,NA,NA,NA,NA,NA,NA,NA,NA,NA,NA,NA,NA,NA
MANAGE_01752,Joint Genome Institute (JGI),DOE Joint Genome Institute  (JGI),NA,United States,MI,42.3948,-85.3738,9,Cropping,362890032,54.796395,3,NA,NA,NA,NA,NA,NA,NA,NA,NA,NA,NA,NA,NA,NA,NA,NA,NA,NA,NA,NA,NA,NA,NA,NA,NA,NA
MANAGE_01753,Joint Genome Institute (JGI),DOE Joint Genome Institute  (JGI),NA,United States,MI,42.3948,-85.3738,9,Cropping,396880408,59.928942,8,NA,NA,NA,NA,NA,NA,NA,NA,NA,NA,NA,NA,NA,NA,NA,NA,NA,NA,NA,NA,NA,NA,NA,NA,NA,NA
MANAGE_01754,Joint Genome Institute (JGI),DOE Joint Genome Institute  (JGI),NA,United States,MI,42.3948,-85.3738,9,Cropping,360129894,54.379614,6,NA,NA,NA,NA,NA,NA,NA,NA,NA,NA,NA,NA,NA,NA,NA,NA,NA,NA,NA,NA,NA,NA,NA,NA,NA,NA
MANAGE_01755,Joint Genome Institute (JGI),DOE Joint Genome Institute  (JGI),NA,United States,MI,42.3948,-85.3738,9,Cropping,382800142,57.802821,6,NA,NA,NA,NA,NA,NA,NA,NA,NA,NA,NA,NA,NA,NA,NA,NA,NA,NA,NA,NA,NA,NA,NA,NA,NA,NA
MANAGE_01756,Joint Genome Institute (JGI),DOE Joint Genome Institute  (JGI),NA,United States,MI,42.3948,-85.3738,9,Cropping,338846620,51.16584,1,NA,NA,NA,NA,NA,NA,NA,NA,NA,NA,NA,NA,NA,NA,NA,NA,NA,NA,NA,NA,NA,NA,NA,NA,NA,NA
MANAGE_01757,Joint Genome Institute (JGI),DOE Joint Genome Institute  (JGI),NA,United States,MI,42.3948,-85.3738,9,Cropping,355019026,53.607873,1,NA,NA,NA,NA,NA,NA,NA,NA,NA,NA,NA,NA,NA,NA,NA,NA,NA,NA,NA,NA,NA,NA,NA,NA,NA,NA
MANAGE_01758,Joint Genome Institute (JGI),DOE Joint Genome Institute  (JGI),NA,United States,MI,42.3948,-85.3738,9,Cropping,369698400,55.824458,4,NA,NA,NA,NA,NA,NA,NA,NA,NA,NA,NA,NA,NA,NA,NA,NA,NA,NA,NA,NA,NA,NA,NA,NA,NA,NA
MANAGE_01759,Joint Genome Institute (JGI),DOE Joint Genome Institute  (JGI),NA,United States,MI,42.4774,-85.451,9,Cropping,361467202,54.581548,1,NA,NA,NA,NA,NA,NA,NA,NA,NA,NA,NA,NA,NA,NA,NA,NA,NA,NA,NA,NA,NA,NA,NA,NA,NA,NA
MANAGE_01760,Joint Genome Institute (JGI),DOE Joint Genome Institute  (JGI),NA,United States,MI,42.3948,-85.3738,9,Cropping,349441596,52.765681,11,NA,NA,NA,NA,NA,NA,NA,NA,NA,NA,NA,NA,NA,NA,NA,NA,NA,NA,NA,NA,NA,NA,NA,NA,NA,NA
MANAGE_01761,Joint Genome Institute (JGI),DOE Joint Genome Institute  (JGI),NA,United States,MI,42.3948,-85.3738,9,Cropping,379107826,57.245282,5,NA,NA,NA,NA,NA,NA,NA,NA,NA,NA,NA,NA,NA,NA,NA,NA,NA,NA,NA,NA,NA,NA,NA,NA,NA,NA
MANAGE_01762,Joint Genome Institute (JGI),DOE Joint Genome Institute  (JGI),NA,United States,MI,42.3948,-85.3738,9,Cropping,344581152,52.031754,1,NA,NA,NA,NA,NA,NA,NA,NA,NA,NA,NA,NA,NA,NA,NA,NA,NA,NA,NA,NA,NA,NA,NA,NA,NA,NA
MANAGE_01763,Joint Genome Institute (JGI),DOE Joint Genome Institute  (JGI),NA,United States,MI,42.3948,-85.3738,9,Cropping,379476104,57.300892,6,NA,NA,NA,NA,NA,NA,NA,NA,NA,NA,NA,NA,NA,NA,NA,NA,NA,NA,NA,NA,NA,NA,NA,NA,NA,NA
MANAGE_01764,Joint Genome Institute (JGI),DOE Joint Genome Institute  (JGI),NA,United States,MI,42.3948,-85.3738,9,Cropping,411276622,62.10277,1,NA,NA,NA,NA,NA,NA,NA,NA,NA,NA,NA,NA,NA,NA,NA,NA,NA,NA,NA,NA,NA,NA,NA,NA,NA,NA
MANAGE_01765,Joint Genome Institute (JGI),DOE Joint Genome Institute  (JGI),NA,United States,MI,42.3948,-85.3738,9,Cropping,413559826,62.447534,16,NA,NA,NA,NA,NA,NA,NA,NA,NA,NA,NA,NA,NA,NA,NA,NA,NA,NA,NA,NA,NA,NA,NA,NA,NA,NA
MANAGE_01766,Joint Genome Institute (JGI),DOE Joint Genome Institute  (JGI),NA,United States,MI,42.3948,-85.3738,9,Cropping,356902550,53.892285,0,NA,NA,NA,NA,NA,NA,NA,NA,NA,NA,NA,NA,NA,NA,NA,NA,NA,NA,NA,NA,NA,NA,NA,NA,NA,NA
MANAGE_01767,Joint Genome Institute (JGI),DOE Joint Genome Institute  (JGI),NA,United States,MI,42.3948,-85.3738,9,Cropping,378987794,57.227157,9,NA,NA,NA,NA,NA,NA,NA,NA,NA,NA,NA,NA,NA,NA,NA,NA,NA,NA,NA,NA,NA,NA,NA,NA,NA,NA
MANAGE_01768,Joint Genome Institute (JGI),DOE Joint Genome Institute  (JGI),NA,United States,MI,42.3948,-85.3738,9,Cropping,415253680,62.703306,3,NA,NA,NA,NA,NA,NA,NA,NA,NA,NA,NA,NA,NA,NA,NA,NA,NA,NA,NA,NA,NA,NA,NA,NA,NA,NA
MANAGE_01769,Joint Genome Institute (JGI),DOE Joint Genome Institute  (JGI),NA,United States,MI,42.3948,-85.3738,9,Cropping,396326846,59.845354,4,NA,NA,NA,NA,NA,NA,NA,NA,NA,NA,NA,NA,NA,NA,NA,NA,NA,NA,NA,NA,NA,NA,NA,NA,NA,NA
MANAGE_01770,Joint Genome Institute (JGI),DOE Joint Genome Institute  (JGI),NA,United States,MI,42.3948,-85.3738,9,Cropping,405940264,61.29698,5,NA,NA,NA,NA,NA,NA,NA,NA,NA,NA,NA,NA,NA,NA,NA,NA,NA,NA,NA,NA,NA,NA,NA,NA,NA,NA
MANAGE_01771,Joint Genome Institute (JGI),DOE Joint Genome Institute  (JGI),NA,United States,MI,42.3948,-85.3738,9,Cropping,397169858,59.972649,4,NA,NA,NA,NA,NA,NA,NA,NA,NA,NA,NA,NA,NA,NA,NA,NA,NA,NA,NA,NA,NA,NA,NA,NA,NA,NA
MANAGE_01772,Joint Genome Institute (JGI),DOE Joint Genome Institute  (JGI),NA,United States,MI,42.3948,-85.3738,9,Cropping,410225966,61.944121,2,NA,NA,NA,NA,NA,NA,NA,NA,NA,NA,NA,NA,NA,NA,NA,NA,NA,NA,NA,NA,NA,NA,NA,NA,NA,NA
MANAGE_01773,Joint Genome Institute (JGI),DOE Joint Genome Institute  (JGI),NA,United States,MI,42.3948,-85.3738,9,Cropping,391989584,59.190427,4,NA,NA,NA,NA,NA,NA,NA,NA,NA,NA,NA,NA,NA,NA,NA,NA,NA,NA,NA,NA,NA,NA,NA,NA,NA,NA
MANAGE_01774,Joint Genome Institute (JGI),DOE Joint Genome Institute  (JGI),NA,United States,MI,42.3948,-85.3738,9,Cropping,419729170,63.379105,4,NA,NA,NA,NA,NA,NA,NA,NA,NA,NA,NA,NA,NA,NA,NA,NA,NA,NA,NA,NA,NA,NA,NA,NA,NA,NA
MANAGE_01775,Joint Genome Institute (JGI),DOE Joint Genome Institute  (JGI),NA,United States,MI,42.3948,-85.3738,9,Cropping,392099502,59.207025,3,NA,NA,NA,NA,NA,NA,NA,NA,NA,NA,NA,NA,NA,NA,NA,NA,NA,NA,NA,NA,NA,NA,NA,NA,NA,NA
MANAGE_01776,Joint Genome Institute (JGI),DOE Joint Genome Institute  (JGI),NA,United States,MI,42.3948,-85.3738,9,Cropping,434071684,65.544824,7,NA,NA,NA,NA,NA,NA,NA,NA,NA,NA,NA,NA,NA,NA,NA,NA,NA,NA,NA,NA,NA,NA,NA,NA,NA,NA
MANAGE_01777,Joint Genome Institute (JGI),DOE Joint Genome Institute  (JGI),NA,United States,MI,42.3948,-85.3738,9,Cropping,439950098,66.432465,8,NA,NA,NA,NA,NA,NA,NA,NA,NA,NA,NA,NA,NA,NA,NA,NA,NA,NA,NA,NA,NA,NA,NA,NA,NA,NA
MANAGE_01778,Joint Genome Institute (JGI),DOE Joint Genome Institute  (JGI),NA,United States,MI,42.3948,-85.3738,9,Cropping,408492618,61.682385,2,NA,NA,NA,NA,NA,NA,NA,NA,NA,NA,NA,NA,NA,NA,NA,NA,NA,NA,NA,NA,NA,NA,NA,NA,NA,NA
MANAGE_01779,Joint Genome Institute (JGI),DOE Joint Genome Institute  (JGI),NA,United States,MI,42.3948,-85.3738,9,Cropping,431689158,65.185063,2,NA,NA,NA,NA,NA,NA,NA,NA,NA,NA,NA,NA,NA,NA,NA,NA,NA,NA,NA,NA,NA,NA,NA,NA,NA,NA
MANAGE_01780,Joint Genome Institute (JGI),DOE Joint Genome Institute  (JGI),NA,United States,MI,42.3948,-85.3738,9,Cropping,399862700,60.379268,9,NA,NA,NA,NA,NA,NA,NA,NA,NA,NA,NA,NA,NA,NA,NA,NA,NA,NA,NA,NA,NA,NA,NA,NA,NA,NA
MANAGE_01781,Joint Genome Institute (JGI),DOE Joint Genome Institute  (JGI),NA,United States,MI,42.3948,-85.3738,9,Cropping,436775452,65.953093,3,NA,NA,NA,NA,NA,NA,NA,NA,NA,NA,NA,NA,NA,NA,NA,NA,NA,NA,NA,NA,NA,NA,NA,NA,NA,NA
MANAGE_01782,Joint Genome Institute (JGI),DOE Joint Genome Institute  (JGI),NA,United States,MI,42.3948,-85.3738,9,Cropping,399148934,60.271489,1,NA,NA,NA,NA,NA,NA,NA,NA,NA,NA,NA,NA,NA,NA,NA,NA,NA,NA,NA,NA,NA,NA,NA,NA,NA,NA
MANAGE_01783,Joint Genome Institute (JGI),DOE Joint Genome Institute  (JGI),NA,United States,MI,42.3948,-85.3738,9,Cropping,429038092,64.784752,2,NA,NA,NA,NA,NA,NA,NA,NA,NA,NA,NA,NA,NA,NA,NA,NA,NA,NA,NA,NA,NA,NA,NA,NA,NA,NA
MANAGE_01784,Joint Genome Institute (JGI),DOE Joint Genome Institute  (JGI),NA,United States,MI,42.3948,-85.3738,9,Cropping,449331454,67.84905,16,NA,NA,NA,NA,NA,NA,NA,NA,NA,NA,NA,NA,NA,NA,NA,NA,NA,NA,NA,NA,NA,NA,NA,NA,NA,NA
MANAGE_01785,Joint Genome Institute (JGI),DOE Joint Genome Institute  (JGI),NA,United States,MI,42.3948,-85.3738,9,Cropping,449350996,67.852,2,NA,NA,NA,NA,NA,NA,NA,NA,NA,NA,NA,NA,NA,NA,NA,NA,NA,NA,NA,NA,NA,NA,NA,NA,NA,NA
MANAGE_01786,Joint Genome Institute (JGI),DOE Joint Genome Institute  (JGI),NA,United States,MI,42.3948,-85.3738,9,Cropping,446796590,67.466285,7,NA,NA,NA,NA,NA,NA,NA,NA,NA,NA,NA,NA,NA,NA,NA,NA,NA,NA,NA,NA,NA,NA,NA,NA,NA,NA
MANAGE_01787,Joint Genome Institute (JGI),DOE Joint Genome Institute  (JGI),NA,United States,WI,43.2958,-89.3799,3,Cropping,25743364,3.861505,0,NA,NA,NA,NA,NA,NA,NA,NA,NA,NA,NA,NA,NA,NA,NA,NA,NA,NA,NA,NA,NA,NA,NA,NA,NA,NA
MANAGE_01788,Joint Genome Institute (JGI),DOE Joint Genome Institute  (JGI),NA,United States,WI,43.2958,-89.3799,3,Cropping,24137972,3.620696,0,NA,NA,NA,NA,NA,NA,NA,NA,NA,NA,NA,NA,NA,NA,NA,NA,NA,NA,NA,NA,NA,NA,NA,NA,NA,NA
MANAGE_01789,Joint Genome Institute (JGI),DOE Joint Genome Institute  (JGI),NA,United States,WI,43.2958,-89.3799,3,Cropping,24737420,3.710613,0,NA,NA,NA,NA,NA,NA,NA,NA,NA,NA,NA,NA,NA,NA,NA,NA,NA,NA,NA,NA,NA,NA,NA,NA,NA,NA
MANAGE_01790,Joint Genome Institute (JGI),DOE Joint Genome Institute  (JGI),NA,United States,WI,43.2958,-89.3799,3,Cropping,23984386,3.597658,0,NA,NA,NA,NA,NA,NA,NA,NA,NA,NA,NA,NA,NA,NA,NA,NA,NA,NA,NA,NA,NA,NA,NA,NA,NA,NA
MANAGE_01791,Joint Genome Institute (JGI),DOE Joint Genome Institute  (JGI),NA,United States,WI,43.2958,-89.3799,3,Cropping,24990938,3.748641,0,NA,NA,NA,NA,NA,NA,NA,NA,NA,NA,NA,NA,NA,NA,NA,NA,NA,NA,NA,NA,NA,NA,NA,NA,NA,NA
MANAGE_01792,Joint Genome Institute (JGI),DOE Joint Genome Institute  (JGI),NA,United States,WI,43.2958,-89.3799,3,Cropping,27018040,4.052706,0,NA,NA,NA,NA,NA,NA,NA,NA,NA,NA,NA,NA,NA,NA,NA,NA,NA,NA,NA,NA,NA,NA,NA,NA,NA,NA
MANAGE_01793,Joint Genome Institute (JGI),DOE Joint Genome Institute  (JGI),NA,United States,WI,43.2958,-89.3799,3,Cropping,24671210,3.700681,0,NA,NA,NA,NA,NA,NA,NA,NA,NA,NA,NA,NA,NA,NA,NA,NA,NA,NA,NA,NA,NA,NA,NA,NA,NA,NA
MANAGE_01794,Joint Genome Institute (JGI),DOE Joint Genome Institute  (JGI),NA,United States,WI,43.2958,-89.3799,3,Cropping,25897906,3.884686,0,NA,NA,NA,NA,NA,NA,NA,NA,NA,NA,NA,NA,NA,NA,NA,NA,NA,NA,NA,NA,NA,NA,NA,NA,NA,NA
MANAGE_01795,Joint Genome Institute (JGI),DOE Joint Genome Institute  (JGI),NA,United States,WI,43.2958,-89.3799,3,Cropping,25620824,3.843124,0,NA,NA,NA,NA,NA,NA,NA,NA,NA,NA,NA,NA,NA,NA,NA,NA,NA,NA,NA,NA,NA,NA,NA,NA,NA,NA
MANAGE_01796,Joint Genome Institute (JGI),DOE Joint Genome Institute  (JGI),NA,United States,WI,43.2958,-89.3799,3,Cropping,25812630,3.871894,0,NA,NA,NA,NA,NA,NA,NA,NA,NA,NA,NA,NA,NA,NA,NA,NA,NA,NA,NA,NA,NA,NA,NA,NA,NA,NA
MANAGE_01797,Joint Genome Institute (JGI),DOE Joint Genome Institute  (JGI),NA,United States,WI,43.2958,-89.3799,3,Cropping,27495248,4.124287,0,NA,NA,NA,NA,NA,NA,NA,NA,NA,NA,NA,NA,NA,NA,NA,NA,NA,NA,NA,NA,NA,NA,NA,NA,NA,NA
MANAGE_01798,Joint Genome Institute (JGI),DOE Joint Genome Institute  (JGI),NA,United States,WI,43.2958,-89.3799,3,Cropping,28108086,4.216213,0,NA,NA,NA,NA,NA,NA,NA,NA,NA,NA,NA,NA,NA,NA,NA,NA,NA,NA,NA,NA,NA,NA,NA,NA,NA,NA
MANAGE_01799,Joint Genome Institute (JGI),DOE Joint Genome Institute  (JGI),NA,United States,WI,43.2958,-89.3799,3,Cropping,27900788,4.185118,0,NA,NA,NA,NA,NA,NA,NA,NA,NA,NA,NA,NA,NA,NA,NA,NA,NA,NA,NA,NA,NA,NA,NA,NA,NA,NA
MANAGE_01800,Joint Genome Institute (JGI),DOE Joint Genome Institute  (JGI),NA,United States,WI,43.2958,-89.3799,3,Cropping,29934028,4.490104,0,NA,NA,NA,NA,NA,NA,NA,NA,NA,NA,NA,NA,NA,NA,NA,NA,NA,NA,NA,NA,NA,NA,NA,NA,NA,NA
MANAGE_01801,Joint Genome Institute (JGI),DOE Joint Genome Institute  (JGI),NA,United States,WI,43.2958,-89.3799,3,Cropping,27908982,4.186347,0,NA,NA,NA,NA,NA,NA,NA,NA,NA,NA,NA,NA,NA,NA,NA,NA,NA,NA,NA,NA,NA,NA,NA,NA,NA,NA
MANAGE_01802,Joint Genome Institute (JGI),DOE Joint Genome Institute  (JGI),NA,United States,WI,43.2958,-89.3799,3,Cropping,30080932,4.51214,0,NA,NA,NA,NA,NA,NA,NA,NA,NA,NA,NA,NA,NA,NA,NA,NA,NA,NA,NA,NA,NA,NA,NA,NA,NA,NA
MANAGE_01803,Joint Genome Institute (JGI),DOE Joint Genome Institute  (JGI),NA,United States,WI,43.2958,-89.3799,3,Cropping,25376432,3.806465,0,NA,NA,NA,NA,NA,NA,NA,NA,NA,NA,NA,NA,NA,NA,NA,NA,NA,NA,NA,NA,NA,NA,NA,NA,NA,NA
MANAGE_01804,Joint Genome Institute (JGI),DOE Joint Genome Institute  (JGI),NA,United States,WI,43.2958,-89.3799,3,Cropping,26041582,3.906237,0,NA,NA,NA,NA,NA,NA,NA,NA,NA,NA,NA,NA,NA,NA,NA,NA,NA,NA,NA,NA,NA,NA,NA,NA,NA,NA
MANAGE_01805,Joint Genome Institute (JGI),DOE Joint Genome Institute  (JGI),NA,United States,WI,43.2958,-89.3799,3,Cropping,32420820,4.863122,0,NA,NA,NA,NA,NA,NA,NA,NA,NA,NA,NA,NA,NA,NA,NA,NA,NA,NA,NA,NA,NA,NA,NA,NA,NA,NA
MANAGE_01806,Joint Genome Institute (JGI),DOE Joint Genome Institute  (JGI),NA,United States,WI,43.2958,-89.3799,3,Cropping,16863924,2.529589,0,NA,NA,NA,NA,NA,NA,NA,NA,NA,NA,NA,NA,NA,NA,NA,NA,NA,NA,NA,NA,NA,NA,NA,NA,NA,NA
MANAGE_01807,Joint Genome Institute (JGI),DOE Joint Genome Institute  (JGI),NA,United States,WI,43.2958,-89.3799,3,Cropping,17431322,2.614698,0,NA,NA,NA,NA,NA,NA,NA,NA,NA,NA,NA,NA,NA,NA,NA,NA,NA,NA,NA,NA,NA,NA,NA,NA,NA,NA
MANAGE_01808,Joint Genome Institute (JGI),DOE Joint Genome Institute  (JGI),NA,United States,WI,43.2958,-89.3799,3,Cropping,17712740,2.656911,0,NA,NA,NA,NA,NA,NA,NA,NA,NA,NA,NA,NA,NA,NA,NA,NA,NA,NA,NA,NA,NA,NA,NA,NA,NA,NA
MANAGE_01809,Joint Genome Institute (JGI),DOE Joint Genome Institute  (JGI),NA,United States,WI,43.2958,-89.3799,3,Cropping,32725776,4.924527,0,NA,NA,NA,NA,NA,NA,NA,NA,NA,NA,NA,NA,NA,NA,NA,NA,NA,NA,NA,NA,NA,NA,NA,NA,NA,NA
MANAGE_01810,Joint Genome Institute (JGI),DOE Joint Genome Institute  (JGI),NA,United States,WI,43.2958,-89.3799,3,Cropping,17973100,2.695965,0,NA,NA,NA,NA,NA,NA,NA,NA,NA,NA,NA,NA,NA,NA,NA,NA,NA,NA,NA,NA,NA,NA,NA,NA,NA,NA
MANAGE_01811,Joint Genome Institute (JGI),DOE Joint Genome Institute  (JGI),NA,United States,WI,43.2958,-89.3799,3,Cropping,16084900,2.412735,0,NA,NA,NA,NA,NA,NA,NA,NA,NA,NA,NA,NA,NA,NA,NA,NA,NA,NA,NA,NA,NA,NA,NA,NA,NA,NA
MANAGE_01812,Joint Genome Institute (JGI),DOE Joint Genome Institute  (JGI),NA,United States,WI,43.2958,-89.3799,3,Cropping,16817570,2.522635,0,NA,NA,NA,NA,NA,NA,NA,NA,NA,NA,NA,NA,NA,NA,NA,NA,NA,NA,NA,NA,NA,NA,NA,NA,NA,NA
MANAGE_01813,Joint Genome Institute (JGI),DOE Joint Genome Institute  (JGI),NA,United States,WI,43.2958,-89.3799,3,Cropping,16532590,2.479888,0,NA,NA,NA,NA,NA,NA,NA,NA,NA,NA,NA,NA,NA,NA,NA,NA,NA,NA,NA,NA,NA,NA,NA,NA,NA,NA
MANAGE_01814,Joint Genome Institute (JGI),DOE Joint Genome Institute  (JGI),NA,United States,WI,43.2958,-89.3799,3,Cropping,18761210,2.814182,0,NA,NA,NA,NA,NA,NA,NA,NA,NA,NA,NA,NA,NA,NA,NA,NA,NA,NA,NA,NA,NA,NA,NA,NA,NA,NA
MANAGE_01815,Joint Genome Institute (JGI),DOE Joint Genome Institute  (JGI),NA,United States,WI,43.2958,-89.3799,3,Cropping,18211902,2.731785,0,NA,NA,NA,NA,NA,NA,NA,NA,NA,NA,NA,NA,NA,NA,NA,NA,NA,NA,NA,NA,NA,NA,NA,NA,NA,NA
MANAGE_01816,Joint Genome Institute (JGI),DOE Joint Genome Institute  (JGI),NA,United States,WI,43.2958,-89.3799,3,Cropping,18869422,2.830413,0,NA,NA,NA,NA,NA,NA,NA,NA,NA,NA,NA,NA,NA,NA,NA,NA,NA,NA,NA,NA,NA,NA,NA,NA,NA,NA
MANAGE_01817,Joint Genome Institute (JGI),DOE Joint Genome Institute  (JGI),NA,United States,WI,43.3,-89.38,3,Cropping,58538832,8.780824,0,NA,NA,NA,NA,NA,NA,NA,NA,NA,NA,NA,NA,NA,NA,NA,NA,NA,NA,NA,NA,NA,NA,NA,NA,NA,NA
MANAGE_01818,Joint Genome Institute (JGI),DOE Joint Genome Institute  (JGI),NA,United States,WI,43.3,-89.38,3,Cropping,43788936,6.56834,0,NA,NA,NA,NA,NA,NA,NA,NA,NA,NA,NA,NA,NA,NA,NA,NA,NA,NA,NA,NA,NA,NA,NA,NA,NA,NA
MANAGE_01819,Joint Genome Institute (JGI),DOE Joint Genome Institute  (JGI),NA,United States,WI,43.3,-89.38,3,Cropping,25000422,3.750063,0,NA,NA,NA,NA,NA,NA,NA,NA,NA,NA,NA,NA,NA,NA,NA,NA,NA,NA,NA,NA,NA,NA,NA,NA,NA,NA
MANAGE_01820,Joint Genome Institute (JGI),DOE Joint Genome Institute  (JGI),NA,United States,WI,43.3,-89.38,3,Cropping,26955168,4.043275,0,NA,NA,NA,NA,NA,NA,NA,NA,NA,NA,NA,NA,NA,NA,NA,NA,NA,NA,NA,NA,NA,NA,NA,NA,NA,NA
MANAGE_01821,Joint Genome Institute (JGI),DOE Joint Genome Institute  (JGI),NA,United States,WI,43.3,-89.38,3,Cropping,28803836,4.320575,0,NA,NA,NA,NA,NA,NA,NA,NA,NA,NA,NA,NA,NA,NA,NA,NA,NA,NA,NA,NA,NA,NA,NA,NA,NA,NA
MANAGE_01822,Joint Genome Institute (JGI),DOE Joint Genome Institute  (JGI),NA,United States,WI,43.3,-89.38,3,Cropping,28590652,4.288598,0,NA,NA,NA,NA,NA,NA,NA,NA,NA,NA,NA,NA,NA,NA,NA,NA,NA,NA,NA,NA,NA,NA,NA,NA,NA,NA
MANAGE_01823,Joint Genome Institute (JGI),DOE Joint Genome Institute  (JGI),NA,United States,WI,43.3,-89.38,3,Cropping,25377908,3.806686,0,NA,NA,NA,NA,NA,NA,NA,NA,NA,NA,NA,NA,NA,NA,NA,NA,NA,NA,NA,NA,NA,NA,NA,NA,NA,NA
MANAGE_01824,Joint Genome Institute (JGI),DOE Joint Genome Institute  (JGI),NA,United States,WI,43.3,-89.38,3,Cropping,29145220,4.371783,0,NA,NA,NA,NA,NA,NA,NA,NA,NA,NA,NA,NA,NA,NA,NA,NA,NA,NA,NA,NA,NA,NA,NA,NA,NA,NA
MANAGE_01825,Joint Genome Institute (JGI),DOE Joint Genome Institute  (JGI),NA,United States,WI,43.3,-89.38,3,Cropping,29496730,4.42451,0,NA,NA,NA,NA,NA,NA,NA,NA,NA,NA,NA,NA,NA,NA,NA,NA,NA,NA,NA,NA,NA,NA,NA,NA,NA,NA
MANAGE_01826,Joint Genome Institute (JGI),DOE Joint Genome Institute  (JGI),NA,United States,WI,43.3,-89.38,3,Cropping,32634796,4.895219,0,NA,NA,NA,NA,NA,NA,NA,NA,NA,NA,NA,NA,NA,NA,NA,NA,NA,NA,NA,NA,NA,NA,NA,NA,NA,NA
MANAGE_01827,Joint Genome Institute (JGI),DOE Joint Genome Institute  (JGI),NA,United States,WI,43.3,-89.38,3,Cropping,32708156,4.906223,0,NA,NA,NA,NA,NA,NA,NA,NA,NA,NA,NA,NA,NA,NA,NA,NA,NA,NA,NA,NA,NA,NA,NA,NA,NA,NA
MANAGE_01828,Joint Genome Institute (JGI),DOE Joint Genome Institute  (JGI),NA,United States,WI,43.3,-89.38,3,Cropping,23746422,3.561963,0,NA,NA,NA,NA,NA,NA,NA,NA,NA,NA,NA,NA,NA,NA,NA,NA,NA,NA,NA,NA,NA,NA,NA,NA,NA,NA
MANAGE_01829,Joint Genome Institute (JGI),DOE Joint Genome Institute  (JGI),NA,United States,WI,43.3,-89.38,3,Cropping,26528342,3.979251,0,NA,NA,NA,NA,NA,NA,NA,NA,NA,NA,NA,NA,NA,NA,NA,NA,NA,NA,NA,NA,NA,NA,NA,NA,NA,NA
MANAGE_01830,Joint Genome Institute (JGI),DOE Joint Genome Institute  (JGI),NA,United States,WI,43.3,-89.38,3,Cropping,26542924,3.981439,0,NA,NA,NA,NA,NA,NA,NA,NA,NA,NA,NA,NA,NA,NA,NA,NA,NA,NA,NA,NA,NA,NA,NA,NA,NA,NA
MANAGE_01831,Joint Genome Institute (JGI),DOE Joint Genome Institute  (JGI),NA,United States,WI,43.3,-89.38,3,Cropping,30865322,4.629798,0,NA,NA,NA,NA,NA,NA,NA,NA,NA,NA,NA,NA,NA,NA,NA,NA,NA,NA,NA,NA,NA,NA,NA,NA,NA,NA
MANAGE_01832,Joint Genome Institute (JGI),DOE Joint Genome Institute  (JGI),NA,United States,WI,43.3,-89.38,3,Cropping,30421178,4.563177,0,NA,NA,NA,NA,NA,NA,NA,NA,NA,NA,NA,NA,NA,NA,NA,NA,NA,NA,NA,NA,NA,NA,NA,NA,NA,NA
MANAGE_01833,Joint Genome Institute (JGI),DOE Joint Genome Institute  (JGI),NA,United States,WI,43.3,-89.38,3,Cropping,33321882,4.998282,0,NA,NA,NA,NA,NA,NA,NA,NA,NA,NA,NA,NA,NA,NA,NA,NA,NA,NA,NA,NA,NA,NA,NA,NA,NA,NA
MANAGE_01834,Joint Genome Institute (JGI),DOE Joint Genome Institute  (JGI),NA,United States,WI,43.3,-89.38,3,Cropping,32883944,4.932592,0,NA,NA,NA,NA,NA,NA,NA,NA,NA,NA,NA,NA,NA,NA,NA,NA,NA,NA,NA,NA,NA,NA,NA,NA,NA,NA
MANAGE_01835,Joint Genome Institute (JGI),DOE Joint Genome Institute  (JGI),NA,United States,WI,43.3,-89.38,3,Cropping,30992206,4.648831,0,NA,NA,NA,NA,NA,NA,NA,NA,NA,NA,NA,NA,NA,NA,NA,NA,NA,NA,NA,NA,NA,NA,NA,NA,NA,NA
MANAGE_01836,Joint Genome Institute (JGI),DOE Joint Genome Institute  (JGI),NA,United States,WI,43.3,-89.38,3,Cropping,33175292,4.976294,0,NA,NA,NA,NA,NA,NA,NA,NA,NA,NA,NA,NA,NA,NA,NA,NA,NA,NA,NA,NA,NA,NA,NA,NA,NA,NA
MANAGE_01837,Joint Genome Institute (JGI),DOE Joint Genome Institute  (JGI),NA,United States,WI,43.3,-89.38,3,Cropping,33293720,4.994058,0,NA,NA,NA,NA,NA,NA,NA,NA,NA,NA,NA,NA,NA,NA,NA,NA,NA,NA,NA,NA,NA,NA,NA,NA,NA,NA
MANAGE_01838,Joint Genome Institute (JGI),DOE Joint Genome Institute  (JGI),NA,United States,WI,43.3,-89.38,3,Cropping,34783648,5.217547,0,NA,NA,NA,NA,NA,NA,NA,NA,NA,NA,NA,NA,NA,NA,NA,NA,NA,NA,NA,NA,NA,NA,NA,NA,NA,NA
MANAGE_01839,Joint Genome Institute (JGI),DOE Joint Genome Institute  (JGI),NA,United States,WI,43.3,-89.38,3,Cropping,38139036,5.720855,0,NA,NA,NA,NA,NA,NA,NA,NA,NA,NA,NA,NA,NA,NA,NA,NA,NA,NA,NA,NA,NA,NA,NA,NA,NA,NA
MANAGE_01840,Joint Genome Institute (JGI),DOE Joint Genome Institute  (JGI),NA,United States,WI,43.3,-89.38,3,Cropping,35015518,5.252328,0,NA,NA,NA,NA,NA,NA,NA,NA,NA,NA,NA,NA,NA,NA,NA,NA,NA,NA,NA,NA,NA,NA,NA,NA,NA,NA
MANAGE_01841,Joint Genome Institute (JGI),DOE Joint Genome Institute  (JGI),NA,United States,WI,43.3,-89.38,3,Cropping,38626744,5.794012,0,NA,NA,NA,NA,NA,NA,NA,NA,NA,NA,NA,NA,NA,NA,NA,NA,NA,NA,NA,NA,NA,NA,NA,NA,NA,NA
MANAGE_01842,Joint Genome Institute (JGI),DOE Joint Genome Institute  (JGI),NA,United States,WI,43.3,-89.38,3,Cropping,37720438,5.658066,0,NA,NA,NA,NA,NA,NA,NA,NA,NA,NA,NA,NA,NA,NA,NA,NA,NA,NA,NA,NA,NA,NA,NA,NA,NA,NA
MANAGE_01843,Joint Genome Institute (JGI),DOE Joint Genome Institute  (JGI),NA,United States,WI,43.3,-89.38,3,Cropping,36168792,5.425319,0,NA,NA,NA,NA,NA,NA,NA,NA,NA,NA,NA,NA,NA,NA,NA,NA,NA,NA,NA,NA,NA,NA,NA,NA,NA,NA
MANAGE_01844,Joint Genome Institute (JGI),DOE Joint Genome Institute  (JGI),NA,United States,MI,42.4,-85.37,9,Cropping,42125582,6.318837,0,NA,NA,NA,NA,NA,NA,NA,NA,NA,NA,NA,NA,NA,NA,NA,NA,NA,NA,NA,NA,NA,NA,NA,NA,NA,NA
MANAGE_01845,Joint Genome Institute (JGI),DOE Joint Genome Institute  (JGI),NA,United States,MI,42.4,-85.37,9,Cropping,41452060,6.217809,0,NA,NA,NA,NA,NA,NA,NA,NA,NA,NA,NA,NA,NA,NA,NA,NA,NA,NA,NA,NA,NA,NA,NA,NA,NA,NA
MANAGE_01846,Joint Genome Institute (JGI),DOE Joint Genome Institute  (JGI),NA,United States,WI,43.3,-89.38,3,Cropping,44062012,6.609302,0,NA,NA,NA,NA,NA,NA,NA,NA,NA,NA,NA,NA,NA,NA,NA,NA,NA,NA,NA,NA,NA,NA,NA,NA,NA,NA
MANAGE_01847,Joint Genome Institute (JGI),DOE Joint Genome Institute  (JGI),NA,United States,WI,43.3,-89.38,3,Cropping,52974944,7.946242,0,NA,NA,NA,NA,NA,NA,NA,NA,NA,NA,NA,NA,NA,NA,NA,NA,NA,NA,NA,NA,NA,NA,NA,NA,NA,NA
MANAGE_01848,Joint Genome Institute (JGI),DOE Joint Genome Institute  (JGI),NA,United States,WI,43.3,-89.38,3,Cropping,20531350,3.079702,0,NA,NA,NA,NA,NA,NA,NA,NA,NA,NA,NA,NA,NA,NA,NA,NA,NA,NA,NA,NA,NA,NA,NA,NA,NA,NA
MANAGE_01849,Joint Genome Institute (JGI),DOE Joint Genome Institute  (JGI),NA,United States,WI,43.3,-89.38,3,Cropping,22697486,3.404623,0,NA,NA,NA,NA,NA,NA,NA,NA,NA,NA,NA,NA,NA,NA,NA,NA,NA,NA,NA,NA,NA,NA,NA,NA,NA,NA
MANAGE_01850,Joint Genome Institute (JGI),DOE Joint Genome Institute  (JGI),NA,United States,WI,43.3,-89.38,3,Cropping,24728284,3.709243,0,NA,NA,NA,NA,NA,NA,NA,NA,NA,NA,NA,NA,NA,NA,NA,NA,NA,NA,NA,NA,NA,NA,NA,NA,NA,NA
MANAGE_01851,Joint Genome Institute (JGI),DOE Joint Genome Institute  (JGI),NA,United States,WI,43.3,-89.38,3,Cropping,25820880,3.873132,0,NA,NA,NA,NA,NA,NA,NA,NA,NA,NA,NA,NA,NA,NA,NA,NA,NA,NA,NA,NA,NA,NA,NA,NA,NA,NA
MANAGE_01852,Joint Genome Institute (JGI),DOE Joint Genome Institute  (JGI),NA,United States,WI,43.3,-89.38,3,Cropping,26992424,4.048864,0,NA,NA,NA,NA,NA,NA,NA,NA,NA,NA,NA,NA,NA,NA,NA,NA,NA,NA,NA,NA,NA,NA,NA,NA,NA,NA
MANAGE_01853,Joint Genome Institute (JGI),DOE Joint Genome Institute  (JGI),NA,United States,WI,43.3,-89.38,3,Cropping,25981872,3.897281,0,NA,NA,NA,NA,NA,NA,NA,NA,NA,NA,NA,NA,NA,NA,NA,NA,NA,NA,NA,NA,NA,NA,NA,NA,NA,NA
MANAGE_01854,Joint Genome Institute (JGI),DOE Joint Genome Institute  (JGI),NA,United States,WI,43.3,-89.38,3,Cropping,28699350,4.304902,0,NA,NA,NA,NA,NA,NA,NA,NA,NA,NA,NA,NA,NA,NA,NA,NA,NA,NA,NA,NA,NA,NA,NA,NA,NA,NA
MANAGE_01855,Joint Genome Institute (JGI),DOE Joint Genome Institute  (JGI),NA,United States,WI,43.3,-89.38,3,Cropping,32530732,4.87961,0,NA,NA,NA,NA,NA,NA,NA,NA,NA,NA,NA,NA,NA,NA,NA,NA,NA,NA,NA,NA,NA,NA,NA,NA,NA,NA
MANAGE_01856,Joint Genome Institute (JGI),DOE Joint Genome Institute  (JGI),NA,United States,WI,43.3,-89.38,3,Cropping,32523924,4.878589,0,NA,NA,NA,NA,NA,NA,NA,NA,NA,NA,NA,NA,NA,NA,NA,NA,NA,NA,NA,NA,NA,NA,NA,NA,NA,NA
MANAGE_01857,Joint Genome Institute (JGI),DOE Joint Genome Institute  (JGI),NA,United States,WI,43.3,-89.38,3,Cropping,27017922,4.052688,0,NA,NA,NA,NA,NA,NA,NA,NA,NA,NA,NA,NA,NA,NA,NA,NA,NA,NA,NA,NA,NA,NA,NA,NA,NA,NA
MANAGE_01858,Joint Genome Institute (JGI),DOE Joint Genome Institute  (JGI),NA,United States,WI,43.3,-89.38,3,Cropping,29176034,4.376405,0,NA,NA,NA,NA,NA,NA,NA,NA,NA,NA,NA,NA,NA,NA,NA,NA,NA,NA,NA,NA,NA,NA,NA,NA,NA,NA
MANAGE_01859,Joint Genome Institute (JGI),DOE Joint Genome Institute  (JGI),NA,United States,WI,43.3,-89.38,3,Cropping,31528408,4.729261,0,NA,NA,NA,NA,NA,NA,NA,NA,NA,NA,NA,NA,NA,NA,NA,NA,NA,NA,NA,NA,NA,NA,NA,NA,NA,NA
MANAGE_01860,Joint Genome Institute (JGI),DOE Joint Genome Institute  (JGI),NA,United States,WI,43.3,-89.38,3,Cropping,34563260,5.184489,0,NA,NA,NA,NA,NA,NA,NA,NA,NA,NA,NA,NA,NA,NA,NA,NA,NA,NA,NA,NA,NA,NA,NA,NA,NA,NA
MANAGE_01861,Joint Genome Institute (JGI),DOE Joint Genome Institute  (JGI),NA,United States,WI,43.3,-89.38,3,Cropping,29698156,4.454723,0,NA,NA,NA,NA,NA,NA,NA,NA,NA,NA,NA,NA,NA,NA,NA,NA,NA,NA,NA,NA,NA,NA,NA,NA,NA,NA
MANAGE_01862,Joint Genome Institute (JGI),DOE Joint Genome Institute  (JGI),NA,United States,WI,43.3,-89.38,3,Cropping,30973310,4.645996,0,NA,NA,NA,NA,NA,NA,NA,NA,NA,NA,NA,NA,NA,NA,NA,NA,NA,NA,NA,NA,NA,NA,NA,NA,NA,NA
MANAGE_01863,Joint Genome Institute (JGI),DOE Joint Genome Institute  (JGI),NA,United States,WI,43.3,-89.38,3,Cropping,27221242,4.083186,0,NA,NA,NA,NA,NA,NA,NA,NA,NA,NA,NA,NA,NA,NA,NA,NA,NA,NA,NA,NA,NA,NA,NA,NA,NA,NA
MANAGE_01864,Joint Genome Institute (JGI),DOE Joint Genome Institute  (JGI),NA,United States,WI,43.3,-89.38,3,Cropping,32111174,4.816676,0,NA,NA,NA,NA,NA,NA,NA,NA,NA,NA,NA,NA,NA,NA,NA,NA,NA,NA,NA,NA,NA,NA,NA,NA,NA,NA
MANAGE_01865,Joint Genome Institute (JGI),DOE Joint Genome Institute  (JGI),NA,United States,WI,43.3,-89.38,3,Cropping,37312894,5.596934,0,NA,NA,NA,NA,NA,NA,NA,NA,NA,NA,NA,NA,NA,NA,NA,NA,NA,NA,NA,NA,NA,NA,NA,NA,NA,NA
MANAGE_01866,Joint Genome Institute (JGI),DOE Joint Genome Institute  (JGI),NA,United States,WI,43.3,-89.38,3,Cropping,32979374,4.946906,0,NA,NA,NA,NA,NA,NA,NA,NA,NA,NA,NA,NA,NA,NA,NA,NA,NA,NA,NA,NA,NA,NA,NA,NA,NA,NA
MANAGE_01867,Joint Genome Institute (JGI),DOE Joint Genome Institute  (JGI),NA,United States,WI,43.3,-89.38,3,Cropping,33792820,5.068923,0,NA,NA,NA,NA,NA,NA,NA,NA,NA,NA,NA,NA,NA,NA,NA,NA,NA,NA,NA,NA,NA,NA,NA,NA,NA,NA
MANAGE_01868,Joint Genome Institute (JGI),DOE Joint Genome Institute  (JGI),NA,United States,WI,43.3,-89.38,3,Cropping,34511566,5.176735,0,NA,NA,NA,NA,NA,NA,NA,NA,NA,NA,NA,NA,NA,NA,NA,NA,NA,NA,NA,NA,NA,NA,NA,NA,NA,NA
MANAGE_01869,Joint Genome Institute (JGI),DOE Joint Genome Institute  (JGI),NA,United States,WI,43.42,-89.32,3,Cropping,46698822,7.004823,0,NA,NA,NA,NA,NA,NA,NA,NA,NA,NA,NA,NA,NA,NA,NA,NA,NA,NA,NA,NA,NA,NA,NA,NA,NA,NA
MANAGE_01870,Joint Genome Institute (JGI),DOE Joint Genome Institute  (JGI),NA,United States,WI,43.42,-89.32,3,Cropping,48258502,7.238775,0,NA,NA,NA,NA,NA,NA,NA,NA,NA,NA,NA,NA,NA,NA,NA,NA,NA,NA,NA,NA,NA,NA,NA,NA,NA,NA
MANAGE_01871,Joint Genome Institute (JGI),DOE Joint Genome Institute  (JGI),NA,United States,WI,43.42,-89.4,3,Cropping,24302640,3.645396,0,NA,NA,NA,NA,NA,NA,NA,NA,NA,NA,NA,NA,NA,NA,NA,NA,NA,NA,NA,NA,NA,NA,NA,NA,NA,NA
MANAGE_01872,Joint Genome Institute (JGI),DOE Joint Genome Institute  (JGI),NA,United States,WI,43.43,-89.41,3,Cropping,30320120,4.548018,0,NA,NA,NA,NA,NA,NA,NA,NA,NA,NA,NA,NA,NA,NA,NA,NA,NA,NA,NA,NA,NA,NA,NA,NA,NA,NA
MANAGE_01873,Joint Genome Institute (JGI),DOE Joint Genome Institute  (JGI),NA,United States,WI,43.42,-89.4,3,Cropping,30723458,4.608519,0,NA,NA,NA,NA,NA,NA,NA,NA,NA,NA,NA,NA,NA,NA,NA,NA,NA,NA,NA,NA,NA,NA,NA,NA,NA,NA
MANAGE_01874,Joint Genome Institute (JGI),DOE Joint Genome Institute  (JGI),NA,United States,WI,43.43,-89.41,3,Cropping,23478746,3.521812,0,NA,NA,NA,NA,NA,NA,NA,NA,NA,NA,NA,NA,NA,NA,NA,NA,NA,NA,NA,NA,NA,NA,NA,NA,NA,NA
MANAGE_01875,Joint Genome Institute (JGI),DOE Joint Genome Institute  (JGI),NA,United States,WI,43.42,-89.4,3,Cropping,31459214,4.718882,0,NA,NA,NA,NA,NA,NA,NA,NA,NA,NA,NA,NA,NA,NA,NA,NA,NA,NA,NA,NA,NA,NA,NA,NA,NA,NA
MANAGE_01876,Joint Genome Institute (JGI),DOE Joint Genome Institute  (JGI),NA,United States,WI,43.42,-89.4,3,Cropping,28390622,4.258593,0,NA,NA,NA,NA,NA,NA,NA,NA,NA,NA,NA,NA,NA,NA,NA,NA,NA,NA,NA,NA,NA,NA,NA,NA,NA,NA
MANAGE_01877,Joint Genome Institute (JGI),DOE Joint Genome Institute  (JGI),NA,United States,WI,43.42,-89.33,3,Cropping,27295332,4.0943,0,NA,NA,NA,NA,NA,NA,NA,NA,NA,NA,NA,NA,NA,NA,NA,NA,NA,NA,NA,NA,NA,NA,NA,NA,NA,NA
MANAGE_01878,Joint Genome Institute (JGI),DOE Joint Genome Institute  (JGI),NA,United States,WI,43.42,-89.33,3,Cropping,26989690,4.048453,0,NA,NA,NA,NA,NA,NA,NA,NA,NA,NA,NA,NA,NA,NA,NA,NA,NA,NA,NA,NA,NA,NA,NA,NA,NA,NA
MANAGE_01879,Joint Genome Institute (JGI),DOE Joint Genome Institute  (JGI),NA,United States,WI,43.42,-89.33,3,Cropping,29447030,4.417054,0,NA,NA,NA,NA,NA,NA,NA,NA,NA,NA,NA,NA,NA,NA,NA,NA,NA,NA,NA,NA,NA,NA,NA,NA,NA,NA
MANAGE_01880,Joint Genome Institute (JGI),DOE Joint Genome Institute  (JGI),NA,United States,WI,43.43,-89.41,3,Cropping,41868772,6.280316,0,NA,NA,NA,NA,NA,NA,NA,NA,NA,NA,NA,NA,NA,NA,NA,NA,NA,NA,NA,NA,NA,NA,NA,NA,NA,NA
MANAGE_01881,Joint Genome Institute (JGI),DOE Joint Genome Institute  (JGI),NA,United States,WI,43.42,-89.32,3,Cropping,50636054,7.595408,0,NA,NA,NA,NA,NA,NA,NA,NA,NA,NA,NA,NA,NA,NA,NA,NA,NA,NA,NA,NA,NA,NA,NA,NA,NA,NA
MANAGE_01882,Joint Genome Institute (JGI),DOE Joint Genome Institute  (JGI),NA,United States,WI,43.42,-89.33,3,Cropping,46057778,6.908667,0,NA,NA,NA,NA,NA,NA,NA,NA,NA,NA,NA,NA,NA,NA,NA,NA,NA,NA,NA,NA,NA,NA,NA,NA,NA,NA
MANAGE_01883,Joint Genome Institute (JGI),DOE Joint Genome Institute  (JGI),NA,United States,WI,43.42,-89.32,3,Cropping,47787476,7.168121,0,NA,NA,NA,NA,NA,NA,NA,NA,NA,NA,NA,NA,NA,NA,NA,NA,NA,NA,NA,NA,NA,NA,NA,NA,NA,NA
MANAGE_01884,Joint Genome Institute (JGI),DOE Joint Genome Institute  (JGI),NA,United States,WI,43.42,-89.33,3,Cropping,48596860,7.289529,0,NA,NA,NA,NA,NA,NA,NA,NA,NA,NA,NA,NA,NA,NA,NA,NA,NA,NA,NA,NA,NA,NA,NA,NA,NA,NA
MANAGE_01885,Joint Genome Institute (JGI),DOE Joint Genome Institute  (JGI),NA,United States,WI,43.42,-89.32,3,Cropping,55029464,8.25442,0,NA,NA,NA,NA,NA,NA,NA,NA,NA,NA,NA,NA,NA,NA,NA,NA,NA,NA,NA,NA,NA,NA,NA,NA,NA,NA
MANAGE_01886,Joint Genome Institute (JGI),DOE Joint Genome Institute  (JGI),NA,United States,MI,42.4,-85.37,9,Cropping,30681386,4.602208,0,NA,NA,NA,NA,NA,NA,NA,NA,NA,NA,NA,NA,NA,NA,NA,NA,NA,NA,NA,NA,NA,NA,NA,NA,NA,NA
MANAGE_01887,Joint Genome Institute (JGI),DOE Joint Genome Institute  (JGI),NA,United States,WI,43.3,-89.38,3,Cropping,30141352,4.521203,0,NA,NA,NA,NA,NA,NA,NA,NA,NA,NA,NA,NA,NA,NA,NA,NA,NA,NA,NA,NA,NA,NA,NA,NA,NA,NA
MANAGE_01888,Joint Genome Institute (JGI),DOE Joint Genome Institute  (JGI),NA,United States,WI,43.3,-89.38,3,Cropping,26023664,3.90355,0,NA,NA,NA,NA,NA,NA,NA,NA,NA,NA,NA,NA,NA,NA,NA,NA,NA,NA,NA,NA,NA,NA,NA,NA,NA,NA
MANAGE_01889,Joint Genome Institute (JGI),DOE Joint Genome Institute  (JGI),NA,United States,WI,43.3,-89.38,3,Cropping,24477092,3.671564,0,NA,NA,NA,NA,NA,NA,NA,NA,NA,NA,NA,NA,NA,NA,NA,NA,NA,NA,NA,NA,NA,NA,NA,NA,NA,NA
MANAGE_01890,Joint Genome Institute (JGI),DOE Joint Genome Institute  (JGI),NA,United States,WI,43.3,-89.38,3,Cropping,26954950,4.043242,0,NA,NA,NA,NA,NA,NA,NA,NA,NA,NA,NA,NA,NA,NA,NA,NA,NA,NA,NA,NA,NA,NA,NA,NA,NA,NA
MANAGE_01891,Joint Genome Institute (JGI),DOE Joint Genome Institute  (JGI),NA,United States,WI,43.3,-89.38,3,Cropping,26734408,4.010161,0,NA,NA,NA,NA,NA,NA,NA,NA,NA,NA,NA,NA,NA,NA,NA,NA,NA,NA,NA,NA,NA,NA,NA,NA,NA,NA
MANAGE_01892,Joint Genome Institute (JGI),DOE Joint Genome Institute  (JGI),NA,United States,WI,43.3,-89.38,3,Cropping,37349466,5.60242,0,NA,NA,NA,NA,NA,NA,NA,NA,NA,NA,NA,NA,NA,NA,NA,NA,NA,NA,NA,NA,NA,NA,NA,NA,NA,NA
MANAGE_01893,Joint Genome Institute (JGI),DOE Joint Genome Institute  (JGI),NA,United States,MI,42.4,-85.37,9,Cropping,23862548,3.579382,0,NA,NA,NA,NA,NA,NA,NA,NA,NA,NA,NA,NA,NA,NA,NA,NA,NA,NA,NA,NA,NA,NA,NA,NA,NA,NA
MANAGE_01894,Joint Genome Institute (JGI),DOE Joint Genome Institute  (JGI),NA,United States,MI,42.4,-85.37,9,Cropping,27206842,4.081026,0,NA,NA,NA,NA,NA,NA,NA,NA,NA,NA,NA,NA,NA,NA,NA,NA,NA,NA,NA,NA,NA,NA,NA,NA,NA,NA
MANAGE_01895,Joint Genome Institute (JGI),DOE Joint Genome Institute  (JGI),NA,United States,MI,42.4,-85.37,9,Cropping,23571640,3.535746,0,NA,NA,NA,NA,NA,NA,NA,NA,NA,NA,NA,NA,NA,NA,NA,NA,NA,NA,NA,NA,NA,NA,NA,NA,NA,NA
MANAGE_01896,Joint Genome Institute (JGI),DOE Joint Genome Institute  (JGI),NA,United States,MI,42.4,-85.37,9,Cropping,24811186,3.721678,0,NA,NA,NA,NA,NA,NA,NA,NA,NA,NA,NA,NA,NA,NA,NA,NA,NA,NA,NA,NA,NA,NA,NA,NA,NA,NA
MANAGE_01897,Joint Genome Institute (JGI),DOE Joint Genome Institute  (JGI),NA,United States,MI,42.4,-85.37,9,Cropping,26141856,3.921278,0,NA,NA,NA,NA,NA,NA,NA,NA,NA,NA,NA,NA,NA,NA,NA,NA,NA,NA,NA,NA,NA,NA,NA,NA,NA,NA
MANAGE_01898,Joint Genome Institute (JGI),DOE Joint Genome Institute  (JGI),NA,United States,WI,43.56,-89.32,3,Cropping,26613298,3.991995,0,NA,NA,NA,NA,NA,NA,NA,NA,NA,NA,NA,NA,NA,NA,NA,NA,NA,NA,NA,NA,NA,NA,NA,NA,NA,NA
MANAGE_01899,Joint Genome Institute (JGI),DOE Joint Genome Institute  (JGI),NA,United States,WI,43.56,-89.32,3,Cropping,28229412,4.234412,0,NA,NA,NA,NA,NA,NA,NA,NA,NA,NA,NA,NA,NA,NA,NA,NA,NA,NA,NA,NA,NA,NA,NA,NA,NA,NA
MANAGE_01900,Joint Genome Institute (JGI),DOE Joint Genome Institute  (JGI),NA,United States,MI,42.4,-85.37,9,Cropping,29341434,4.401215,0,NA,NA,NA,NA,NA,NA,NA,NA,NA,NA,NA,NA,NA,NA,NA,NA,NA,NA,NA,NA,NA,NA,NA,NA,NA,NA
MANAGE_01901,Joint Genome Institute (JGI),DOE Joint Genome Institute  (JGI),NA,United States,MI,42.4,-85.37,9,Cropping,28008892,4.201334,0,NA,NA,NA,NA,NA,NA,NA,NA,NA,NA,NA,NA,NA,NA,NA,NA,NA,NA,NA,NA,NA,NA,NA,NA,NA,NA
MANAGE_01902,Joint Genome Institute (JGI),DOE Joint Genome Institute  (JGI),NA,United States,MI,42.4,-85.37,9,Cropping,27211518,4.081728,0,NA,NA,NA,NA,NA,NA,NA,NA,NA,NA,NA,NA,NA,NA,NA,NA,NA,NA,NA,NA,NA,NA,NA,NA,NA,NA
MANAGE_01903,Joint Genome Institute (JGI),DOE Joint Genome Institute  (JGI),NA,United States,MI,42.4,-85.37,9,Cropping,30195510,4.529326,0,NA,NA,NA,NA,NA,NA,NA,NA,NA,NA,NA,NA,NA,NA,NA,NA,NA,NA,NA,NA,NA,NA,NA,NA,NA,NA
MANAGE_01904,Joint Genome Institute (JGI),DOE Joint Genome Institute  (JGI),NA,United States,MI,42.4,-85.37,9,Cropping,22585596,3.387839,0,NA,NA,NA,NA,NA,NA,NA,NA,NA,NA,NA,NA,NA,NA,NA,NA,NA,NA,NA,NA,NA,NA,NA,NA,NA,NA
MANAGE_01905,Joint Genome Institute (JGI),DOE Joint Genome Institute  (JGI),NA,United States,MI,42.4,-85.37,9,Cropping,21100482,3.165072,0,NA,NA,NA,NA,NA,NA,NA,NA,NA,NA,NA,NA,NA,NA,NA,NA,NA,NA,NA,NA,NA,NA,NA,NA,NA,NA
MANAGE_01906,Joint Genome Institute (JGI),DOE Joint Genome Institute  (JGI),NA,United States,WI,43.3,-89.38,3,Cropping,22915258,3.437289,0,NA,NA,NA,NA,NA,NA,NA,NA,NA,NA,NA,NA,NA,NA,NA,NA,NA,NA,NA,NA,NA,NA,NA,NA,NA,NA
MANAGE_01907,Joint Genome Institute (JGI),DOE Joint Genome Institute  (JGI),NA,United States,MI,42.4,-85.37,9,Cropping,24995120,3.749268,0,NA,NA,NA,NA,NA,NA,NA,NA,NA,NA,NA,NA,NA,NA,NA,NA,NA,NA,NA,NA,NA,NA,NA,NA,NA,NA
MANAGE_01908,Joint Genome Institute (JGI),DOE Joint Genome Institute  (JGI),NA,United States,WI,43.3,-89.38,3,Cropping,26792682,4.018902,0,NA,NA,NA,NA,NA,NA,NA,NA,NA,NA,NA,NA,NA,NA,NA,NA,NA,NA,NA,NA,NA,NA,NA,NA,NA,NA
MANAGE_01909,Joint Genome Institute (JGI),DOE Joint Genome Institute  (JGI),NA,United States,WI,43.3,-89.38,3,Cropping,26916264,4.03744,0,NA,NA,NA,NA,NA,NA,NA,NA,NA,NA,NA,NA,NA,NA,NA,NA,NA,NA,NA,NA,NA,NA,NA,NA,NA,NA
MANAGE_01910,Joint Genome Institute (JGI),DOE Joint Genome Institute  (JGI),NA,United States,WI,43.3,-89.38,3,Cropping,34738886,5.210833,0,NA,NA,NA,NA,NA,NA,NA,NA,NA,NA,NA,NA,NA,NA,NA,NA,NA,NA,NA,NA,NA,NA,NA,NA,NA,NA
MANAGE_01911,Joint Genome Institute (JGI),DOE Joint Genome Institute  (JGI),NA,United States,WI,43.3,-89.38,3,Cropping,30335764,4.550365,0,NA,NA,NA,NA,NA,NA,NA,NA,NA,NA,NA,NA,NA,NA,NA,NA,NA,NA,NA,NA,NA,NA,NA,NA,NA,NA
MANAGE_01912,Joint Genome Institute (JGI),DOE Joint Genome Institute  (JGI),NA,United States,WI,43.3,-89.38,3,Cropping,30986692,4.648004,0,NA,NA,NA,NA,NA,NA,NA,NA,NA,NA,NA,NA,NA,NA,NA,NA,NA,NA,NA,NA,NA,NA,NA,NA,NA,NA
MANAGE_01913,Joint Genome Institute (JGI),DOE Joint Genome Institute  (JGI),NA,United States,WI,43.3,-89.38,3,Cropping,34926724,5.239009,0,NA,NA,NA,NA,NA,NA,NA,NA,NA,NA,NA,NA,NA,NA,NA,NA,NA,NA,NA,NA,NA,NA,NA,NA,NA,NA
MANAGE_01914,Joint Genome Institute (JGI),DOE Joint Genome Institute  (JGI),NA,United States,WI,43.3,-89.38,3,Cropping,33972228,5.095834,0,NA,NA,NA,NA,NA,NA,NA,NA,NA,NA,NA,NA,NA,NA,NA,NA,NA,NA,NA,NA,NA,NA,NA,NA,NA,NA
MANAGE_01915,Joint Genome Institute (JGI),DOE Joint Genome Institute  (JGI),NA,United States,WI,43.3,-89.38,3,Cropping,42815698,6.422355,0,NA,NA,NA,NA,NA,NA,NA,NA,NA,NA,NA,NA,NA,NA,NA,NA,NA,NA,NA,NA,NA,NA,NA,NA,NA,NA
MANAGE_01916,Joint Genome Institute (JGI),DOE Joint Genome Institute  (JGI),NA,United States,WI,43.3,-89.38,3,Cropping,35554818,5.333223,0,NA,NA,NA,NA,NA,NA,NA,NA,NA,NA,NA,NA,NA,NA,NA,NA,NA,NA,NA,NA,NA,NA,NA,NA,NA,NA
MANAGE_01917,Joint Genome Institute (JGI),DOE Joint Genome Institute  (JGI),NA,United States,WI,43.3,-89.38,3,Cropping,48472792,7.270919,0,NA,NA,NA,NA,NA,NA,NA,NA,NA,NA,NA,NA,NA,NA,NA,NA,NA,NA,NA,NA,NA,NA,NA,NA,NA,NA
MANAGE_01918,Joint Genome Institute (JGI),DOE Joint Genome Institute  (JGI),NA,United States,WI,43.3,-89.38,3,Cropping,21794350,3.269153,0,NA,NA,NA,NA,NA,NA,NA,NA,NA,NA,NA,NA,NA,NA,NA,NA,NA,NA,NA,NA,NA,NA,NA,NA,NA,NA
MANAGE_01919,Joint Genome Institute (JGI),DOE Joint Genome Institute  (JGI),NA,United States,MI,42.4,-85.37,9,Cropping,41936524,6.290478,0,NA,NA,NA,NA,NA,NA,NA,NA,NA,NA,NA,NA,NA,NA,NA,NA,NA,NA,NA,NA,NA,NA,NA,NA,NA,NA
MANAGE_01920,Joint Genome Institute (JGI),DOE Joint Genome Institute  (JGI),NA,United States,MI,42.4,-85.37,9,Cropping,46506012,6.975902,0,NA,NA,NA,NA,NA,NA,NA,NA,NA,NA,NA,NA,NA,NA,NA,NA,NA,NA,NA,NA,NA,NA,NA,NA,NA,NA
MANAGE_01921,Joint Genome Institute (JGI),DOE Joint Genome Institute  (JGI),NA,United States,MI,42.4,-85.37,9,Cropping,53861852,8.079278,0,NA,NA,NA,NA,NA,NA,NA,NA,NA,NA,NA,NA,NA,NA,NA,NA,NA,NA,NA,NA,NA,NA,NA,NA,NA,NA
MANAGE_01922,Joint Genome Institute (JGI),DOE Joint Genome Institute  (JGI),NA,United States,WI,43.3,-89.38,3,Cropping,56176808,8.426522,0,NA,NA,NA,NA,NA,NA,NA,NA,NA,NA,NA,NA,NA,NA,NA,NA,NA,NA,NA,NA,NA,NA,NA,NA,NA,NA
MANAGE_01923,Joint Genome Institute (JGI),DOE Joint Genome Institute  (JGI),NA,United States,WI,43.3,-89.38,3,Cropping,84400364,12.660054,0,NA,NA,NA,NA,NA,NA,NA,NA,NA,NA,NA,NA,NA,NA,NA,NA,NA,NA,NA,NA,NA,NA,NA,NA,NA,NA
MANAGE_01924,Joint Genome Institute (JGI),DOE Joint Genome Institute  (JGI),NA,United States,MI,42.4,-85.37,9,Cropping,49501712,7.425257,0,NA,NA,NA,NA,NA,NA,NA,NA,NA,NA,NA,NA,NA,NA,NA,NA,NA,NA,NA,NA,NA,NA,NA,NA,NA,NA
MANAGE_01925,Joint Genome Institute (JGI),DOE Joint Genome Institute  (JGI),NA,United States,MI,42.4,-85.37,9,Cropping,109788280,16.468242,0,NA,NA,NA,NA,NA,NA,NA,NA,NA,NA,NA,NA,NA,NA,NA,NA,NA,NA,NA,NA,NA,NA,NA,NA,NA,NA
MANAGE_01926,Joint Genome Institute (JGI),DOE Joint Genome Institute  (JGI),NA,United States,WI,43.3,-89.38,3,Cropping,46224952,6.933742,0,NA,NA,NA,NA,NA,NA,NA,NA,NA,NA,NA,NA,NA,NA,NA,NA,NA,NA,NA,NA,NA,NA,NA,NA,NA,NA
MANAGE_01927,Joint Genome Institute (JGI),DOE Joint Genome Institute  (JGI),NA,United States,WI,43.3,-89.38,3,Cropping,22481544,3.372232,0,NA,NA,NA,NA,NA,NA,NA,NA,NA,NA,NA,NA,NA,NA,NA,NA,NA,NA,NA,NA,NA,NA,NA,NA,NA,NA
MANAGE_01928,Joint Genome Institute (JGI),DOE Joint Genome Institute  (JGI),NA,United States,WI,43.3,-89.38,3,Cropping,41382948,6.207442,0,NA,NA,NA,NA,NA,NA,NA,NA,NA,NA,NA,NA,NA,NA,NA,NA,NA,NA,NA,NA,NA,NA,NA,NA,NA,NA
MANAGE_01929,Joint Genome Institute (JGI),DOE Joint Genome Institute  (JGI),NA,United States,WI,43.3,-89.38,3,Cropping,49838424,7.475764,0,NA,NA,NA,NA,NA,NA,NA,NA,NA,NA,NA,NA,NA,NA,NA,NA,NA,NA,NA,NA,NA,NA,NA,NA,NA,NA
MANAGE_01930,Joint Genome Institute (JGI),DOE Joint Genome Institute  (JGI),NA,United States,WI,43.3,-89.38,3,Cropping,49544676,7.431702,0,NA,NA,NA,NA,NA,NA,NA,NA,NA,NA,NA,NA,NA,NA,NA,NA,NA,NA,NA,NA,NA,NA,NA,NA,NA,NA
MANAGE_01931,Joint Genome Institute (JGI),DOE Joint Genome Institute  (JGI),NA,United States,WI,43.3,-89.38,3,Cropping,53221812,7.983272,0,NA,NA,NA,NA,NA,NA,NA,NA,NA,NA,NA,NA,NA,NA,NA,NA,NA,NA,NA,NA,NA,NA,NA,NA,NA,NA
MANAGE_01932,Joint Genome Institute (JGI),DOE Joint Genome Institute  (JGI),NA,United States,WI,43.3,-89.38,3,Cropping,58147488,8.722124,0,NA,NA,NA,NA,NA,NA,NA,NA,NA,NA,NA,NA,NA,NA,NA,NA,NA,NA,NA,NA,NA,NA,NA,NA,NA,NA
MANAGE_01933,Joint Genome Institute (JGI),DOE Joint Genome Institute  (JGI),NA,United States,WI,43.3,-89.38,3,Cropping,53879832,8.081974,0,NA,NA,NA,NA,NA,NA,NA,NA,NA,NA,NA,NA,NA,NA,NA,NA,NA,NA,NA,NA,NA,NA,NA,NA,NA,NA
MANAGE_01934,Joint Genome Institute (JGI),DOE Joint Genome Institute  (JGI),NA,United States,WI,43.3,-89.38,3,Cropping,66474796,9.97122,0,NA,NA,NA,NA,NA,NA,NA,NA,NA,NA,NA,NA,NA,NA,NA,NA,NA,NA,NA,NA,NA,NA,NA,NA,NA,NA
MANAGE_01935,Joint Genome Institute (JGI),DOE Joint Genome Institute  (JGI),NA,United States,WI,43.3,-89.38,3,Cropping,43813950,6.572093,0,NA,NA,NA,NA,NA,NA,NA,NA,NA,NA,NA,NA,NA,NA,NA,NA,NA,NA,NA,NA,NA,NA,NA,NA,NA,NA
MANAGE_01936,Joint Genome Institute (JGI),DOE Joint Genome Institute  (JGI),NA,United States,WI,43.3,-89.38,3,Cropping,114427824,17.164174,0,NA,NA,NA,NA,NA,NA,NA,NA,NA,NA,NA,NA,NA,NA,NA,NA,NA,NA,NA,NA,NA,NA,NA,NA,NA,NA
MANAGE_01937,Joint Genome Institute (JGI),DOE Joint Genome Institute  (JGI),NA,United States,WI,43.3,-89.38,3,Cropping,26904432,4.035665,0,NA,NA,NA,NA,NA,NA,NA,NA,NA,NA,NA,NA,NA,NA,NA,NA,NA,NA,NA,NA,NA,NA,NA,NA,NA,NA
MANAGE_01938,Joint Genome Institute (JGI),DOE Joint Genome Institute  (JGI),NA,United States,WI,43.3,-89.38,3,Cropping,52676896,7.901534,0,NA,NA,NA,NA,NA,NA,NA,NA,NA,NA,NA,NA,NA,NA,NA,NA,NA,NA,NA,NA,NA,NA,NA,NA,NA,NA
MANAGE_01939,Joint Genome Institute (JGI),DOE Joint Genome Institute  (JGI),NA,United States,WI,43.3,-89.38,3,Cropping,49886808,7.483022,0,NA,NA,NA,NA,NA,NA,NA,NA,NA,NA,NA,NA,NA,NA,NA,NA,NA,NA,NA,NA,NA,NA,NA,NA,NA,NA
MANAGE_01940,Joint Genome Institute (JGI),DOE Joint Genome Institute  (JGI),NA,United States,WI,43.3,-89.38,3,Cropping,81948664,12.2923,0,NA,NA,NA,NA,NA,NA,NA,NA,NA,NA,NA,NA,NA,NA,NA,NA,NA,NA,NA,NA,NA,NA,NA,NA,NA,NA
MANAGE_01941,Joint Genome Institute (JGI),DOE Joint Genome Institute  (JGI),NA,United States,WI,43.3,-89.38,3,Cropping,52487588,7.873138,0,NA,NA,NA,NA,NA,NA,NA,NA,NA,NA,NA,NA,NA,NA,NA,NA,NA,NA,NA,NA,NA,NA,NA,NA,NA,NA
MANAGE_01942,Joint Genome Institute (JGI),DOE Joint Genome Institute  (JGI),NA,United States,WI,43.3,-89.38,3,Cropping,51513176,7.726976,0,NA,NA,NA,NA,NA,NA,NA,NA,NA,NA,NA,NA,NA,NA,NA,NA,NA,NA,NA,NA,NA,NA,NA,NA,NA,NA
MANAGE_01943,Joint Genome Institute (JGI),DOE Joint Genome Institute  (JGI),NA,United States,WI,43.3,-89.38,3,Cropping,57641660,8.646248,0,NA,NA,NA,NA,NA,NA,NA,NA,NA,NA,NA,NA,NA,NA,NA,NA,NA,NA,NA,NA,NA,NA,NA,NA,NA,NA
MANAGE_01944,Joint Genome Institute (JGI),DOE Joint Genome Institute  (JGI),NA,United States,WI,43.3,-89.38,3,Cropping,52006236,7.800936,0,NA,NA,NA,NA,NA,NA,NA,NA,NA,NA,NA,NA,NA,NA,NA,NA,NA,NA,NA,NA,NA,NA,NA,NA,NA,NA
MANAGE_01945,Joint Genome Institute (JGI),DOE Joint Genome Institute  (JGI),NA,United States,WI,43.3,-89.38,3,Cropping,53288664,7.9933,0,NA,NA,NA,NA,NA,NA,NA,NA,NA,NA,NA,NA,NA,NA,NA,NA,NA,NA,NA,NA,NA,NA,NA,NA,NA,NA
MANAGE_01946,Joint Genome Institute (JGI),DOE Joint Genome Institute  (JGI),NA,United States,WI,43.3,-89.38,3,Cropping,77541044,11.631156,0,NA,NA,NA,NA,NA,NA,NA,NA,NA,NA,NA,NA,NA,NA,NA,NA,NA,NA,NA,NA,NA,NA,NA,NA,NA,NA
MANAGE_01947,Joint Genome Institute (JGI),DOE Joint Genome Institute  (JGI),NA,United States,WI,43.3,-89.38,3,Cropping,50489072,7.57336,0,NA,NA,NA,NA,NA,NA,NA,NA,NA,NA,NA,NA,NA,NA,NA,NA,NA,NA,NA,NA,NA,NA,NA,NA,NA,NA
MANAGE_01948,Joint Genome Institute (JGI),DOE Joint Genome Institute  (JGI),NA,United States,WI,43.3,-89.38,3,Cropping,55622768,8.343416,0,NA,NA,NA,NA,NA,NA,NA,NA,NA,NA,NA,NA,NA,NA,NA,NA,NA,NA,NA,NA,NA,NA,NA,NA,NA,NA
MANAGE_01949,Joint Genome Institute (JGI),DOE Joint Genome Institute  (JGI),NA,United States,WI,43.3,-89.38,3,Cropping,21055620,3.158343,0,NA,NA,NA,NA,NA,NA,NA,NA,NA,NA,NA,NA,NA,NA,NA,NA,NA,NA,NA,NA,NA,NA,NA,NA,NA,NA
MANAGE_01950,Joint Genome Institute (JGI),DOE Joint Genome Institute  (JGI),NA,United States,WI,43.3,-89.38,3,Cropping,48436140,7.26542,0,NA,NA,NA,NA,NA,NA,NA,NA,NA,NA,NA,NA,NA,NA,NA,NA,NA,NA,NA,NA,NA,NA,NA,NA,NA,NA
MANAGE_01951,Joint Genome Institute (JGI),DOE Joint Genome Institute  (JGI),NA,United States,WI,43.3,-89.38,3,Cropping,53922860,8.088428,0,NA,NA,NA,NA,NA,NA,NA,NA,NA,NA,NA,NA,NA,NA,NA,NA,NA,NA,NA,NA,NA,NA,NA,NA,NA,NA
MANAGE_01952,Joint Genome Institute (JGI),DOE Joint Genome Institute  (JGI),NA,United States,WI,43.3,-89.38,3,Cropping,55658132,8.34872,0,NA,NA,NA,NA,NA,NA,NA,NA,NA,NA,NA,NA,NA,NA,NA,NA,NA,NA,NA,NA,NA,NA,NA,NA,NA,NA
MANAGE_01953,Joint Genome Institute (JGI),DOE Joint Genome Institute  (JGI),NA,United States,WI,43.3,-89.38,3,Cropping,28003414,4.200512,0,NA,NA,NA,NA,NA,NA,NA,NA,NA,NA,NA,NA,NA,NA,NA,NA,NA,NA,NA,NA,NA,NA,NA,NA,NA,NA
MANAGE_01954,Joint Genome Institute (JGI),DOE Joint Genome Institute  (JGI),NA,United States,WI,43.3,-89.38,3,Cropping,42766396,6.41496,0,NA,NA,NA,NA,NA,NA,NA,NA,NA,NA,NA,NA,NA,NA,NA,NA,NA,NA,NA,NA,NA,NA,NA,NA,NA,NA
MANAGE_01955,Joint Genome Institute (JGI),DOE Joint Genome Institute  (JGI),NA,United States,WI,43.3,-89.38,3,Cropping,48772972,7.315946,0,NA,NA,NA,NA,NA,NA,NA,NA,NA,NA,NA,NA,NA,NA,NA,NA,NA,NA,NA,NA,NA,NA,NA,NA,NA,NA
MANAGE_01956,Joint Genome Institute (JGI),DOE Joint Genome Institute  (JGI),NA,United States,WI,43.3,-89.38,3,Cropping,52731608,7.909742,0,NA,NA,NA,NA,NA,NA,NA,NA,NA,NA,NA,NA,NA,NA,NA,NA,NA,NA,NA,NA,NA,NA,NA,NA,NA,NA
MANAGE_01957,Joint Genome Institute (JGI),DOE Joint Genome Institute  (JGI),NA,United States,WI,43.3,-89.38,3,Cropping,57836732,8.67551,0,NA,NA,NA,NA,NA,NA,NA,NA,NA,NA,NA,NA,NA,NA,NA,NA,NA,NA,NA,NA,NA,NA,NA,NA,NA,NA
MANAGE_01958,Joint Genome Institute (JGI),DOE Joint Genome Institute  (JGI),NA,United States,WI,43.3,-89.38,3,Cropping,54486144,8.172922,0,NA,NA,NA,NA,NA,NA,NA,NA,NA,NA,NA,NA,NA,NA,NA,NA,NA,NA,NA,NA,NA,NA,NA,NA,NA,NA
MANAGE_01959,Joint Genome Institute (JGI),DOE Joint Genome Institute  (JGI),NA,United States,WI,43.3,-89.38,3,Cropping,54235104,8.135266,0,NA,NA,NA,NA,NA,NA,NA,NA,NA,NA,NA,NA,NA,NA,NA,NA,NA,NA,NA,NA,NA,NA,NA,NA,NA,NA
MANAGE_01960,Joint Genome Institute (JGI),DOE Joint Genome Institute  (JGI),NA,United States,WI,43.3,-89.38,3,Cropping,58455248,8.768288,0,NA,NA,NA,NA,NA,NA,NA,NA,NA,NA,NA,NA,NA,NA,NA,NA,NA,NA,NA,NA,NA,NA,NA,NA,NA,NA
MANAGE_01961,Joint Genome Institute (JGI),DOE Joint Genome Institute  (JGI),NA,United States,WI,43.3,-89.38,3,Cropping,62421272,9.36319,0,NA,NA,NA,NA,NA,NA,NA,NA,NA,NA,NA,NA,NA,NA,NA,NA,NA,NA,NA,NA,NA,NA,NA,NA,NA,NA
MANAGE_01962,Joint Genome Institute (JGI),DOE Joint Genome Institute  (JGI),NA,United States,WI,43.3,-89.38,3,Cropping,24506388,3.675958,0,NA,NA,NA,NA,NA,NA,NA,NA,NA,NA,NA,NA,NA,NA,NA,NA,NA,NA,NA,NA,NA,NA,NA,NA,NA,NA
MANAGE_01963,Joint Genome Institute (JGI),DOE Joint Genome Institute  (JGI),NA,United States,WI,43.3,-89.38,3,Cropping,55872668,8.3809,0,NA,NA,NA,NA,NA,NA,NA,NA,NA,NA,NA,NA,NA,NA,NA,NA,NA,NA,NA,NA,NA,NA,NA,NA,NA,NA
MANAGE_01964,Joint Genome Institute (JGI),DOE Joint Genome Institute  (JGI),NA,United States,WI,43.3,-89.38,3,Cropping,58839204,8.82588,0,NA,NA,NA,NA,NA,NA,NA,NA,NA,NA,NA,NA,NA,NA,NA,NA,NA,NA,NA,NA,NA,NA,NA,NA,NA,NA
MANAGE_01965,Joint Genome Institute (JGI),DOE Joint Genome Institute  (JGI),NA,United States,WI,43.3,-89.38,3,Cropping,59343368,8.901506,0,NA,NA,NA,NA,NA,NA,NA,NA,NA,NA,NA,NA,NA,NA,NA,NA,NA,NA,NA,NA,NA,NA,NA,NA,NA,NA
MANAGE_01966,Joint Genome Institute (JGI),DOE Joint Genome Institute  (JGI),NA,United States,WI,43.3,-89.38,3,Cropping,65888372,9.883256,0,NA,NA,NA,NA,NA,NA,NA,NA,NA,NA,NA,NA,NA,NA,NA,NA,NA,NA,NA,NA,NA,NA,NA,NA,NA,NA
MANAGE_01967,Joint Genome Institute (JGI),DOE Joint Genome Institute  (JGI),NA,United States,WI,43.3,-89.38,3,Cropping,63905236,9.585786,0,NA,NA,NA,NA,NA,NA,NA,NA,NA,NA,NA,NA,NA,NA,NA,NA,NA,NA,NA,NA,NA,NA,NA,NA,NA,NA
MANAGE_01968,Joint Genome Institute (JGI),DOE Joint Genome Institute  (JGI),NA,United States,WI,43.3,-89.38,3,Cropping,70029720,10.504458,0,NA,NA,NA,NA,NA,NA,NA,NA,NA,NA,NA,NA,NA,NA,NA,NA,NA,NA,NA,NA,NA,NA,NA,NA,NA,NA
MANAGE_01969,Joint Genome Institute (JGI),DOE Joint Genome Institute  (JGI),NA,United States,WI,43.3,-89.38,3,Cropping,52494324,7.874148,0,NA,NA,NA,NA,NA,NA,NA,NA,NA,NA,NA,NA,NA,NA,NA,NA,NA,NA,NA,NA,NA,NA,NA,NA,NA,NA
MANAGE_01970,Joint Genome Institute (JGI),DOE Joint Genome Institute  (JGI),NA,United States,WI,43.3,-89.38,3,Cropping,31732744,4.759912,0,NA,NA,NA,NA,NA,NA,NA,NA,NA,NA,NA,NA,NA,NA,NA,NA,NA,NA,NA,NA,NA,NA,NA,NA,NA,NA
MANAGE_01971,Joint Genome Institute (JGI),DOE Joint Genome Institute  (JGI),NA,United States,WI,43.3,-89.38,3,Cropping,63646068,9.54691,0,NA,NA,NA,NA,NA,NA,NA,NA,NA,NA,NA,NA,NA,NA,NA,NA,NA,NA,NA,NA,NA,NA,NA,NA,NA,NA
MANAGE_01972,Joint Genome Institute (JGI),DOE Joint Genome Institute  (JGI),NA,United States,WI,43.3,-89.38,3,Cropping,55156840,8.273526,0,NA,NA,NA,NA,NA,NA,NA,NA,NA,NA,NA,NA,NA,NA,NA,NA,NA,NA,NA,NA,NA,NA,NA,NA,NA,NA
MANAGE_01973,Joint Genome Institute (JGI),DOE Joint Genome Institute  (JGI),NA,United States,WI,43.3,-89.38,3,Cropping,54315768,8.147366,0,NA,NA,NA,NA,NA,NA,NA,NA,NA,NA,NA,NA,NA,NA,NA,NA,NA,NA,NA,NA,NA,NA,NA,NA,NA,NA
MANAGE_01974,Joint Genome Institute (JGI),DOE Joint Genome Institute  (JGI),NA,United States,WI,43.3,-89.38,3,Cropping,19806082,2.970912,0,NA,NA,NA,NA,NA,NA,NA,NA,NA,NA,NA,NA,NA,NA,NA,NA,NA,NA,NA,NA,NA,NA,NA,NA,NA,NA
MANAGE_01975,Joint Genome Institute (JGI),DOE Joint Genome Institute  (JGI),NA,United States,WI,43.3,-89.38,3,Cropping,47492868,7.12393,0,NA,NA,NA,NA,NA,NA,NA,NA,NA,NA,NA,NA,NA,NA,NA,NA,NA,NA,NA,NA,NA,NA,NA,NA,NA,NA
MANAGE_01976,Joint Genome Institute (JGI),DOE Joint Genome Institute  (JGI),NA,United States,WI,43.3,-89.38,3,Cropping,62665480,9.399822,0,NA,NA,NA,NA,NA,NA,NA,NA,NA,NA,NA,NA,NA,NA,NA,NA,NA,NA,NA,NA,NA,NA,NA,NA,NA,NA
MANAGE_01977,Joint Genome Institute (JGI),DOE Joint Genome Institute  (JGI),NA,United States,WI,43.3,-89.38,3,Cropping,81617232,12.242584,0,NA,NA,NA,NA,NA,NA,NA,NA,NA,NA,NA,NA,NA,NA,NA,NA,NA,NA,NA,NA,NA,NA,NA,NA,NA,NA
MANAGE_01978,Joint Genome Institute (JGI),DOE Joint Genome Institute  (JGI),NA,United States,WI,43.3,-89.38,3,Cropping,55825272,8.37379,0,NA,NA,NA,NA,NA,NA,NA,NA,NA,NA,NA,NA,NA,NA,NA,NA,NA,NA,NA,NA,NA,NA,NA,NA,NA,NA
MANAGE_01979,Joint Genome Institute (JGI),DOE Joint Genome Institute  (JGI),NA,United States,WI,43.3,-89.38,3,Cropping,62869856,9.430478,0,NA,NA,NA,NA,NA,NA,NA,NA,NA,NA,NA,NA,NA,NA,NA,NA,NA,NA,NA,NA,NA,NA,NA,NA,NA,NA
MANAGE_01980,Joint Genome Institute (JGI),DOE Joint Genome Institute  (JGI),NA,United States,WI,43.3,-89.38,3,Cropping,66086684,9.913002,0,NA,NA,NA,NA,NA,NA,NA,NA,NA,NA,NA,NA,NA,NA,NA,NA,NA,NA,NA,NA,NA,NA,NA,NA,NA,NA
MANAGE_01981,Joint Genome Institute (JGI),DOE Joint Genome Institute  (JGI),NA,United States,WI,43.3,-89.38,3,Cropping,46054544,6.908182,0,NA,NA,NA,NA,NA,NA,NA,NA,NA,NA,NA,NA,NA,NA,NA,NA,NA,NA,NA,NA,NA,NA,NA,NA,NA,NA
MANAGE_01982,Joint Genome Institute (JGI),DOE Joint Genome Institute  (JGI),NA,United States,WI,43.3,-89.38,3,Cropping,52740468,7.91107,0,NA,NA,NA,NA,NA,NA,NA,NA,NA,NA,NA,NA,NA,NA,NA,NA,NA,NA,NA,NA,NA,NA,NA,NA,NA,NA
MANAGE_01983,Joint Genome Institute (JGI),DOE Joint Genome Institute  (JGI),NA,United States,WI,43.3,-89.38,3,Cropping,55474972,8.321246,0,NA,NA,NA,NA,NA,NA,NA,NA,NA,NA,NA,NA,NA,NA,NA,NA,NA,NA,NA,NA,NA,NA,NA,NA,NA,NA
MANAGE_01984,Joint Genome Institute (JGI),DOE Joint Genome Institute  (JGI),NA,United States,WI,43.3,-89.38,3,Cropping,69867456,10.480118,0,NA,NA,NA,NA,NA,NA,NA,NA,NA,NA,NA,NA,NA,NA,NA,NA,NA,NA,NA,NA,NA,NA,NA,NA,NA,NA
MANAGE_01985,Joint Genome Institute (JGI),DOE Joint Genome Institute  (JGI),NA,United States,WI,43.3,-89.38,3,Cropping,35763002,5.36445,0,NA,NA,NA,NA,NA,NA,NA,NA,NA,NA,NA,NA,NA,NA,NA,NA,NA,NA,NA,NA,NA,NA,NA,NA,NA,NA
MANAGE_01986,Joint Genome Institute (JGI),DOE Joint Genome Institute  (JGI),NA,United States,WI,43.3,-89.38,3,Cropping,70719272,10.60789,0,NA,NA,NA,NA,NA,NA,NA,NA,NA,NA,NA,NA,NA,NA,NA,NA,NA,NA,NA,NA,NA,NA,NA,NA,NA,NA
MANAGE_01987,Joint Genome Institute (JGI),DOE Joint Genome Institute  (JGI),NA,United States,WI,43.3,-89.38,3,Cropping,46498964,6.974844,0,NA,NA,NA,NA,NA,NA,NA,NA,NA,NA,NA,NA,NA,NA,NA,NA,NA,NA,NA,NA,NA,NA,NA,NA,NA,NA
MANAGE_01988,Joint Genome Institute (JGI),DOE Joint Genome Institute  (JGI),NA,United States,WI,43.3,-89.38,3,Cropping,58897984,8.834698,0,NA,NA,NA,NA,NA,NA,NA,NA,NA,NA,NA,NA,NA,NA,NA,NA,NA,NA,NA,NA,NA,NA,NA,NA,NA,NA
MANAGE_01989,Joint Genome Institute (JGI),DOE Joint Genome Institute  (JGI),NA,United States,WI,43.3,-89.38,3,Cropping,49056548,7.358482,0,NA,NA,NA,NA,NA,NA,NA,NA,NA,NA,NA,NA,NA,NA,NA,NA,NA,NA,NA,NA,NA,NA,NA,NA,NA,NA
MANAGE_01990,Joint Genome Institute (JGI),DOE Joint Genome Institute  (JGI),NA,United States,WI,43.3,-89.38,3,Cropping,54654348,8.198152,0,NA,NA,NA,NA,NA,NA,NA,NA,NA,NA,NA,NA,NA,NA,NA,NA,NA,NA,NA,NA,NA,NA,NA,NA,NA,NA
MANAGE_01991,Joint Genome Institute (JGI),DOE Joint Genome Institute  (JGI),NA,United States,WI,43.3,-89.38,3,Cropping,109269488,16.499693,0,NA,NA,NA,NA,NA,NA,NA,NA,NA,NA,NA,NA,NA,NA,NA,NA,NA,NA,NA,NA,NA,NA,NA,NA,NA,NA
MANAGE_01992,Joint Genome Institute (JGI),DOE Joint Genome Institute  (JGI),NA,United States,WI,43.3,-89.38,3,Cropping,120782706,18.238188,1,NA,NA,NA,NA,NA,NA,NA,NA,NA,NA,NA,NA,NA,NA,NA,NA,NA,NA,NA,NA,NA,NA,NA,NA,NA,NA
MANAGE_01993,Joint Genome Institute (JGI),DOE Joint Genome Institute  (JGI),NA,United States,WI,43.3,-89.38,3,Cropping,122722508,18.531099,0,NA,NA,NA,NA,NA,NA,NA,NA,NA,NA,NA,NA,NA,NA,NA,NA,NA,NA,NA,NA,NA,NA,NA,NA,NA,NA
MANAGE_01994,Joint Genome Institute (JGI),DOE Joint Genome Institute  (JGI),NA,United States,WI,43.3,-89.38,3,Cropping,60902864,9.196332,0,NA,NA,NA,NA,NA,NA,NA,NA,NA,NA,NA,NA,NA,NA,NA,NA,NA,NA,NA,NA,NA,NA,NA,NA,NA,NA
MANAGE_01995,Joint Genome Institute (JGI),DOE Joint Genome Institute  (JGI),NA,United States,WI,43.3,-89.38,3,Cropping,145877252,22.027465,1,NA,NA,NA,NA,NA,NA,NA,NA,NA,NA,NA,NA,NA,NA,NA,NA,NA,NA,NA,NA,NA,NA,NA,NA,NA,NA
MANAGE_01996,Joint Genome Institute (JGI),DOE Joint Genome Institute  (JGI),NA,United States,WI,43.3,-89.38,3,Cropping,64830184,9.789358,3,NA,NA,NA,NA,NA,NA,NA,NA,NA,NA,NA,NA,NA,NA,NA,NA,NA,NA,NA,NA,NA,NA,NA,NA,NA,NA
MANAGE_01997,Joint Genome Institute (JGI),DOE Joint Genome Institute  (JGI),NA,United States,WI,43.3,-89.38,3,Cropping,68196384,10.297654,0,NA,NA,NA,NA,NA,NA,NA,NA,NA,NA,NA,NA,NA,NA,NA,NA,NA,NA,NA,NA,NA,NA,NA,NA,NA,NA
MANAGE_01998,Joint Genome Institute (JGI),DOE Joint Genome Institute  (JGI),NA,United States,WI,43.3,-89.38,3,Cropping,59184920,8.936923,1,NA,NA,NA,NA,NA,NA,NA,NA,NA,NA,NA,NA,NA,NA,NA,NA,NA,NA,NA,NA,NA,NA,NA,NA,NA,NA
MANAGE_01999,Joint Genome Institute (JGI),DOE Joint Genome Institute  (JGI),NA,United States,WI,43.3,-89.38,3,Cropping,68154712,10.291362,0,NA,NA,NA,NA,NA,NA,NA,NA,NA,NA,NA,NA,NA,NA,NA,NA,NA,NA,NA,NA,NA,NA,NA,NA,NA,NA
MANAGE_02000,Joint Genome Institute (JGI),DOE Joint Genome Institute  (JGI),NA,United States,WI,43.3,-89.38,3,Cropping,68405638,10.329251,2,NA,NA,NA,NA,NA,NA,NA,NA,NA,NA,NA,NA,NA,NA,NA,NA,NA,NA,NA,NA,NA,NA,NA,NA,NA,NA
MANAGE_02001,Joint Genome Institute (JGI),DOE Joint Genome Institute  (JGI),NA,United States,WI,43.3,-89.38,3,Cropping,72339946,10.923332,0,NA,NA,NA,NA,NA,NA,NA,NA,NA,NA,NA,NA,NA,NA,NA,NA,NA,NA,NA,NA,NA,NA,NA,NA,NA,NA
MANAGE_02002,Joint Genome Institute (JGI),DOE Joint Genome Institute  (JGI),NA,United States,WI,43.3,-89.38,3,Cropping,72332772,10.922249,0,NA,NA,NA,NA,NA,NA,NA,NA,NA,NA,NA,NA,NA,NA,NA,NA,NA,NA,NA,NA,NA,NA,NA,NA,NA,NA
MANAGE_02003,Joint Genome Institute (JGI),DOE Joint Genome Institute  (JGI),NA,United States,WI,43.3,-89.38,3,Cropping,71858264,10.850598,0,NA,NA,NA,NA,NA,NA,NA,NA,NA,NA,NA,NA,NA,NA,NA,NA,NA,NA,NA,NA,NA,NA,NA,NA,NA,NA
MANAGE_02004,Joint Genome Institute (JGI),DOE Joint Genome Institute  (JGI),NA,United States,WI,43.3,-89.38,3,Cropping,73257010,11.061809,0,NA,NA,NA,NA,NA,NA,NA,NA,NA,NA,NA,NA,NA,NA,NA,NA,NA,NA,NA,NA,NA,NA,NA,NA,NA,NA
MANAGE_02005,Joint Genome Institute (JGI),DOE Joint Genome Institute  (JGI),NA,United States,WI,43.3,-89.38,3,Cropping,73766462,11.138736,1,NA,NA,NA,NA,NA,NA,NA,NA,NA,NA,NA,NA,NA,NA,NA,NA,NA,NA,NA,NA,NA,NA,NA,NA,NA,NA
MANAGE_02006,Joint Genome Institute (JGI),DOE Joint Genome Institute  (JGI),NA,United States,WI,43.3,-89.38,3,Cropping,76684240,11.57932,0,NA,NA,NA,NA,NA,NA,NA,NA,NA,NA,NA,NA,NA,NA,NA,NA,NA,NA,NA,NA,NA,NA,NA,NA,NA,NA
MANAGE_02007,Joint Genome Institute (JGI),DOE Joint Genome Institute  (JGI),NA,United States,WI,43.3,-89.38,3,Cropping,76077434,11.487693,1,NA,NA,NA,NA,NA,NA,NA,NA,NA,NA,NA,NA,NA,NA,NA,NA,NA,NA,NA,NA,NA,NA,NA,NA,NA,NA
MANAGE_02008,Joint Genome Institute (JGI),DOE Joint Genome Institute  (JGI),NA,United States,WI,43.3,-89.38,3,Cropping,80858240,12.209594,0,NA,NA,NA,NA,NA,NA,NA,NA,NA,NA,NA,NA,NA,NA,NA,NA,NA,NA,NA,NA,NA,NA,NA,NA,NA,NA
MANAGE_02009,Joint Genome Institute (JGI),DOE Joint Genome Institute  (JGI),NA,United States,WI,43.3,-89.38,3,Cropping,86171042,13.011827,1,NA,NA,NA,NA,NA,NA,NA,NA,NA,NA,NA,NA,NA,NA,NA,NA,NA,NA,NA,NA,NA,NA,NA,NA,NA,NA
MANAGE_02010,Joint Genome Institute (JGI),DOE Joint Genome Institute  (JGI),NA,United States,WI,43.3,-89.38,3,Cropping,89932358,13.579786,1,NA,NA,NA,NA,NA,NA,NA,NA,NA,NA,NA,NA,NA,NA,NA,NA,NA,NA,NA,NA,NA,NA,NA,NA,NA,NA
MANAGE_02011,Joint Genome Institute (JGI),DOE Joint Genome Institute  (JGI),NA,United States,WI,43.3,-89.38,3,Cropping,81407340,12.292508,0,NA,NA,NA,NA,NA,NA,NA,NA,NA,NA,NA,NA,NA,NA,NA,NA,NA,NA,NA,NA,NA,NA,NA,NA,NA,NA
MANAGE_02012,Joint Genome Institute (JGI),DOE Joint Genome Institute  (JGI),NA,United States,WI,43.3,-89.38,3,Cropping,91741958,13.853036,2,NA,NA,NA,NA,NA,NA,NA,NA,NA,NA,NA,NA,NA,NA,NA,NA,NA,NA,NA,NA,NA,NA,NA,NA,NA,NA
MANAGE_02013,Joint Genome Institute (JGI),DOE Joint Genome Institute  (JGI),NA,United States,WI,43.3,-89.38,3,Cropping,91320464,13.78939,0,NA,NA,NA,NA,NA,NA,NA,NA,NA,NA,NA,NA,NA,NA,NA,NA,NA,NA,NA,NA,NA,NA,NA,NA,NA,NA
MANAGE_02014,Joint Genome Institute (JGI),DOE Joint Genome Institute  (JGI),NA,United States,WI,43.3,-89.38,3,Cropping,135180442,20.412247,0,NA,NA,NA,NA,NA,NA,NA,NA,NA,NA,NA,NA,NA,NA,NA,NA,NA,NA,NA,NA,NA,NA,NA,NA,NA,NA
MANAGE_02015,Joint Genome Institute (JGI),DOE Joint Genome Institute  (JGI),NA,United States,WI,43.3,-89.38,3,Cropping,135180442,20.412247,0,NA,NA,NA,NA,NA,NA,NA,NA,NA,NA,NA,NA,NA,NA,NA,NA,NA,NA,NA,NA,NA,NA,NA,NA,NA,NA
MANAGE_02016,Joint Genome Institute (JGI),DOE Joint Genome Institute  (JGI),NA,United States,WI,43.3,-89.38,3,Cropping,145877252,22.027465,0,NA,NA,NA,NA,NA,NA,NA,NA,NA,NA,NA,NA,NA,NA,NA,NA,NA,NA,NA,NA,NA,NA,NA,NA,NA,NA
MANAGE_02017,Joint Genome Institute (JGI),DOE Joint Genome Institute  (JGI),NA,United States,WI,43.3,-89.38,3,Cropping,120782706,18.238188,0,NA,NA,NA,NA,NA,NA,NA,NA,NA,NA,NA,NA,NA,NA,NA,NA,NA,NA,NA,NA,NA,NA,NA,NA,NA,NA
MANAGE_02018,Joint Genome Institute (JGI),DOE Joint Genome Institute  (JGI),NA,United States,WI,43.3,-89.38,3,Cropping,109269488,16.499693,0,NA,NA,NA,NA,NA,NA,NA,NA,NA,NA,NA,NA,NA,NA,NA,NA,NA,NA,NA,NA,NA,NA,NA,NA,NA,NA
MANAGE_02019,Joint Genome Institute (JGI),DOE Joint Genome Institute  (JGI),NA,United States,WI,43.3,-89.38,3,Cropping,122722508,18.531099,1,NA,NA,NA,NA,NA,NA,NA,NA,NA,NA,NA,NA,NA,NA,NA,NA,NA,NA,NA,NA,NA,NA,NA,NA,NA,NA
MANAGE_02020,Joint Genome Institute (JGI),DOE Joint Genome Institute  (JGI),NA,United States,WI,43.3,-89.38,3,Cropping,88705552,13.333762,0,NA,NA,NA,NA,NA,NA,NA,NA,NA,NA,NA,NA,NA,NA,NA,NA,NA,NA,NA,NA,NA,NA,NA,NA,NA,NA
MANAGE_02021,Joint Genome Institute (JGI),DOE Joint Genome Institute  (JGI),NA,United States,WI,43.3,-89.38,3,Cropping,105340342,15.906392,0,NA,NA,NA,NA,NA,NA,NA,NA,NA,NA,NA,NA,NA,NA,NA,NA,NA,NA,NA,NA,NA,NA,NA,NA,NA,NA
MANAGE_02022,Joint Genome Institute (JGI),DOE Joint Genome Institute  (JGI),NA,United States,WI,43.3,-89.38,3,Cropping,104720456,15.812789,1,NA,NA,NA,NA,NA,NA,NA,NA,NA,NA,NA,NA,NA,NA,NA,NA,NA,NA,NA,NA,NA,NA,NA,NA,NA,NA
MANAGE_02023,Joint Genome Institute (JGI),DOE Joint Genome Institute  (JGI),NA,United States,WI,43.3,-89.38,3,Cropping,114280088,17.256293,0,NA,NA,NA,NA,NA,NA,NA,NA,NA,NA,NA,NA,NA,NA,NA,NA,NA,NA,NA,NA,NA,NA,NA,NA,NA,NA
MANAGE_02024,Joint Genome Institute (JGI),DOE Joint Genome Institute  (JGI),NA,United States,WI,43.3,-89.38,3,Cropping,85477986,12.907176,1,NA,NA,NA,NA,NA,NA,NA,NA,NA,NA,NA,NA,NA,NA,NA,NA,NA,NA,NA,NA,NA,NA,NA,NA,NA,NA
MANAGE_02025,Joint Genome Institute (JGI),DOE Joint Genome Institute  (JGI),NA,United States,WI,43.3,-89.38,3,Cropping,82925426,12.521739,0,NA,NA,NA,NA,NA,NA,NA,NA,NA,NA,NA,NA,NA,NA,NA,NA,NA,NA,NA,NA,NA,NA,NA,NA,NA,NA
MANAGE_02026,Joint Genome Institute (JGI),DOE Joint Genome Institute  (JGI),NA,United States,WI,43.3,-89.38,3,Cropping,75434146,11.390556,1,NA,NA,NA,NA,NA,NA,NA,NA,NA,NA,NA,NA,NA,NA,NA,NA,NA,NA,NA,NA,NA,NA,NA,NA,NA,NA
MANAGE_02027,Joint Genome Institute (JGI),DOE Joint Genome Institute  (JGI),NA,United States,WI,43.3,-89.38,3,Cropping,91023842,13.7446,0,NA,NA,NA,NA,NA,NA,NA,NA,NA,NA,NA,NA,NA,NA,NA,NA,NA,NA,NA,NA,NA,NA,NA,NA,NA,NA
MANAGE_02028,Joint Genome Institute (JGI),DOE Joint Genome Institute  (JGI),NA,United States,WI,43.3,-89.38,3,Cropping,86665852,13.086544,1,NA,NA,NA,NA,NA,NA,NA,NA,NA,NA,NA,NA,NA,NA,NA,NA,NA,NA,NA,NA,NA,NA,NA,NA,NA,NA
MANAGE_02029,Joint Genome Institute (JGI),DOE Joint Genome Institute  (JGI),NA,United States,WI,43.3,-89.38,3,Cropping,89749222,13.552133,0,NA,NA,NA,NA,NA,NA,NA,NA,NA,NA,NA,NA,NA,NA,NA,NA,NA,NA,NA,NA,NA,NA,NA,NA,NA,NA
MANAGE_02030,Joint Genome Institute (JGI),DOE Joint Genome Institute  (JGI),NA,United States,WI,43.3,-89.38,3,Cropping,125292582,18.91918,0,NA,NA,NA,NA,NA,NA,NA,NA,NA,NA,NA,NA,NA,NA,NA,NA,NA,NA,NA,NA,NA,NA,NA,NA,NA,NA
MANAGE_02031,Joint Genome Institute (JGI),DOE Joint Genome Institute  (JGI),NA,United States,WI,43.3,-89.38,3,Cropping,84268512,12.724545,0,NA,NA,NA,NA,NA,NA,NA,NA,NA,NA,NA,NA,NA,NA,NA,NA,NA,NA,NA,NA,NA,NA,NA,NA,NA,NA
MANAGE_02032,Joint Genome Institute (JGI),DOE Joint Genome Institute  (JGI),NA,United States,WI,43.3,-89.38,3,Cropping,86287168,13.029362,1,NA,NA,NA,NA,NA,NA,NA,NA,NA,NA,NA,NA,NA,NA,NA,NA,NA,NA,NA,NA,NA,NA,NA,NA,NA,NA
MANAGE_02033,Joint Genome Institute (JGI),DOE Joint Genome Institute  (JGI),NA,United States,WI,43.3,-89.38,3,Cropping,91455536,13.809786,0,NA,NA,NA,NA,NA,NA,NA,NA,NA,NA,NA,NA,NA,NA,NA,NA,NA,NA,NA,NA,NA,NA,NA,NA,NA,NA
MANAGE_02034,Joint Genome Institute (JGI),DOE Joint Genome Institute  (JGI),NA,United States,WI,43.3,-89.38,3,Cropping,92995976,14.042392,0,NA,NA,NA,NA,NA,NA,NA,NA,NA,NA,NA,NA,NA,NA,NA,NA,NA,NA,NA,NA,NA,NA,NA,NA,NA,NA
MANAGE_02035,Joint Genome Institute (JGI),DOE Joint Genome Institute  (JGI),NA,United States,WI,43.3,-89.38,3,Cropping,85198656,12.864997,1,NA,NA,NA,NA,NA,NA,NA,NA,NA,NA,NA,NA,NA,NA,NA,NA,NA,NA,NA,NA,NA,NA,NA,NA,NA,NA
MANAGE_02036,Joint Genome Institute (JGI),DOE Joint Genome Institute  (JGI),NA,United States,WI,43.3,-89.38,3,Cropping,83671616,12.634414,0,NA,NA,NA,NA,NA,NA,NA,NA,NA,NA,NA,NA,NA,NA,NA,NA,NA,NA,NA,NA,NA,NA,NA,NA,NA,NA
MANAGE_02037,Joint Genome Institute (JGI),DOE Joint Genome Institute  (JGI),NA,United States,WI,43.3,-89.38,3,Cropping,92104652,13.907802,0,NA,NA,NA,NA,NA,NA,NA,NA,NA,NA,NA,NA,NA,NA,NA,NA,NA,NA,NA,NA,NA,NA,NA,NA,NA,NA
MANAGE_02038,Joint Genome Institute (JGI),DOE Joint Genome Institute  (JGI),NA,United States,WI,43.3,-89.38,3,Cropping,87691440,13.241407,0,NA,NA,NA,NA,NA,NA,NA,NA,NA,NA,NA,NA,NA,NA,NA,NA,NA,NA,NA,NA,NA,NA,NA,NA,NA,NA
MANAGE_02039,Joint Genome Institute (JGI),DOE Joint Genome Institute  (JGI),NA,United States,WI,43.3,-89.38,3,Cropping,90493024,13.664447,1,NA,NA,NA,NA,NA,NA,NA,NA,NA,NA,NA,NA,NA,NA,NA,NA,NA,NA,NA,NA,NA,NA,NA,NA,NA,NA
MANAGE_02040,Joint Genome Institute (JGI),DOE Joint Genome Institute  (JGI),NA,United States,WI,43.3,-89.38,3,Cropping,99516912,15.027054,0,NA,NA,NA,NA,NA,NA,NA,NA,NA,NA,NA,NA,NA,NA,NA,NA,NA,NA,NA,NA,NA,NA,NA,NA,NA,NA
MANAGE_02041,Joint Genome Institute (JGI),DOE Joint Genome Institute  (JGI),NA,United States,WI,43.3,-89.38,3,Cropping,100555062,15.183814,0,NA,NA,NA,NA,NA,NA,NA,NA,NA,NA,NA,NA,NA,NA,NA,NA,NA,NA,NA,NA,NA,NA,NA,NA,NA,NA
MANAGE_02042,Joint Genome Institute (JGI),DOE Joint Genome Institute  (JGI),NA,United States,WI,43.3,-89.38,3,Cropping,78786782,11.896804,0,NA,NA,NA,NA,NA,NA,NA,NA,NA,NA,NA,NA,NA,NA,NA,NA,NA,NA,NA,NA,NA,NA,NA,NA,NA,NA
MANAGE_02043,Joint Genome Institute (JGI),DOE Joint Genome Institute  (JGI),NA,United States,WI,43.3,-89.38,3,Cropping,77756854,11.741285,1,NA,NA,NA,NA,NA,NA,NA,NA,NA,NA,NA,NA,NA,NA,NA,NA,NA,NA,NA,NA,NA,NA,NA,NA,NA,NA
MANAGE_02044,Joint Genome Institute (JGI),DOE Joint Genome Institute  (JGI),NA,United States,WI,43.3,-89.38,3,Cropping,104908624,15.841202,0,NA,NA,NA,NA,NA,NA,NA,NA,NA,NA,NA,NA,NA,NA,NA,NA,NA,NA,NA,NA,NA,NA,NA,NA,NA,NA
MANAGE_02045,Joint Genome Institute (JGI),DOE Joint Genome Institute  (JGI),NA,United States,WI,43.3,-89.38,3,Cropping,109936722,16.600445,0,NA,NA,NA,NA,NA,NA,NA,NA,NA,NA,NA,NA,NA,NA,NA,NA,NA,NA,NA,NA,NA,NA,NA,NA,NA,NA
MANAGE_02046,Joint Genome Institute (JGI),DOE Joint Genome Institute  (JGI),NA,United States,WI,43.3,-89.38,3,Cropping,98272096,14.839086,0,NA,NA,NA,NA,NA,NA,NA,NA,NA,NA,NA,NA,NA,NA,NA,NA,NA,NA,NA,NA,NA,NA,NA,NA,NA,NA
MANAGE_02047,Joint Genome Institute (JGI),DOE Joint Genome Institute  (JGI),NA,United States,WI,43.3,-89.38,3,Cropping,150498902,22.725334,0,NA,NA,NA,NA,NA,NA,NA,NA,NA,NA,NA,NA,NA,NA,NA,NA,NA,NA,NA,NA,NA,NA,NA,NA,NA,NA
MANAGE_02048,Joint Genome Institute (JGI),DOE Joint Genome Institute  (JGI),NA,United States,WI,43.42,-89.4,3,Cropping,24302640,3.645396,0,NA,NA,NA,NA,NA,NA,NA,NA,NA,NA,NA,NA,NA,NA,NA,NA,NA,NA,NA,NA,NA,NA,NA,NA,NA,NA
MANAGE_02049,Joint Genome Institute (JGI),DOE Joint Genome Institute  (JGI),NA,United States,WI,43.42,-89.33,3,Cropping,29447030,4.417054,0,NA,NA,NA,NA,NA,NA,NA,NA,NA,NA,NA,NA,NA,NA,NA,NA,NA,NA,NA,NA,NA,NA,NA,NA,NA,NA
MANAGE_02050,Joint Genome Institute (JGI),DOE Joint Genome Institute  (JGI),NA,United States,WI,43.43,-89.41,3,Cropping,23478746,3.521812,0,NA,NA,NA,NA,NA,NA,NA,NA,NA,NA,NA,NA,NA,NA,NA,NA,NA,NA,NA,NA,NA,NA,NA,NA,NA,NA
MANAGE_02051,Joint Genome Institute (JGI),DOE Joint Genome Institute  (JGI),NA,United States,WI,43.3,-89.38,3,Cropping,20531350,3.079702,0,NA,NA,NA,NA,NA,NA,NA,NA,NA,NA,NA,NA,NA,NA,NA,NA,NA,NA,NA,NA,NA,NA,NA,NA,NA,NA
MANAGE_02052,Joint Genome Institute (JGI),DOE Joint Genome Institute  (JGI),NA,United States,MI,42.4,-85.37,9,Cropping,27206842,4.081026,0,NA,NA,NA,NA,NA,NA,NA,NA,NA,NA,NA,NA,NA,NA,NA,NA,NA,NA,NA,NA,NA,NA,NA,NA,NA,NA
MANAGE_02053,Joint Genome Institute (JGI),DOE Joint Genome Institute  (JGI),NA,United States,MI,42.4,-85.37,9,Cropping,30681386,4.602208,0,NA,NA,NA,NA,NA,NA,NA,NA,NA,NA,NA,NA,NA,NA,NA,NA,NA,NA,NA,NA,NA,NA,NA,NA,NA,NA
MANAGE_02054,Joint Genome Institute (JGI),DOE Joint Genome Institute  (JGI),NA,United States,WI,43.3,-89.38,3,Cropping,23746422,3.561963,0,NA,NA,NA,NA,NA,NA,NA,NA,NA,NA,NA,NA,NA,NA,NA,NA,NA,NA,NA,NA,NA,NA,NA,NA,NA,NA
MANAGE_02055,Joint Genome Institute (JGI),DOE Joint Genome Institute  (JGI),NA,United States,WI,43.42,-89.33,3,Cropping,27295332,4.0943,0,NA,NA,NA,NA,NA,NA,NA,NA,NA,NA,NA,NA,NA,NA,NA,NA,NA,NA,NA,NA,NA,NA,NA,NA,NA,NA
MANAGE_02056,Joint Genome Institute (JGI),DOE Joint Genome Institute  (JGI),NA,United States,WI,43.42,-89.4,3,Cropping,31459214,4.718882,0,NA,NA,NA,NA,NA,NA,NA,NA,NA,NA,NA,NA,NA,NA,NA,NA,NA,NA,NA,NA,NA,NA,NA,NA,NA,NA
MANAGE_02057,Joint Genome Institute (JGI),DOE Joint Genome Institute  (JGI),NA,United States,WI,43.43,-89.41,3,Cropping,30320120,4.548018,0,NA,NA,NA,NA,NA,NA,NA,NA,NA,NA,NA,NA,NA,NA,NA,NA,NA,NA,NA,NA,NA,NA,NA,NA,NA,NA
MANAGE_02058,Joint Genome Institute (JGI),DOE Joint Genome Institute  (JGI),NA,United States,WI,43.42,-89.33,3,Cropping,26989690,4.048453,0,NA,NA,NA,NA,NA,NA,NA,NA,NA,NA,NA,NA,NA,NA,NA,NA,NA,NA,NA,NA,NA,NA,NA,NA,NA,NA
MANAGE_02059,Joint Genome Institute (JGI),DOE Joint Genome Institute  (JGI),NA,United States,WI,43.3,-89.38,3,Cropping,25981872,3.897281,0,NA,NA,NA,NA,NA,NA,NA,NA,NA,NA,NA,NA,NA,NA,NA,NA,NA,NA,NA,NA,NA,NA,NA,NA,NA,NA
MANAGE_02060,Joint Genome Institute (JGI),DOE Joint Genome Institute  (JGI),NA,United States,WI,43.42,-89.4,3,Cropping,28390622,4.258593,0,NA,NA,NA,NA,NA,NA,NA,NA,NA,NA,NA,NA,NA,NA,NA,NA,NA,NA,NA,NA,NA,NA,NA,NA,NA,NA
MANAGE_02061,Joint Genome Institute (JGI),DOE Joint Genome Institute  (JGI),NA,United States,WI,43.42,-89.4,3,Cropping,30723458,4.608519,0,NA,NA,NA,NA,NA,NA,NA,NA,NA,NA,NA,NA,NA,NA,NA,NA,NA,NA,NA,NA,NA,NA,NA,NA,NA,NA
MANAGE_02062,Joint Genome Institute (JGI),DOE Joint Genome Institute  (JGI),NA,United States,WI,43.3,-89.38,3,Cropping,33321882,4.998282,0,NA,NA,NA,NA,NA,NA,NA,NA,NA,NA,NA,NA,NA,NA,NA,NA,NA,NA,NA,NA,NA,NA,NA,NA,NA,NA
MANAGE_02063,Joint Genome Institute (JGI),DOE Joint Genome Institute  (JGI),NA,United States,WI,43.3,-89.38,3,Cropping,21894468,3.28417,0,NA,NA,NA,NA,NA,NA,NA,NA,NA,NA,NA,NA,NA,NA,NA,NA,NA,NA,NA,NA,NA,NA,NA,NA,NA,NA
MANAGE_02064,Joint Genome Institute (JGI),DOE Joint Genome Institute  (JGI),NA,United States,WI,43.3,-89.38,3,Cropping,29145220,4.371783,0,NA,NA,NA,NA,NA,NA,NA,NA,NA,NA,NA,NA,NA,NA,NA,NA,NA,NA,NA,NA,NA,NA,NA,NA,NA,NA
MANAGE_02065,Joint Genome Institute (JGI),DOE Joint Genome Institute  (JGI),NA,United States,WI,43.3,-89.38,3,Cropping,24386486,3.657973,0,NA,NA,NA,NA,NA,NA,NA,NA,NA,NA,NA,NA,NA,NA,NA,NA,NA,NA,NA,NA,NA,NA,NA,NA,NA,NA
MANAGE_02066,Joint Genome Institute (JGI),DOE Joint Genome Institute  (JGI),NA,United States,WI,43.3,-89.38,3,Cropping,26023664,3.90355,0,NA,NA,NA,NA,NA,NA,NA,NA,NA,NA,NA,NA,NA,NA,NA,NA,NA,NA,NA,NA,NA,NA,NA,NA,NA,NA
MANAGE_02067,Joint Genome Institute (JGI),DOE Joint Genome Institute  (JGI),NA,United States,WI,43.3,-89.38,3,Cropping,30421178,4.563177,0,NA,NA,NA,NA,NA,NA,NA,NA,NA,NA,NA,NA,NA,NA,NA,NA,NA,NA,NA,NA,NA,NA,NA,NA,NA,NA
MANAGE_02068,Joint Genome Institute (JGI),DOE Joint Genome Institute  (JGI),NA,United States,WI,43.3,-89.38,3,Cropping,21055620,3.158343,0,NA,NA,NA,NA,NA,NA,NA,NA,NA,NA,NA,NA,NA,NA,NA,NA,NA,NA,NA,NA,NA,NA,NA,NA,NA,NA
MANAGE_02069,Joint Genome Institute (JGI),DOE Joint Genome Institute  (JGI),NA,United States,WI,43.3,-89.38,3,Cropping,26955168,4.043275,0,NA,NA,NA,NA,NA,NA,NA,NA,NA,NA,NA,NA,NA,NA,NA,NA,NA,NA,NA,NA,NA,NA,NA,NA,NA,NA
MANAGE_02070,Joint Genome Institute (JGI),DOE Joint Genome Institute  (JGI),NA,United States,WI,43.3,-89.38,3,Cropping,26961430,4.044214,0,NA,NA,NA,NA,NA,NA,NA,NA,NA,NA,NA,NA,NA,NA,NA,NA,NA,NA,NA,NA,NA,NA,NA,NA,NA,NA
MANAGE_02071,Joint Genome Institute (JGI),DOE Joint Genome Institute  (JGI),NA,United States,WI,43.3,-89.38,3,Cropping,30973310,4.645996,0,NA,NA,NA,NA,NA,NA,NA,NA,NA,NA,NA,NA,NA,NA,NA,NA,NA,NA,NA,NA,NA,NA,NA,NA,NA,NA
MANAGE_02072,Joint Genome Institute (JGI),DOE Joint Genome Institute  (JGI),NA,United States,WI,43.3,-89.38,3,Cropping,25377908,3.806686,0,NA,NA,NA,NA,NA,NA,NA,NA,NA,NA,NA,NA,NA,NA,NA,NA,NA,NA,NA,NA,NA,NA,NA,NA,NA,NA
MANAGE_02073,Joint Genome Institute (JGI),DOE Joint Genome Institute  (JGI),NA,United States,WI,43.3,-89.38,3,Cropping,32634796,4.895219,0,NA,NA,NA,NA,NA,NA,NA,NA,NA,NA,NA,NA,NA,NA,NA,NA,NA,NA,NA,NA,NA,NA,NA,NA,NA,NA
MANAGE_02074,Joint Genome Institute (JGI),DOE Joint Genome Institute  (JGI),NA,United States,WI,43.3,-89.38,3,Cropping,26542924,3.981439,0,NA,NA,NA,NA,NA,NA,NA,NA,NA,NA,NA,NA,NA,NA,NA,NA,NA,NA,NA,NA,NA,NA,NA,NA,NA,NA
MANAGE_02075,Joint Genome Institute (JGI),DOE Joint Genome Institute  (JGI),NA,United States,WI,43.43,-89.41,3,Cropping,41868772,6.280316,0,NA,NA,NA,NA,NA,NA,NA,NA,NA,NA,NA,NA,NA,NA,NA,NA,NA,NA,NA,NA,NA,NA,NA,NA,NA,NA
MANAGE_02076,Joint Genome Institute (JGI),DOE Joint Genome Institute  (JGI),NA,United States,WI,43.3,-89.38,3,Cropping,24728284,3.709243,0,NA,NA,NA,NA,NA,NA,NA,NA,NA,NA,NA,NA,NA,NA,NA,NA,NA,NA,NA,NA,NA,NA,NA,NA,NA,NA
MANAGE_02077,Joint Genome Institute (JGI),DOE Joint Genome Institute  (JGI),NA,United States,WI,43.3,-89.38,3,Cropping,26734408,4.010161,0,NA,NA,NA,NA,NA,NA,NA,NA,NA,NA,NA,NA,NA,NA,NA,NA,NA,NA,NA,NA,NA,NA,NA,NA,NA,NA
MANAGE_02078,Joint Genome Institute (JGI),DOE Joint Genome Institute  (JGI),NA,United States,WI,43.3,-89.38,3,Cropping,26954950,4.043242,0,NA,NA,NA,NA,NA,NA,NA,NA,NA,NA,NA,NA,NA,NA,NA,NA,NA,NA,NA,NA,NA,NA,NA,NA,NA,NA
MANAGE_02079,Joint Genome Institute (JGI),DOE Joint Genome Institute  (JGI),NA,United States,WI,43.3,-89.38,3,Cropping,29698156,4.454723,0,NA,NA,NA,NA,NA,NA,NA,NA,NA,NA,NA,NA,NA,NA,NA,NA,NA,NA,NA,NA,NA,NA,NA,NA,NA,NA
MANAGE_02080,Joint Genome Institute (JGI),DOE Joint Genome Institute  (JGI),NA,United States,WI,43.3,-89.38,3,Cropping,24919212,3.737882,0,NA,NA,NA,NA,NA,NA,NA,NA,NA,NA,NA,NA,NA,NA,NA,NA,NA,NA,NA,NA,NA,NA,NA,NA,NA,NA
MANAGE_02081,Joint Genome Institute (JGI),DOE Joint Genome Institute  (JGI),NA,United States,WI,43.3,-89.38,3,Cropping,26610906,3.991636,0,NA,NA,NA,NA,NA,NA,NA,NA,NA,NA,NA,NA,NA,NA,NA,NA,NA,NA,NA,NA,NA,NA,NA,NA,NA,NA
MANAGE_02082,Joint Genome Institute (JGI),DOE Joint Genome Institute  (JGI),NA,United States,WI,43.3,-89.38,3,Cropping,24477092,3.671564,0,NA,NA,NA,NA,NA,NA,NA,NA,NA,NA,NA,NA,NA,NA,NA,NA,NA,NA,NA,NA,NA,NA,NA,NA,NA,NA
MANAGE_02083,Joint Genome Institute (JGI),DOE Joint Genome Institute  (JGI),NA,United States,WI,43.3,-89.38,3,Cropping,28590652,4.288598,0,NA,NA,NA,NA,NA,NA,NA,NA,NA,NA,NA,NA,NA,NA,NA,NA,NA,NA,NA,NA,NA,NA,NA,NA,NA,NA
MANAGE_02084,Joint Genome Institute (JGI),DOE Joint Genome Institute  (JGI),NA,United States,WI,43.3,-89.38,3,Cropping,24772338,3.715851,0,NA,NA,NA,NA,NA,NA,NA,NA,NA,NA,NA,NA,NA,NA,NA,NA,NA,NA,NA,NA,NA,NA,NA,NA,NA,NA
MANAGE_02085,Joint Genome Institute (JGI),DOE Joint Genome Institute  (JGI),NA,United States,WI,43.3,-89.38,3,Cropping,28003414,4.200512,0,NA,NA,NA,NA,NA,NA,NA,NA,NA,NA,NA,NA,NA,NA,NA,NA,NA,NA,NA,NA,NA,NA,NA,NA,NA,NA
MANAGE_02086,Joint Genome Institute (JGI),DOE Joint Genome Institute  (JGI),NA,United States,WI,43.3,-89.38,3,Cropping,29269416,4.390412,0,NA,NA,NA,NA,NA,NA,NA,NA,NA,NA,NA,NA,NA,NA,NA,NA,NA,NA,NA,NA,NA,NA,NA,NA,NA,NA
MANAGE_02087,Joint Genome Institute (JGI),DOE Joint Genome Institute  (JGI),NA,United States,WI,43.3,-89.38,3,Cropping,27811384,4.171708,0,NA,NA,NA,NA,NA,NA,NA,NA,NA,NA,NA,NA,NA,NA,NA,NA,NA,NA,NA,NA,NA,NA,NA,NA,NA,NA
MANAGE_02088,Joint Genome Institute (JGI),DOE Joint Genome Institute  (JGI),NA,United States,WI,43.3,-89.38,3,Cropping,27017922,4.052688,0,NA,NA,NA,NA,NA,NA,NA,NA,NA,NA,NA,NA,NA,NA,NA,NA,NA,NA,NA,NA,NA,NA,NA,NA,NA,NA
MANAGE_02089,Joint Genome Institute (JGI),DOE Joint Genome Institute  (JGI),NA,United States,WI,43.3,-89.38,3,Cropping,27221242,4.083186,0,NA,NA,NA,NA,NA,NA,NA,NA,NA,NA,NA,NA,NA,NA,NA,NA,NA,NA,NA,NA,NA,NA,NA,NA,NA,NA
MANAGE_02090,Joint Genome Institute (JGI),DOE Joint Genome Institute  (JGI),NA,United States,WI,43.3,-89.38,3,Cropping,26644332,3.99665,0,NA,NA,NA,NA,NA,NA,NA,NA,NA,NA,NA,NA,NA,NA,NA,NA,NA,NA,NA,NA,NA,NA,NA,NA,NA,NA
MANAGE_02091,Joint Genome Institute (JGI),DOE Joint Genome Institute  (JGI),NA,United States,WI,43.3,-89.38,3,Cropping,26243794,3.936569,0,NA,NA,NA,NA,NA,NA,NA,NA,NA,NA,NA,NA,NA,NA,NA,NA,NA,NA,NA,NA,NA,NA,NA,NA,NA,NA
MANAGE_02092,Joint Genome Institute (JGI),DOE Joint Genome Institute  (JGI),NA,United States,WI,43.3,-89.38,3,Cropping,30986692,4.648004,0,NA,NA,NA,NA,NA,NA,NA,NA,NA,NA,NA,NA,NA,NA,NA,NA,NA,NA,NA,NA,NA,NA,NA,NA,NA,NA
MANAGE_02093,Joint Genome Institute (JGI),DOE Joint Genome Institute  (JGI),NA,United States,WI,43.3,-89.38,3,Cropping,27117552,4.067633,0,NA,NA,NA,NA,NA,NA,NA,NA,NA,NA,NA,NA,NA,NA,NA,NA,NA,NA,NA,NA,NA,NA,NA,NA,NA,NA
MANAGE_02094,Joint Genome Institute (JGI),DOE Joint Genome Institute  (JGI),NA,United States,WI,43.3,-89.38,3,Cropping,25756588,3.863488,0,NA,NA,NA,NA,NA,NA,NA,NA,NA,NA,NA,NA,NA,NA,NA,NA,NA,NA,NA,NA,NA,NA,NA,NA,NA,NA
MANAGE_02095,Joint Genome Institute (JGI),DOE Joint Genome Institute  (JGI),NA,United States,WI,43.3,-89.38,3,Cropping,26365804,3.954871,0,NA,NA,NA,NA,NA,NA,NA,NA,NA,NA,NA,NA,NA,NA,NA,NA,NA,NA,NA,NA,NA,NA,NA,NA,NA,NA
MANAGE_02096,Joint Genome Institute (JGI),DOE Joint Genome Institute  (JGI),NA,United States,WI,43.3,-89.38,3,Cropping,33792820,5.068923,0,NA,NA,NA,NA,NA,NA,NA,NA,NA,NA,NA,NA,NA,NA,NA,NA,NA,NA,NA,NA,NA,NA,NA,NA,NA,NA
MANAGE_02097,Joint Genome Institute (JGI),DOE Joint Genome Institute  (JGI),NA,United States,WI,43.3,-89.38,3,Cropping,32523924,4.878589,0,NA,NA,NA,NA,NA,NA,NA,NA,NA,NA,NA,NA,NA,NA,NA,NA,NA,NA,NA,NA,NA,NA,NA,NA,NA,NA
MANAGE_02098,Joint Genome Institute (JGI),DOE Joint Genome Institute  (JGI),NA,United States,WI,43.3,-89.38,3,Cropping,26992424,4.048864,0,NA,NA,NA,NA,NA,NA,NA,NA,NA,NA,NA,NA,NA,NA,NA,NA,NA,NA,NA,NA,NA,NA,NA,NA,NA,NA
MANAGE_02099,Joint Genome Institute (JGI),DOE Joint Genome Institute  (JGI),NA,United States,WI,43.3,-89.38,3,Cropping,26003118,3.900468,0,NA,NA,NA,NA,NA,NA,NA,NA,NA,NA,NA,NA,NA,NA,NA,NA,NA,NA,NA,NA,NA,NA,NA,NA,NA,NA
MANAGE_02100,Joint Genome Institute (JGI),DOE Joint Genome Institute  (JGI),NA,United States,WI,43.3,-89.38,3,Cropping,26904432,4.035665,0,NA,NA,NA,NA,NA,NA,NA,NA,NA,NA,NA,NA,NA,NA,NA,NA,NA,NA,NA,NA,NA,NA,NA,NA,NA,NA
MANAGE_02101,Joint Genome Institute (JGI),DOE Joint Genome Institute  (JGI),NA,United States,WI,43.3,-89.38,3,Cropping,28820830,4.323124,0,NA,NA,NA,NA,NA,NA,NA,NA,NA,NA,NA,NA,NA,NA,NA,NA,NA,NA,NA,NA,NA,NA,NA,NA,NA,NA
MANAGE_02102,Joint Genome Institute (JGI),DOE Joint Genome Institute  (JGI),NA,United States,WI,43.3,-89.38,3,Cropping,26247162,3.937074,0,NA,NA,NA,NA,NA,NA,NA,NA,NA,NA,NA,NA,NA,NA,NA,NA,NA,NA,NA,NA,NA,NA,NA,NA,NA,NA
MANAGE_02103,Joint Genome Institute (JGI),DOE Joint Genome Institute  (JGI),NA,United States,WI,43.3,-89.38,3,Cropping,26338448,3.950767,0,NA,NA,NA,NA,NA,NA,NA,NA,NA,NA,NA,NA,NA,NA,NA,NA,NA,NA,NA,NA,NA,NA,NA,NA,NA,NA
MANAGE_02104,Joint Genome Institute (JGI),DOE Joint Genome Institute  (JGI),NA,United States,WI,43.3,-89.38,3,Cropping,32883944,4.932592,0,NA,NA,NA,NA,NA,NA,NA,NA,NA,NA,NA,NA,NA,NA,NA,NA,NA,NA,NA,NA,NA,NA,NA,NA,NA,NA
MANAGE_02105,Joint Genome Institute (JGI),DOE Joint Genome Institute  (JGI),NA,United States,WI,43.3,-89.38,3,Cropping,24218070,3.63271,0,NA,NA,NA,NA,NA,NA,NA,NA,NA,NA,NA,NA,NA,NA,NA,NA,NA,NA,NA,NA,NA,NA,NA,NA,NA,NA
MANAGE_02106,Joint Genome Institute (JGI),DOE Joint Genome Institute  (JGI),NA,United States,WI,43.3,-89.38,3,Cropping,33293720,4.994058,0,NA,NA,NA,NA,NA,NA,NA,NA,NA,NA,NA,NA,NA,NA,NA,NA,NA,NA,NA,NA,NA,NA,NA,NA,NA,NA
MANAGE_02107,Joint Genome Institute (JGI),DOE Joint Genome Institute  (JGI),NA,United States,WI,43.3,-89.38,3,Cropping,25820880,3.873132,0,NA,NA,NA,NA,NA,NA,NA,NA,NA,NA,NA,NA,NA,NA,NA,NA,NA,NA,NA,NA,NA,NA,NA,NA,NA,NA
MANAGE_02108,Joint Genome Institute (JGI),DOE Joint Genome Institute  (JGI),NA,United States,WI,43.3,-89.38,3,Cropping,28803836,4.320575,0,NA,NA,NA,NA,NA,NA,NA,NA,NA,NA,NA,NA,NA,NA,NA,NA,NA,NA,NA,NA,NA,NA,NA,NA,NA,NA
MANAGE_02109,Joint Genome Institute (JGI),DOE Joint Genome Institute  (JGI),NA,United States,WI,43.3,-89.38,3,Cropping,20691474,3.103721,0,NA,NA,NA,NA,NA,NA,NA,NA,NA,NA,NA,NA,NA,NA,NA,NA,NA,NA,NA,NA,NA,NA,NA,NA,NA,NA
MANAGE_02110,Joint Genome Institute (JGI),DOE Joint Genome Institute  (JGI),NA,United States,WI,43.3,-89.38,3,Cropping,27243072,4.086461,0,NA,NA,NA,NA,NA,NA,NA,NA,NA,NA,NA,NA,NA,NA,NA,NA,NA,NA,NA,NA,NA,NA,NA,NA,NA,NA
MANAGE_02111,Joint Genome Institute (JGI),DOE Joint Genome Institute  (JGI),NA,United States,WI,43.3,-89.38,3,Cropping,23112476,3.466871,0,NA,NA,NA,NA,NA,NA,NA,NA,NA,NA,NA,NA,NA,NA,NA,NA,NA,NA,NA,NA,NA,NA,NA,NA,NA,NA
MANAGE_02112,Joint Genome Institute (JGI),DOE Joint Genome Institute  (JGI),NA,United States,WI,43.3,-89.38,3,Cropping,30141352,4.521203,0,NA,NA,NA,NA,NA,NA,NA,NA,NA,NA,NA,NA,NA,NA,NA,NA,NA,NA,NA,NA,NA,NA,NA,NA,NA,NA
MANAGE_02113,Joint Genome Institute (JGI),DOE Joint Genome Institute  (JGI),NA,United States,WI,43.3,-89.38,3,Cropping,31210636,4.681595,0,NA,NA,NA,NA,NA,NA,NA,NA,NA,NA,NA,NA,NA,NA,NA,NA,NA,NA,NA,NA,NA,NA,NA,NA,NA,NA
MANAGE_02114,Joint Genome Institute (JGI),DOE Joint Genome Institute  (JGI),NA,United States,WI,43.3,-89.38,3,Cropping,29496730,4.42451,0,NA,NA,NA,NA,NA,NA,NA,NA,NA,NA,NA,NA,NA,NA,NA,NA,NA,NA,NA,NA,NA,NA,NA,NA,NA,NA
MANAGE_02115,Joint Genome Institute (JGI),DOE Joint Genome Institute  (JGI),NA,United States,WI,43.3,-89.38,3,Cropping,31528408,4.729261,0,NA,NA,NA,NA,NA,NA,NA,NA,NA,NA,NA,NA,NA,NA,NA,NA,NA,NA,NA,NA,NA,NA,NA,NA,NA,NA
MANAGE_02116,Joint Genome Institute (JGI),DOE Joint Genome Institute  (JGI),NA,United States,WI,43.3,-89.38,3,Cropping,32111174,4.816676,0,NA,NA,NA,NA,NA,NA,NA,NA,NA,NA,NA,NA,NA,NA,NA,NA,NA,NA,NA,NA,NA,NA,NA,NA,NA,NA
MANAGE_02117,Joint Genome Institute (JGI),DOE Joint Genome Institute  (JGI),NA,United States,WI,43.3,-89.38,3,Cropping,29227624,4.384144,0,NA,NA,NA,NA,NA,NA,NA,NA,NA,NA,NA,NA,NA,NA,NA,NA,NA,NA,NA,NA,NA,NA,NA,NA,NA,NA
MANAGE_02118,Joint Genome Institute (JGI),DOE Joint Genome Institute  (JGI),NA,United States,WI,43.3,-89.38,3,Cropping,34738886,5.210833,0,NA,NA,NA,NA,NA,NA,NA,NA,NA,NA,NA,NA,NA,NA,NA,NA,NA,NA,NA,NA,NA,NA,NA,NA,NA,NA
MANAGE_02119,Joint Genome Institute (JGI),DOE Joint Genome Institute  (JGI),NA,United States,WI,43.3,-89.38,3,Cropping,32708156,4.906223,0,NA,NA,NA,NA,NA,NA,NA,NA,NA,NA,NA,NA,NA,NA,NA,NA,NA,NA,NA,NA,NA,NA,NA,NA,NA,NA
MANAGE_02120,Joint Genome Institute (JGI),DOE Joint Genome Institute  (JGI),NA,United States,WI,43.3,-89.38,3,Cropping,24943404,3.741511,0,NA,NA,NA,NA,NA,NA,NA,NA,NA,NA,NA,NA,NA,NA,NA,NA,NA,NA,NA,NA,NA,NA,NA,NA,NA,NA
MANAGE_02121,Joint Genome Institute (JGI),DOE Joint Genome Institute  (JGI),NA,United States,WI,43.3,-89.38,3,Cropping,34563260,5.184489,0,NA,NA,NA,NA,NA,NA,NA,NA,NA,NA,NA,NA,NA,NA,NA,NA,NA,NA,NA,NA,NA,NA,NA,NA,NA,NA
MANAGE_02122,Joint Genome Institute (JGI),DOE Joint Genome Institute  (JGI),NA,United States,WI,43.3,-89.38,3,Cropping,30992206,4.648831,0,NA,NA,NA,NA,NA,NA,NA,NA,NA,NA,NA,NA,NA,NA,NA,NA,NA,NA,NA,NA,NA,NA,NA,NA,NA,NA
MANAGE_02123,Joint Genome Institute (JGI),DOE Joint Genome Institute  (JGI),NA,United States,WI,43.3,-89.38,3,Cropping,27578420,4.136763,0,NA,NA,NA,NA,NA,NA,NA,NA,NA,NA,NA,NA,NA,NA,NA,NA,NA,NA,NA,NA,NA,NA,NA,NA,NA,NA
MANAGE_02124,Joint Genome Institute (JGI),DOE Joint Genome Institute  (JGI),NA,United States,WI,43.3,-89.38,3,Cropping,19806082,2.970912,0,NA,NA,NA,NA,NA,NA,NA,NA,NA,NA,NA,NA,NA,NA,NA,NA,NA,NA,NA,NA,NA,NA,NA,NA,NA,NA
MANAGE_02125,Joint Genome Institute (JGI),DOE Joint Genome Institute  (JGI),NA,United States,WI,43.3,-89.38,3,Cropping,23746434,3.561965,0,NA,NA,NA,NA,NA,NA,NA,NA,NA,NA,NA,NA,NA,NA,NA,NA,NA,NA,NA,NA,NA,NA,NA,NA,NA,NA
MANAGE_02126,Joint Genome Institute (JGI),DOE Joint Genome Institute  (JGI),NA,United States,WI,43.3,-89.38,3,Cropping,34926724,5.239009,0,NA,NA,NA,NA,NA,NA,NA,NA,NA,NA,NA,NA,NA,NA,NA,NA,NA,NA,NA,NA,NA,NA,NA,NA,NA,NA
MANAGE_02127,Joint Genome Institute (JGI),DOE Joint Genome Institute  (JGI),NA,United States,WI,43.3,-89.38,3,Cropping,28699350,4.304902,0,NA,NA,NA,NA,NA,NA,NA,NA,NA,NA,NA,NA,NA,NA,NA,NA,NA,NA,NA,NA,NA,NA,NA,NA,NA,NA
MANAGE_02128,Joint Genome Institute (JGI),DOE Joint Genome Institute  (JGI),NA,United States,WI,43.3,-89.38,3,Cropping,24528274,3.679241,0,NA,NA,NA,NA,NA,NA,NA,NA,NA,NA,NA,NA,NA,NA,NA,NA,NA,NA,NA,NA,NA,NA,NA,NA,NA,NA
MANAGE_02129,Joint Genome Institute (JGI),DOE Joint Genome Institute  (JGI),NA,United States,WI,43.3,-89.38,3,Cropping,27327174,4.099076,0,NA,NA,NA,NA,NA,NA,NA,NA,NA,NA,NA,NA,NA,NA,NA,NA,NA,NA,NA,NA,NA,NA,NA,NA,NA,NA
MANAGE_02130,Joint Genome Institute (JGI),DOE Joint Genome Institute  (JGI),NA,United States,WI,43.3,-89.38,3,Cropping,33175292,4.976294,0,NA,NA,NA,NA,NA,NA,NA,NA,NA,NA,NA,NA,NA,NA,NA,NA,NA,NA,NA,NA,NA,NA,NA,NA,NA,NA
MANAGE_02131,Joint Genome Institute (JGI),DOE Joint Genome Institute  (JGI),NA,United States,WI,43.3,-89.38,3,Cropping,27829066,4.17436,1,NA,NA,NA,NA,NA,NA,NA,NA,NA,NA,NA,NA,NA,NA,NA,NA,NA,NA,NA,NA,NA,NA,NA,NA,NA,NA
MANAGE_02132,Joint Genome Institute (JGI),DOE Joint Genome Institute  (JGI),NA,United States,WI,43.3,-89.38,3,Cropping,37720438,5.658066,1,NA,NA,NA,NA,NA,NA,NA,NA,NA,NA,NA,NA,NA,NA,NA,NA,NA,NA,NA,NA,NA,NA,NA,NA,NA,NA
MANAGE_02133,Joint Genome Institute (JGI),DOE Joint Genome Institute  (JGI),NA,United States,WI,43.3,-89.38,3,Cropping,29671684,4.450753,0,NA,NA,NA,NA,NA,NA,NA,NA,NA,NA,NA,NA,NA,NA,NA,NA,NA,NA,NA,NA,NA,NA,NA,NA,NA,NA
MANAGE_02134,Joint Genome Institute (JGI),DOE Joint Genome Institute  (JGI),NA,United States,WI,43.3,-89.38,3,Cropping,29073744,4.361062,0,NA,NA,NA,NA,NA,NA,NA,NA,NA,NA,NA,NA,NA,NA,NA,NA,NA,NA,NA,NA,NA,NA,NA,NA,NA,NA
MANAGE_02135,Joint Genome Institute (JGI),DOE Joint Genome Institute  (JGI),NA,United States,WI,43.3,-89.38,3,Cropping,38626744,5.794012,0,NA,NA,NA,NA,NA,NA,NA,NA,NA,NA,NA,NA,NA,NA,NA,NA,NA,NA,NA,NA,NA,NA,NA,NA,NA,NA
MANAGE_02136,Joint Genome Institute (JGI),DOE Joint Genome Institute  (JGI),NA,United States,WI,43.2958,-89.3799,3,Cropping,32725776,4.924527,0,NA,NA,NA,NA,NA,NA,NA,NA,NA,NA,NA,NA,NA,NA,NA,NA,NA,NA,NA,NA,NA,NA,NA,NA,NA,NA
MANAGE_02137,Joint Genome Institute (JGI),DOE Joint Genome Institute  (JGI),NA,United States,WI,43.3,-89.38,3,Cropping,29176034,4.376405,0,NA,NA,NA,NA,NA,NA,NA,NA,NA,NA,NA,NA,NA,NA,NA,NA,NA,NA,NA,NA,NA,NA,NA,NA,NA,NA
MANAGE_02138,Joint Genome Institute (JGI),DOE Joint Genome Institute  (JGI),NA,United States,WI,43.2958,-89.3799,3,Cropping,16863924,2.529589,0,NA,NA,NA,NA,NA,NA,NA,NA,NA,NA,NA,NA,NA,NA,NA,NA,NA,NA,NA,NA,NA,NA,NA,NA,NA,NA
MANAGE_02139,Joint Genome Institute (JGI),DOE Joint Genome Institute  (JGI),NA,United States,WI,43.3,-89.38,3,Cropping,33972228,5.095834,0,NA,NA,NA,NA,NA,NA,NA,NA,NA,NA,NA,NA,NA,NA,NA,NA,NA,NA,NA,NA,NA,NA,NA,NA,NA,NA
MANAGE_02140,Joint Genome Institute (JGI),DOE Joint Genome Institute  (JGI),NA,United States,WI,43.3,-89.38,3,Cropping,36168792,5.425319,0,NA,NA,NA,NA,NA,NA,NA,NA,NA,NA,NA,NA,NA,NA,NA,NA,NA,NA,NA,NA,NA,NA,NA,NA,NA,NA
MANAGE_02141,Joint Genome Institute (JGI),DOE Joint Genome Institute  (JGI),NA,United States,WI,43.3,-89.38,3,Cropping,25244536,3.78668,0,NA,NA,NA,NA,NA,NA,NA,NA,NA,NA,NA,NA,NA,NA,NA,NA,NA,NA,NA,NA,NA,NA,NA,NA,NA,NA
MANAGE_02142,Joint Genome Institute (JGI),DOE Joint Genome Institute  (JGI),NA,United States,WI,43.3,-89.38,3,Cropping,27157884,4.073683,0,NA,NA,NA,NA,NA,NA,NA,NA,NA,NA,NA,NA,NA,NA,NA,NA,NA,NA,NA,NA,NA,NA,NA,NA,NA,NA
MANAGE_02143,Joint Genome Institute (JGI),DOE Joint Genome Institute  (JGI),NA,United States,WI,43.3,-89.38,3,Cropping,32944186,4.941628,0,NA,NA,NA,NA,NA,NA,NA,NA,NA,NA,NA,NA,NA,NA,NA,NA,NA,NA,NA,NA,NA,NA,NA,NA,NA,NA
MANAGE_02144,Joint Genome Institute (JGI),DOE Joint Genome Institute  (JGI),NA,United States,WI,43.3,-89.38,3,Cropping,35015518,5.252328,0,NA,NA,NA,NA,NA,NA,NA,NA,NA,NA,NA,NA,NA,NA,NA,NA,NA,NA,NA,NA,NA,NA,NA,NA,NA,NA
MANAGE_02145,Joint Genome Institute (JGI),DOE Joint Genome Institute  (JGI),NA,United States,WI,43.2958,-89.3799,3,Cropping,18211902,2.731785,0,NA,NA,NA,NA,NA,NA,NA,NA,NA,NA,NA,NA,NA,NA,NA,NA,NA,NA,NA,NA,NA,NA,NA,NA,NA,NA
MANAGE_02146,Joint Genome Institute (JGI),DOE Joint Genome Institute  (JGI),NA,United States,WI,43.3,-89.38,3,Cropping,37312894,5.596934,0,NA,NA,NA,NA,NA,NA,NA,NA,NA,NA,NA,NA,NA,NA,NA,NA,NA,NA,NA,NA,NA,NA,NA,NA,NA,NA
MANAGE_02147,Joint Genome Institute (JGI),DOE Joint Genome Institute  (JGI),NA,United States,WI,43.3,-89.38,3,Cropping,32979374,4.946906,0,NA,NA,NA,NA,NA,NA,NA,NA,NA,NA,NA,NA,NA,NA,NA,NA,NA,NA,NA,NA,NA,NA,NA,NA,NA,NA
MANAGE_02148,Joint Genome Institute (JGI),DOE Joint Genome Institute  (JGI),NA,United States,WI,43.3,-89.38,3,Cropping,31332740,4.699911,0,NA,NA,NA,NA,NA,NA,NA,NA,NA,NA,NA,NA,NA,NA,NA,NA,NA,NA,NA,NA,NA,NA,NA,NA,NA,NA
MANAGE_02149,Joint Genome Institute (JGI),DOE Joint Genome Institute  (JGI),NA,United States,WI,43.2958,-89.3799,3,Cropping,16817570,2.522635,0,NA,NA,NA,NA,NA,NA,NA,NA,NA,NA,NA,NA,NA,NA,NA,NA,NA,NA,NA,NA,NA,NA,NA,NA,NA,NA
MANAGE_02150,Joint Genome Institute (JGI),DOE Joint Genome Institute  (JGI),NA,United States,WI,43.3,-89.38,3,Cropping,35554818,5.333223,0,NA,NA,NA,NA,NA,NA,NA,NA,NA,NA,NA,NA,NA,NA,NA,NA,NA,NA,NA,NA,NA,NA,NA,NA,NA,NA
MANAGE_02151,Joint Genome Institute (JGI),DOE Joint Genome Institute  (JGI),NA,United States,WI,43.3,-89.38,3,Cropping,37349466,5.60242,0,NA,NA,NA,NA,NA,NA,NA,NA,NA,NA,NA,NA,NA,NA,NA,NA,NA,NA,NA,NA,NA,NA,NA,NA,NA,NA
MANAGE_02152,Joint Genome Institute (JGI),DOE Joint Genome Institute  (JGI),NA,United States,WI,43.3,-89.38,3,Cropping,44062012,6.609302,0,NA,NA,NA,NA,NA,NA,NA,NA,NA,NA,NA,NA,NA,NA,NA,NA,NA,NA,NA,NA,NA,NA,NA,NA,NA,NA
MANAGE_02153,Joint Genome Institute (JGI),DOE Joint Genome Institute  (JGI),NA,United States,WI,43.3,-89.38,3,Cropping,42815698,6.422355,0,NA,NA,NA,NA,NA,NA,NA,NA,NA,NA,NA,NA,NA,NA,NA,NA,NA,NA,NA,NA,NA,NA,NA,NA,NA,NA
MANAGE_02154,Joint Genome Institute (JGI),DOE Joint Genome Institute  (JGI),NA,United States,WI,43.3,-89.38,3,Cropping,48472792,7.270919,0,NA,NA,NA,NA,NA,NA,NA,NA,NA,NA,NA,NA,NA,NA,NA,NA,NA,NA,NA,NA,NA,NA,NA,NA,NA,NA
MANAGE_02155,Joint Genome Institute (JGI),DOE Joint Genome Institute  (JGI),NA,United States,WI,43.3,-89.38,3,Cropping,52974944,7.946242,1,NA,NA,NA,NA,NA,NA,NA,NA,NA,NA,NA,NA,NA,NA,NA,NA,NA,NA,NA,NA,NA,NA,NA,NA,NA,NA
MANAGE_02156,Joint Genome Institute (JGI),DOE Joint Genome Institute  (JGI),NA,United States,WI,43.3,-89.38,3,Cropping,40974332,6.14615,0,NA,NA,NA,NA,NA,NA,NA,NA,NA,NA,NA,NA,NA,NA,NA,NA,NA,NA,NA,NA,NA,NA,NA,NA,NA,NA
MANAGE_02157,Joint Genome Institute (JGI),DOE Joint Genome Institute  (JGI),NA,United States,MI,42.4,-85.37,9,Cropping,49501712,7.425257,0,NA,NA,NA,NA,NA,NA,NA,NA,NA,NA,NA,NA,NA,NA,NA,NA,NA,NA,NA,NA,NA,NA,NA,NA,NA,NA
MANAGE_02158,Joint Genome Institute (JGI),DOE Joint Genome Institute  (JGI),NA,United States,WI,43.2958,-89.3799,3,Cropping,16210410,2.431561,0,NA,NA,NA,NA,NA,NA,NA,NA,NA,NA,NA,NA,NA,NA,NA,NA,NA,NA,NA,NA,NA,NA,NA,NA,NA,NA
MANAGE_02159,Joint Genome Institute (JGI),DOE Joint Genome Institute  (JGI),NA,United States,WI,43.2958,-89.3799,3,Cropping,17712740,2.656911,0,NA,NA,NA,NA,NA,NA,NA,NA,NA,NA,NA,NA,NA,NA,NA,NA,NA,NA,NA,NA,NA,NA,NA,NA,NA,NA
MANAGE_02160,Joint Genome Institute (JGI),DOE Joint Genome Institute  (JGI),NA,United States,WI,43.2958,-89.3799,3,Cropping,16532590,2.479888,0,NA,NA,NA,NA,NA,NA,NA,NA,NA,NA,NA,NA,NA,NA,NA,NA,NA,NA,NA,NA,NA,NA,NA,NA,NA,NA
MANAGE_02161,Joint Genome Institute (JGI),DOE Joint Genome Institute  (JGI),NA,United States,WI,43.2958,-89.3799,3,Cropping,17973100,2.695965,0,NA,NA,NA,NA,NA,NA,NA,NA,NA,NA,NA,NA,NA,NA,NA,NA,NA,NA,NA,NA,NA,NA,NA,NA,NA,NA
MANAGE_02162,Joint Genome Institute (JGI),DOE Joint Genome Institute  (JGI),NA,United States,WI,43.3,-89.38,3,Cropping,35359636,5.303945,0,NA,NA,NA,NA,NA,NA,NA,NA,NA,NA,NA,NA,NA,NA,NA,NA,NA,NA,NA,NA,NA,NA,NA,NA,NA,NA
MANAGE_02163,Joint Genome Institute (JGI),DOE Joint Genome Institute  (JGI),NA,United States,WI,43.3,-89.38,3,Cropping,38770522,5.815578,0,NA,NA,NA,NA,NA,NA,NA,NA,NA,NA,NA,NA,NA,NA,NA,NA,NA,NA,NA,NA,NA,NA,NA,NA,NA,NA
MANAGE_02164,Joint Genome Institute (JGI),DOE Joint Genome Institute  (JGI),NA,United States,WI,43.2958,-89.3799,3,Cropping,27900788,4.185118,0,NA,NA,NA,NA,NA,NA,NA,NA,NA,NA,NA,NA,NA,NA,NA,NA,NA,NA,NA,NA,NA,NA,NA,NA,NA,NA
MANAGE_02165,Joint Genome Institute (JGI),DOE Joint Genome Institute  (JGI),NA,United States,WI,43.2958,-89.3799,3,Cropping,25743364,3.861505,0,NA,NA,NA,NA,NA,NA,NA,NA,NA,NA,NA,NA,NA,NA,NA,NA,NA,NA,NA,NA,NA,NA,NA,NA,NA,NA
MANAGE_02166,Joint Genome Institute (JGI),DOE Joint Genome Institute  (JGI),NA,United States,WI,43.2958,-89.3799,3,Cropping,25376432,3.806465,0,NA,NA,NA,NA,NA,NA,NA,NA,NA,NA,NA,NA,NA,NA,NA,NA,NA,NA,NA,NA,NA,NA,NA,NA,NA,NA
MANAGE_02167,Joint Genome Institute (JGI),DOE Joint Genome Institute  (JGI),NA,United States,WI,43.2958,-89.3799,3,Cropping,26041582,3.906237,0,NA,NA,NA,NA,NA,NA,NA,NA,NA,NA,NA,NA,NA,NA,NA,NA,NA,NA,NA,NA,NA,NA,NA,NA,NA,NA
MANAGE_02168,Joint Genome Institute (JGI),DOE Joint Genome Institute  (JGI),NA,United States,WI,43.2958,-89.3799,3,Cropping,27495248,4.124287,0,NA,NA,NA,NA,NA,NA,NA,NA,NA,NA,NA,NA,NA,NA,NA,NA,NA,NA,NA,NA,NA,NA,NA,NA,NA,NA
MANAGE_02169,Joint Genome Institute (JGI),DOE Joint Genome Institute  (JGI),NA,United States,WI,43.2958,-89.3799,3,Cropping,17431322,2.614698,0,NA,NA,NA,NA,NA,NA,NA,NA,NA,NA,NA,NA,NA,NA,NA,NA,NA,NA,NA,NA,NA,NA,NA,NA,NA,NA
MANAGE_02170,Joint Genome Institute (JGI),DOE Joint Genome Institute  (JGI),NA,United States,MI,42.4,-85.37,9,Cropping,54894140,8.234121,0,NA,NA,NA,NA,NA,NA,NA,NA,NA,NA,NA,NA,NA,NA,NA,NA,NA,NA,NA,NA,NA,NA,NA,NA,NA,NA
MANAGE_02171,Joint Genome Institute (JGI),DOE Joint Genome Institute  (JGI),NA,United States,WI,43.2958,-89.3799,3,Cropping,18869422,2.830413,0,NA,NA,NA,NA,NA,NA,NA,NA,NA,NA,NA,NA,NA,NA,NA,NA,NA,NA,NA,NA,NA,NA,NA,NA,NA,NA
MANAGE_02172,Joint Genome Institute (JGI),DOE Joint Genome Institute  (JGI),NA,United States,WI,43.2958,-89.3799,3,Cropping,18761210,2.814182,0,NA,NA,NA,NA,NA,NA,NA,NA,NA,NA,NA,NA,NA,NA,NA,NA,NA,NA,NA,NA,NA,NA,NA,NA,NA,NA
MANAGE_02173,Joint Genome Institute (JGI),DOE Joint Genome Institute  (JGI),NA,United States,WI,43.56,-89.32,3,Cropping,28229412,4.234412,1,NA,NA,NA,NA,NA,NA,NA,NA,NA,NA,NA,NA,NA,NA,NA,NA,NA,NA,NA,NA,NA,NA,NA,NA,NA,NA
MANAGE_02174,Joint Genome Institute (JGI),DOE Joint Genome Institute  (JGI),NA,United States,WI,43.56,-89.32,3,Cropping,26613298,3.991995,0,NA,NA,NA,NA,NA,NA,NA,NA,NA,NA,NA,NA,NA,NA,NA,NA,NA,NA,NA,NA,NA,NA,NA,NA,NA,NA
MANAGE_02175,Joint Genome Institute (JGI),DOE Joint Genome Institute  (JGI),NA,United States,WI,43.3,-89.38,3,Cropping,32530732,4.87961,0,NA,NA,NA,NA,NA,NA,NA,NA,NA,NA,NA,NA,NA,NA,NA,NA,NA,NA,NA,NA,NA,NA,NA,NA,NA,NA
MANAGE_02176,Joint Genome Institute (JGI),DOE Joint Genome Institute  (JGI),NA,United States,MI,42.4,-85.37,9,Cropping,23253006,3.487951,0,NA,NA,NA,NA,NA,NA,NA,NA,NA,NA,NA,NA,NA,NA,NA,NA,NA,NA,NA,NA,NA,NA,NA,NA,NA,NA
MANAGE_02177,Joint Genome Institute (JGI),DOE Joint Genome Institute  (JGI),NA,United States,WI,43.3,-89.38,3,Cropping,57213912,8.582087,0,NA,NA,NA,NA,NA,NA,NA,NA,NA,NA,NA,NA,NA,NA,NA,NA,NA,NA,NA,NA,NA,NA,NA,NA,NA,NA
MANAGE_02178,Joint Genome Institute (JGI),DOE Joint Genome Institute  (JGI),NA,United States,WI,43.2958,-89.3799,3,Cropping,25620824,3.843124,0,NA,NA,NA,NA,NA,NA,NA,NA,NA,NA,NA,NA,NA,NA,NA,NA,NA,NA,NA,NA,NA,NA,NA,NA,NA,NA
MANAGE_02179,Joint Genome Institute (JGI),DOE Joint Genome Institute  (JGI),NA,United States,WI,43.2958,-89.3799,3,Cropping,24671210,3.700681,0,NA,NA,NA,NA,NA,NA,NA,NA,NA,NA,NA,NA,NA,NA,NA,NA,NA,NA,NA,NA,NA,NA,NA,NA,NA,NA
MANAGE_02180,Joint Genome Institute (JGI),DOE Joint Genome Institute  (JGI),NA,United States,WI,43.2958,-89.3799,3,Cropping,16084900,2.412735,0,NA,NA,NA,NA,NA,NA,NA,NA,NA,NA,NA,NA,NA,NA,NA,NA,NA,NA,NA,NA,NA,NA,NA,NA,NA,NA
MANAGE_02181,Joint Genome Institute (JGI),DOE Joint Genome Institute  (JGI),NA,United States,WI,43.3,-89.38,3,Cropping,31434928,4.715239,0,NA,NA,NA,NA,NA,NA,NA,NA,NA,NA,NA,NA,NA,NA,NA,NA,NA,NA,NA,NA,NA,NA,NA,NA,NA,NA
MANAGE_02182,Joint Genome Institute (JGI),DOE Joint Genome Institute  (JGI),NA,United States,WI,43.2958,-89.3799,3,Cropping,29934028,4.490104,0,NA,NA,NA,NA,NA,NA,NA,NA,NA,NA,NA,NA,NA,NA,NA,NA,NA,NA,NA,NA,NA,NA,NA,NA,NA,NA
MANAGE_02183,Joint Genome Institute (JGI),DOE Joint Genome Institute  (JGI),NA,United States,WI,43.2958,-89.3799,3,Cropping,24737420,3.710613,0,NA,NA,NA,NA,NA,NA,NA,NA,NA,NA,NA,NA,NA,NA,NA,NA,NA,NA,NA,NA,NA,NA,NA,NA,NA,NA
MANAGE_02184,Joint Genome Institute (JGI),DOE Joint Genome Institute  (JGI),NA,United States,WI,43.2958,-89.3799,3,Cropping,27908982,4.186347,0,NA,NA,NA,NA,NA,NA,NA,NA,NA,NA,NA,NA,NA,NA,NA,NA,NA,NA,NA,NA,NA,NA,NA,NA,NA,NA
MANAGE_02185,Joint Genome Institute (JGI),DOE Joint Genome Institute  (JGI),NA,United States,WI,43.2958,-89.3799,3,Cropping,28108086,4.216213,0,NA,NA,NA,NA,NA,NA,NA,NA,NA,NA,NA,NA,NA,NA,NA,NA,NA,NA,NA,NA,NA,NA,NA,NA,NA,NA
MANAGE_02186,Joint Genome Institute (JGI),DOE Joint Genome Institute  (JGI),NA,United States,WI,43.2958,-89.3799,3,Cropping,30080932,4.51214,0,NA,NA,NA,NA,NA,NA,NA,NA,NA,NA,NA,NA,NA,NA,NA,NA,NA,NA,NA,NA,NA,NA,NA,NA,NA,NA
MANAGE_02187,Joint Genome Institute (JGI),DOE Joint Genome Institute  (JGI),NA,United States,WI,43.2958,-89.3799,3,Cropping,27018040,4.052706,0,NA,NA,NA,NA,NA,NA,NA,NA,NA,NA,NA,NA,NA,NA,NA,NA,NA,NA,NA,NA,NA,NA,NA,NA,NA,NA
MANAGE_02188,Joint Genome Institute (JGI),DOE Joint Genome Institute  (JGI),NA,United States,WI,43.2958,-89.3799,3,Cropping,25812630,3.871894,0,NA,NA,NA,NA,NA,NA,NA,NA,NA,NA,NA,NA,NA,NA,NA,NA,NA,NA,NA,NA,NA,NA,NA,NA,NA,NA
MANAGE_02189,Joint Genome Institute (JGI),DOE Joint Genome Institute  (JGI),NA,United States,WI,43.2958,-89.3799,3,Cropping,24990938,3.748641,0,NA,NA,NA,NA,NA,NA,NA,NA,NA,NA,NA,NA,NA,NA,NA,NA,NA,NA,NA,NA,NA,NA,NA,NA,NA,NA
MANAGE_02190,Joint Genome Institute (JGI),DOE Joint Genome Institute  (JGI),NA,United States,WI,43.2958,-89.3799,3,Cropping,24137972,3.620696,0,NA,NA,NA,NA,NA,NA,NA,NA,NA,NA,NA,NA,NA,NA,NA,NA,NA,NA,NA,NA,NA,NA,NA,NA,NA,NA
MANAGE_02191,Joint Genome Institute (JGI),DOE Joint Genome Institute  (JGI),NA,United States,WI,43.2958,-89.3799,3,Cropping,25897906,3.884686,0,NA,NA,NA,NA,NA,NA,NA,NA,NA,NA,NA,NA,NA,NA,NA,NA,NA,NA,NA,NA,NA,NA,NA,NA,NA,NA
MANAGE_02192,Joint Genome Institute (JGI),DOE Joint Genome Institute  (JGI),NA,United States,WI,43.2958,-89.3799,3,Cropping,23984386,3.597658,0,NA,NA,NA,NA,NA,NA,NA,NA,NA,NA,NA,NA,NA,NA,NA,NA,NA,NA,NA,NA,NA,NA,NA,NA,NA,NA
MANAGE_02193,Joint Genome Institute (JGI),DOE Joint Genome Institute  (JGI),NA,United States,WI,43.3,-89.38,3,Cropping,30335764,4.550365,0,NA,NA,NA,NA,NA,NA,NA,NA,NA,NA,NA,NA,NA,NA,NA,NA,NA,NA,NA,NA,NA,NA,NA,NA,NA,NA
MANAGE_02194,Joint Genome Institute (JGI),DOE Joint Genome Institute  (JGI),NA,United States,WI,43.3,-89.38,3,Cropping,26792682,4.018902,0,NA,NA,NA,NA,NA,NA,NA,NA,NA,NA,NA,NA,NA,NA,NA,NA,NA,NA,NA,NA,NA,NA,NA,NA,NA,NA
MANAGE_02195,Joint Genome Institute (JGI),DOE Joint Genome Institute  (JGI),NA,United States,WI,43.3,-89.38,3,Cropping,34511566,5.176735,0,NA,NA,NA,NA,NA,NA,NA,NA,NA,NA,NA,NA,NA,NA,NA,NA,NA,NA,NA,NA,NA,NA,NA,NA,NA,NA
MANAGE_02196,Joint Genome Institute (JGI),DOE Joint Genome Institute  (JGI),NA,United States,WI,43.3,-89.38,3,Cropping,22915258,3.437289,0,NA,NA,NA,NA,NA,NA,NA,NA,NA,NA,NA,NA,NA,NA,NA,NA,NA,NA,NA,NA,NA,NA,NA,NA,NA,NA
MANAGE_02197,Joint Genome Institute (JGI),DOE Joint Genome Institute  (JGI),NA,United States,WI,43.3,-89.38,3,Cropping,21794350,3.269153,0,NA,NA,NA,NA,NA,NA,NA,NA,NA,NA,NA,NA,NA,NA,NA,NA,NA,NA,NA,NA,NA,NA,NA,NA,NA,NA
MANAGE_02198,Joint Genome Institute (JGI),DOE Joint Genome Institute  (JGI),NA,United States,WI,43.3,-89.38,3,Cropping,28088404,4.213261,0,NA,NA,NA,NA,NA,NA,NA,NA,NA,NA,NA,NA,NA,NA,NA,NA,NA,NA,NA,NA,NA,NA,NA,NA,NA,NA
MANAGE_02199,Joint Genome Institute (JGI),DOE Joint Genome Institute  (JGI),NA,United States,WI,43.3,-89.38,3,Cropping,22481544,3.372232,0,NA,NA,NA,NA,NA,NA,NA,NA,NA,NA,NA,NA,NA,NA,NA,NA,NA,NA,NA,NA,NA,NA,NA,NA,NA,NA
MANAGE_02200,Joint Genome Institute (JGI),DOE Joint Genome Institute  (JGI),NA,United States,WI,43.3,-89.38,3,Cropping,30865322,4.629798,0,NA,NA,NA,NA,NA,NA,NA,NA,NA,NA,NA,NA,NA,NA,NA,NA,NA,NA,NA,NA,NA,NA,NA,NA,NA,NA
MANAGE_02201,Joint Genome Institute (JGI),DOE Joint Genome Institute  (JGI),NA,United States,WI,43.3,-89.38,3,Cropping,38139036,5.720855,0,NA,NA,NA,NA,NA,NA,NA,NA,NA,NA,NA,NA,NA,NA,NA,NA,NA,NA,NA,NA,NA,NA,NA,NA,NA,NA
MANAGE_02202,Joint Genome Institute (JGI),DOE Joint Genome Institute  (JGI),NA,United States,WI,43.3,-89.38,3,Cropping,26939916,4.040987,0,NA,NA,NA,NA,NA,NA,NA,NA,NA,NA,NA,NA,NA,NA,NA,NA,NA,NA,NA,NA,NA,NA,NA,NA,NA,NA
MANAGE_02203,Joint Genome Institute (JGI),DOE Joint Genome Institute  (JGI),NA,United States,WI,43.3,-89.38,3,Cropping,26916264,4.03744,0,NA,NA,NA,NA,NA,NA,NA,NA,NA,NA,NA,NA,NA,NA,NA,NA,NA,NA,NA,NA,NA,NA,NA,NA,NA,NA
MANAGE_02204,Joint Genome Institute (JGI),DOE Joint Genome Institute  (JGI),NA,United States,WI,43.3,-89.38,3,Cropping,33237398,4.98561,0,NA,NA,NA,NA,NA,NA,NA,NA,NA,NA,NA,NA,NA,NA,NA,NA,NA,NA,NA,NA,NA,NA,NA,NA,NA,NA
MANAGE_02205,Joint Genome Institute (JGI),DOE Joint Genome Institute  (JGI),NA,United States,WI,43.3,-89.38,3,Cropping,26528342,3.979251,0,NA,NA,NA,NA,NA,NA,NA,NA,NA,NA,NA,NA,NA,NA,NA,NA,NA,NA,NA,NA,NA,NA,NA,NA,NA,NA
MANAGE_02206,Joint Genome Institute (JGI),DOE Joint Genome Institute  (JGI),NA,United States,WI,43.3,-89.38,3,Cropping,25000422,3.750063,0,NA,NA,NA,NA,NA,NA,NA,NA,NA,NA,NA,NA,NA,NA,NA,NA,NA,NA,NA,NA,NA,NA,NA,NA,NA,NA
MANAGE_02207,Joint Genome Institute (JGI),DOE Joint Genome Institute  (JGI),NA,United States,MI,42.4,-85.37,9,Cropping,41452060,6.217809,0,NA,NA,NA,NA,NA,NA,NA,NA,NA,NA,NA,NA,NA,NA,NA,NA,NA,NA,NA,NA,NA,NA,NA,NA,NA,NA
MANAGE_02208,Joint Genome Institute (JGI),DOE Joint Genome Institute  (JGI),NA,United States,WI,43.3,-89.38,3,Cropping,22697486,3.404623,0,NA,NA,NA,NA,NA,NA,NA,NA,NA,NA,NA,NA,NA,NA,NA,NA,NA,NA,NA,NA,NA,NA,NA,NA,NA,NA
MANAGE_02209,Joint Genome Institute (JGI),DOE Joint Genome Institute  (JGI),NA,United States,MI,42.4,-85.37,9,Cropping,42125582,6.318837,0,NA,NA,NA,NA,NA,NA,NA,NA,NA,NA,NA,NA,NA,NA,NA,NA,NA,NA,NA,NA,NA,NA,NA,NA,NA,NA
MANAGE_02210,Joint Genome Institute (JGI),DOE Joint Genome Institute  (JGI),NA,United States,WI,43.3,-89.38,3,Cropping,34783648,5.217547,0,NA,NA,NA,NA,NA,NA,NA,NA,NA,NA,NA,NA,NA,NA,NA,NA,NA,NA,NA,NA,NA,NA,NA,NA,NA,NA
MANAGE_02211,Joint Genome Institute (JGI),DOE Joint Genome Institute  (JGI),NA,United States,MI,42.4,-85.37,9,Cropping,29341434,4.401215,0,NA,NA,NA,NA,NA,NA,NA,NA,NA,NA,NA,NA,NA,NA,NA,NA,NA,NA,NA,NA,NA,NA,NA,NA,NA,NA
MANAGE_02212,Joint Genome Institute (JGI),DOE Joint Genome Institute  (JGI),NA,United States,MI,42.4,-85.37,9,Cropping,22585596,3.387839,0,NA,NA,NA,NA,NA,NA,NA,NA,NA,NA,NA,NA,NA,NA,NA,NA,NA,NA,NA,NA,NA,NA,NA,NA,NA,NA
MANAGE_02213,Joint Genome Institute (JGI),DOE Joint Genome Institute  (JGI),NA,United States,MI,42.4,-85.37,9,Cropping,20968262,3.145239,0,NA,NA,NA,NA,NA,NA,NA,NA,NA,NA,NA,NA,NA,NA,NA,NA,NA,NA,NA,NA,NA,NA,NA,NA,NA,NA
MANAGE_02214,Joint Genome Institute (JGI),DOE Joint Genome Institute  (JGI),NA,United States,MI,42.4,-85.37,9,Cropping,24995120,3.749268,0,NA,NA,NA,NA,NA,NA,NA,NA,NA,NA,NA,NA,NA,NA,NA,NA,NA,NA,NA,NA,NA,NA,NA,NA,NA,NA
MANAGE_02215,Joint Genome Institute (JGI),DOE Joint Genome Institute  (JGI),NA,United States,WI,43.3,-89.38,3,Cropping,43813950,6.572093,0,NA,NA,NA,NA,NA,NA,NA,NA,NA,NA,NA,NA,NA,NA,NA,NA,NA,NA,NA,NA,NA,NA,NA,NA,NA,NA
MANAGE_02216,Joint Genome Institute (JGI),DOE Joint Genome Institute  (JGI),NA,United States,MI,42.4,-85.37,9,Cropping,30195510,4.529326,0,NA,NA,NA,NA,NA,NA,NA,NA,NA,NA,NA,NA,NA,NA,NA,NA,NA,NA,NA,NA,NA,NA,NA,NA,NA,NA
MANAGE_02217,Joint Genome Institute (JGI),DOE Joint Genome Institute  (JGI),NA,United States,WI,43.3,-89.38,3,Cropping,42200182,6.330027,0,NA,NA,NA,NA,NA,NA,NA,NA,NA,NA,NA,NA,NA,NA,NA,NA,NA,NA,NA,NA,NA,NA,NA,NA,NA,NA
MANAGE_02218,Joint Genome Institute (JGI),DOE Joint Genome Institute  (JGI),NA,United States,MI,42.4,-85.37,9,Cropping,27211518,4.081728,0,NA,NA,NA,NA,NA,NA,NA,NA,NA,NA,NA,NA,NA,NA,NA,NA,NA,NA,NA,NA,NA,NA,NA,NA,NA,NA
MANAGE_02219,Joint Genome Institute (JGI),DOE Joint Genome Institute  (JGI),NA,United States,MI,42.4,-85.37,9,Cropping,23571640,3.535746,0,NA,NA,NA,NA,NA,NA,NA,NA,NA,NA,NA,NA,NA,NA,NA,NA,NA,NA,NA,NA,NA,NA,NA,NA,NA,NA
MANAGE_02220,Joint Genome Institute (JGI),DOE Joint Genome Institute  (JGI),NA,United States,MI,42.4,-85.37,9,Cropping,24811186,3.721678,0,NA,NA,NA,NA,NA,NA,NA,NA,NA,NA,NA,NA,NA,NA,NA,NA,NA,NA,NA,NA,NA,NA,NA,NA,NA,NA
MANAGE_02221,Joint Genome Institute (JGI),DOE Joint Genome Institute  (JGI),NA,United States,MI,42.4,-85.37,9,Cropping,21100482,3.165072,0,NA,NA,NA,NA,NA,NA,NA,NA,NA,NA,NA,NA,NA,NA,NA,NA,NA,NA,NA,NA,NA,NA,NA,NA,NA,NA
MANAGE_02222,Joint Genome Institute (JGI),DOE Joint Genome Institute  (JGI),NA,United States,MI,42.4,-85.37,9,Cropping,26141856,3.921278,0,NA,NA,NA,NA,NA,NA,NA,NA,NA,NA,NA,NA,NA,NA,NA,NA,NA,NA,NA,NA,NA,NA,NA,NA,NA,NA
MANAGE_02223,Joint Genome Institute (JGI),DOE Joint Genome Institute  (JGI),NA,United States,MI,42.4,-85.37,9,Cropping,28008892,4.201334,0,NA,NA,NA,NA,NA,NA,NA,NA,NA,NA,NA,NA,NA,NA,NA,NA,NA,NA,NA,NA,NA,NA,NA,NA,NA,NA
MANAGE_02224,Joint Genome Institute (JGI),DOE Joint Genome Institute  (JGI),NA,United States,WI,43.42,-89.33,3,Cropping,48596860,7.289529,0,NA,NA,NA,NA,NA,NA,NA,NA,NA,NA,NA,NA,NA,NA,NA,NA,NA,NA,NA,NA,NA,NA,NA,NA,NA,NA
MANAGE_02225,Joint Genome Institute (JGI),DOE Joint Genome Institute  (JGI),NA,United States,MI,42.4,-85.37,9,Cropping,23862548,3.579382,0,NA,NA,NA,NA,NA,NA,NA,NA,NA,NA,NA,NA,NA,NA,NA,NA,NA,NA,NA,NA,NA,NA,NA,NA,NA,NA
MANAGE_02226,Joint Genome Institute (JGI),DOE Joint Genome Institute  (JGI),NA,United States,MI,42.4,-85.37,9,Cropping,26930926,4.039639,0,NA,NA,NA,NA,NA,NA,NA,NA,NA,NA,NA,NA,NA,NA,NA,NA,NA,NA,NA,NA,NA,NA,NA,NA,NA,NA
MANAGE_02227,Joint Genome Institute (JGI),DOE Joint Genome Institute  (JGI),NA,United States,WI,43.42,-89.32,3,Cropping,47787476,7.168121,0,NA,NA,NA,NA,NA,NA,NA,NA,NA,NA,NA,NA,NA,NA,NA,NA,NA,NA,NA,NA,NA,NA,NA,NA,NA,NA
MANAGE_02228,Joint Genome Institute (JGI),DOE Joint Genome Institute  (JGI),NA,United States,WI,43.42,-89.32,3,Cropping,46698822,7.004823,0,NA,NA,NA,NA,NA,NA,NA,NA,NA,NA,NA,NA,NA,NA,NA,NA,NA,NA,NA,NA,NA,NA,NA,NA,NA,NA
MANAGE_02229,Joint Genome Institute (JGI),DOE Joint Genome Institute  (JGI),NA,United States,WI,43.42,-89.32,3,Cropping,48258502,7.238775,0,NA,NA,NA,NA,NA,NA,NA,NA,NA,NA,NA,NA,NA,NA,NA,NA,NA,NA,NA,NA,NA,NA,NA,NA,NA,NA
MANAGE_02230,Joint Genome Institute (JGI),DOE Joint Genome Institute  (JGI),NA,United States,WI,43.42,-89.32,3,Cropping,50636054,7.595408,1,NA,NA,NA,NA,NA,NA,NA,NA,NA,NA,NA,NA,NA,NA,NA,NA,NA,NA,NA,NA,NA,NA,NA,NA,NA,NA
MANAGE_02231,Joint Genome Institute (JGI),DOE Joint Genome Institute  (JGI),NA,United States,WI,43.42,-89.32,3,Cropping,55029464,8.25442,0,NA,NA,NA,NA,NA,NA,NA,NA,NA,NA,NA,NA,NA,NA,NA,NA,NA,NA,NA,NA,NA,NA,NA,NA,NA,NA
MANAGE_02232,Joint Genome Institute (JGI),DOE Joint Genome Institute  (JGI),NA,United States,WI,43.42,-89.33,3,Cropping,46057778,6.908667,0,NA,NA,NA,NA,NA,NA,NA,NA,NA,NA,NA,NA,NA,NA,NA,NA,NA,NA,NA,NA,NA,NA,NA,NA,NA,NA
MANAGE_02233,Joint Genome Institute (JGI),DOE Joint Genome Institute  (JGI),NA,United States,WI,43.3,-89.38,3,Cropping,29419602,4.41294,0,NA,NA,NA,NA,NA,NA,NA,NA,NA,NA,NA,NA,NA,NA,NA,NA,NA,NA,NA,NA,NA,NA,NA,NA,NA,NA
MANAGE_02234,Joint Genome Institute (JGI),DOE Joint Genome Institute  (JGI),NA,United States,WI,43.3,-89.38,3,Cropping,31952618,4.792893,0,NA,NA,NA,NA,NA,NA,NA,NA,NA,NA,NA,NA,NA,NA,NA,NA,NA,NA,NA,NA,NA,NA,NA,NA,NA,NA
MANAGE_02235,Joint Genome Institute (JGI),DOE Joint Genome Institute  (JGI),NA,United States,WI,43.3,-89.38,3,Cropping,35014860,5.252229,0,NA,NA,NA,NA,NA,NA,NA,NA,NA,NA,NA,NA,NA,NA,NA,NA,NA,NA,NA,NA,NA,NA,NA,NA,NA,NA
MANAGE_02236,Joint Genome Institute (JGI),DOE Joint Genome Institute  (JGI),NA,United States,WI,43.3,-89.38,3,Cropping,31823034,4.773455,0,NA,NA,NA,NA,NA,NA,NA,NA,NA,NA,NA,NA,NA,NA,NA,NA,NA,NA,NA,NA,NA,NA,NA,NA,NA,NA
MANAGE_02237,Joint Genome Institute (JGI),DOE Joint Genome Institute  (JGI),NA,United States,WI,43.3,-89.38,3,Cropping,28918366,4.337755,0,NA,NA,NA,NA,NA,NA,NA,NA,NA,NA,NA,NA,NA,NA,NA,NA,NA,NA,NA,NA,NA,NA,NA,NA,NA,NA
MANAGE_02238,Joint Genome Institute (JGI),DOE Joint Genome Institute  (JGI),NA,United States,WI,43.3,-89.38,3,Cropping,21383198,3.20748,0,NA,NA,NA,NA,NA,NA,NA,NA,NA,NA,NA,NA,NA,NA,NA,NA,NA,NA,NA,NA,NA,NA,NA,NA,NA,NA
MANAGE_02239,Joint Genome Institute (JGI),DOE Joint Genome Institute  (JGI),NA,United States,WI,43.3,-89.38,3,Cropping,24506388,3.675958,0,NA,NA,NA,NA,NA,NA,NA,NA,NA,NA,NA,NA,NA,NA,NA,NA,NA,NA,NA,NA,NA,NA,NA,NA,NA,NA
MANAGE_02240,Joint Genome Institute (JGI),DOE Joint Genome Institute  (JGI),NA,United States,WI,43.3,-89.38,3,Cropping,27936334,4.19045,0,NA,NA,NA,NA,NA,NA,NA,NA,NA,NA,NA,NA,NA,NA,NA,NA,NA,NA,NA,NA,NA,NA,NA,NA,NA,NA
MANAGE_02241,Joint Genome Institute (JGI),DOE Joint Genome Institute  (JGI),NA,United States,WI,43.3,-89.38,3,Cropping,23249482,3.487422,0,NA,NA,NA,NA,NA,NA,NA,NA,NA,NA,NA,NA,NA,NA,NA,NA,NA,NA,NA,NA,NA,NA,NA,NA,NA,NA
MANAGE_02242,Joint Genome Institute (JGI),DOE Joint Genome Institute  (JGI),NA,United States,WI,43.3,-89.38,3,Cropping,23027272,3.454091,0,NA,NA,NA,NA,NA,NA,NA,NA,NA,NA,NA,NA,NA,NA,NA,NA,NA,NA,NA,NA,NA,NA,NA,NA,NA,NA
MANAGE_02243,Joint Genome Institute (JGI),DOE Joint Genome Institute  (JGI),NA,United States,WI,43.3,-89.38,3,Cropping,26370234,3.955535,0,NA,NA,NA,NA,NA,NA,NA,NA,NA,NA,NA,NA,NA,NA,NA,NA,NA,NA,NA,NA,NA,NA,NA,NA,NA,NA
MANAGE_02244,Joint Genome Institute (JGI),DOE Joint Genome Institute  (JGI),NA,United States,WI,43.3,-89.38,3,Cropping,27912636,4.186895,0,NA,NA,NA,NA,NA,NA,NA,NA,NA,NA,NA,NA,NA,NA,NA,NA,NA,NA,NA,NA,NA,NA,NA,NA,NA,NA
MANAGE_02245,Joint Genome Institute (JGI),DOE Joint Genome Institute  (JGI),NA,United States,WI,43.3,-89.38,3,Cropping,31732744,4.759912,0,NA,NA,NA,NA,NA,NA,NA,NA,NA,NA,NA,NA,NA,NA,NA,NA,NA,NA,NA,NA,NA,NA,NA,NA,NA,NA
MANAGE_02246,Joint Genome Institute (JGI),DOE Joint Genome Institute  (JGI),NA,United States,WI,43.3,-89.38,3,Cropping,33043342,4.956501,0,NA,NA,NA,NA,NA,NA,NA,NA,NA,NA,NA,NA,NA,NA,NA,NA,NA,NA,NA,NA,NA,NA,NA,NA,NA,NA
MANAGE_02247,Joint Genome Institute (JGI),DOE Joint Genome Institute  (JGI),NA,United States,WI,43.3,-89.38,3,Cropping,27737486,4.160623,0,NA,NA,NA,NA,NA,NA,NA,NA,NA,NA,NA,NA,NA,NA,NA,NA,NA,NA,NA,NA,NA,NA,NA,NA,NA,NA
MANAGE_02248,Joint Genome Institute (JGI),DOE Joint Genome Institute  (JGI),NA,United States,WI,43.3,-89.38,3,Cropping,29448992,4.417349,0,NA,NA,NA,NA,NA,NA,NA,NA,NA,NA,NA,NA,NA,NA,NA,NA,NA,NA,NA,NA,NA,NA,NA,NA,NA,NA
MANAGE_02249,Joint Genome Institute (JGI),DOE Joint Genome Institute  (JGI),NA,United States,WI,43.3,-89.38,3,Cropping,34933728,5.240059,0,NA,NA,NA,NA,NA,NA,NA,NA,NA,NA,NA,NA,NA,NA,NA,NA,NA,NA,NA,NA,NA,NA,NA,NA,NA,NA
MANAGE_02250,Joint Genome Institute (JGI),DOE Joint Genome Institute  (JGI),NA,United States,WI,43.3,-89.38,3,Cropping,35763002,5.36445,0,NA,NA,NA,NA,NA,NA,NA,NA,NA,NA,NA,NA,NA,NA,NA,NA,NA,NA,NA,NA,NA,NA,NA,NA,NA,NA
MANAGE_02251,Joint Genome Institute (JGI),DOE Joint Genome Institute  (JGI),NA,United States,WI,43.3,-89.38,3,Cropping,40808616,6.121292,0,NA,NA,NA,NA,NA,NA,NA,NA,NA,NA,NA,NA,NA,NA,NA,NA,NA,NA,NA,NA,NA,NA,NA,NA,NA,NA
MANAGE_02252,Joint Genome Institute (JGI),DOE Joint Genome Institute  (JGI),NA,United States,WI,43.3,-89.38,3,Cropping,76216882,11.508749,0,NA,NA,NA,NA,NA,NA,NA,NA,NA,NA,NA,NA,NA,NA,NA,NA,NA,NA,NA,NA,NA,NA,NA,NA,NA,NA
MANAGE_02253,Joint Genome Institute (JGI),DOE Joint Genome Institute  (JGI),NA,United States,WI,43.3,-89.38,3,Cropping,69220054,10.452228,1,NA,NA,NA,NA,NA,NA,NA,NA,NA,NA,NA,NA,NA,NA,NA,NA,NA,NA,NA,NA,NA,NA,NA,NA,NA,NA
MANAGE_02254,Joint Genome Institute (JGI),DOE Joint Genome Institute  (JGI),NA,United States,MI,42.4406,-84.3357,12,Cropping,189823944,28.663416,2,NA,NA,NA,NA,NA,NA,NA,NA,NA,NA,NA,NA,NA,NA,NA,NA,NA,NA,NA,NA,NA,NA,NA,NA,NA,NA
MANAGE_02255,Joint Genome Institute (JGI),DOE Joint Genome Institute  (JGI),NA,United States,MI,42.4406,-84.3357,12,Cropping,151443280,22.867935,1,NA,NA,NA,NA,NA,NA,NA,NA,NA,NA,NA,NA,NA,NA,NA,NA,NA,NA,NA,NA,NA,NA,NA,NA,NA,NA
MANAGE_02256,Joint Genome Institute (JGI),DOE Joint Genome Institute  (JGI),NA,United States,MI,42.4406,-84.3357,12,Cropping,193205132,29.173975,3,NA,NA,NA,NA,NA,NA,NA,NA,NA,NA,NA,NA,NA,NA,NA,NA,NA,NA,NA,NA,NA,NA,NA,NA,NA,NA
MANAGE_02257,Joint Genome Institute (JGI),DOE Joint Genome Institute  (JGI),NA,United States,MI,42.4406,-84.3357,12,Cropping,184860204,27.913891,5,NA,NA,NA,NA,NA,NA,NA,NA,NA,NA,NA,NA,NA,NA,NA,NA,NA,NA,NA,NA,NA,NA,NA,NA,NA,NA
MANAGE_02258,Joint Genome Institute (JGI),DOE Joint Genome Institute  (JGI),NA,United States,MI,42.4406,-84.3357,12,Cropping,190697850,28.795375,5,NA,NA,NA,NA,NA,NA,NA,NA,NA,NA,NA,NA,NA,NA,NA,NA,NA,NA,NA,NA,NA,NA,NA,NA,NA,NA
MANAGE_02259,Joint Genome Institute (JGI),DOE Joint Genome Institute  (JGI),NA,United States,MI,42.4406,-84.3357,12,Cropping,192041580,28.998279,2,NA,NA,NA,NA,NA,NA,NA,NA,NA,NA,NA,NA,NA,NA,NA,NA,NA,NA,NA,NA,NA,NA,NA,NA,NA,NA
MANAGE_02260,Joint Genome Institute (JGI),DOE Joint Genome Institute  (JGI),NA,United States,MI,42.4406,-84.3357,12,Cropping,170923878,25.809506,5,NA,NA,NA,NA,NA,NA,NA,NA,NA,NA,NA,NA,NA,NA,NA,NA,NA,NA,NA,NA,NA,NA,NA,NA,NA,NA
MANAGE_02261,Joint Genome Institute (JGI),DOE Joint Genome Institute  (JGI),NA,United States,MI,42.4406,-84.3357,12,Cropping,161419626,24.374364,1,NA,NA,NA,NA,NA,NA,NA,NA,NA,NA,NA,NA,NA,NA,NA,NA,NA,NA,NA,NA,NA,NA,NA,NA,NA,NA
MANAGE_02262,Joint Genome Institute (JGI),DOE Joint Genome Institute  (JGI),NA,United States,MI,42.4406,-84.3357,12,Cropping,170071058,25.68073,3,NA,NA,NA,NA,NA,NA,NA,NA,NA,NA,NA,NA,NA,NA,NA,NA,NA,NA,NA,NA,NA,NA,NA,NA,NA,NA
MANAGE_02263,Joint Genome Institute (JGI),DOE Joint Genome Institute  (JGI),NA,United States,MI,42.4406,-84.3357,12,Cropping,181845776,27.458712,3,NA,NA,NA,NA,NA,NA,NA,NA,NA,NA,NA,NA,NA,NA,NA,NA,NA,NA,NA,NA,NA,NA,NA,NA,NA,NA
MANAGE_02264,Joint Genome Institute (JGI),DOE Joint Genome Institute  (JGI),NA,United States,MI,42.4406,-84.3357,12,Cropping,211816982,31.984364,5,NA,NA,NA,NA,NA,NA,NA,NA,NA,NA,NA,NA,NA,NA,NA,NA,NA,NA,NA,NA,NA,NA,NA,NA,NA,NA
MANAGE_02265,Joint Genome Institute (JGI),DOE Joint Genome Institute  (JGI),NA,United States,MI,42.4406,-84.3357,12,Cropping,165901236,25.051087,3,NA,NA,NA,NA,NA,NA,NA,NA,NA,NA,NA,NA,NA,NA,NA,NA,NA,NA,NA,NA,NA,NA,NA,NA,NA,NA
MANAGE_02266,Joint Genome Institute (JGI),DOE Joint Genome Institute  (JGI),NA,United States,MI,42.4406,-84.3357,12,Cropping,210197968,31.739893,4,NA,NA,NA,NA,NA,NA,NA,NA,NA,NA,NA,NA,NA,NA,NA,NA,NA,NA,NA,NA,NA,NA,NA,NA,NA,NA
MANAGE_02267,Joint Genome Institute (JGI),DOE Joint Genome Institute  (JGI),NA,United States,MI,42.4406,-84.3357,12,Cropping,212317832,32.059993,0,NA,NA,NA,NA,NA,NA,NA,NA,NA,NA,NA,NA,NA,NA,NA,NA,NA,NA,NA,NA,NA,NA,NA,NA,NA,NA
MANAGE_02268,Joint Genome Institute (JGI),DOE Joint Genome Institute  (JGI),NA,United States,MI,42.4406,-84.3357,12,Cropping,183791312,27.752488,6,NA,NA,NA,NA,NA,NA,NA,NA,NA,NA,NA,NA,NA,NA,NA,NA,NA,NA,NA,NA,NA,NA,NA,NA,NA,NA
MANAGE_02269,Joint Genome Institute (JGI),DOE Joint Genome Institute  (JGI),NA,United States,MI,42.4406,-84.3357,12,Cropping,198044466,29.904714,1,NA,NA,NA,NA,NA,NA,NA,NA,NA,NA,NA,NA,NA,NA,NA,NA,NA,NA,NA,NA,NA,NA,NA,NA,NA,NA
MANAGE_02270,Joint Genome Institute (JGI),DOE Joint Genome Institute  (JGI),NA,United States,MI,42.4406,-84.3357,12,Cropping,212047104,32.019113,2,NA,NA,NA,NA,NA,NA,NA,NA,NA,NA,NA,NA,NA,NA,NA,NA,NA,NA,NA,NA,NA,NA,NA,NA,NA,NA
MANAGE_02271,Joint Genome Institute (JGI),DOE Joint Genome Institute  (JGI),NA,United States,MI,42.4406,-84.3357,12,Cropping,191319286,28.889212,1,NA,NA,NA,NA,NA,NA,NA,NA,NA,NA,NA,NA,NA,NA,NA,NA,NA,NA,NA,NA,NA,NA,NA,NA,NA,NA
MANAGE_02272,Joint Genome Institute (JGI),DOE Joint Genome Institute  (JGI),NA,United States,MI,42.4406,-84.3357,12,Cropping,270086326,40.783035,4,NA,NA,NA,NA,NA,NA,NA,NA,NA,NA,NA,NA,NA,NA,NA,NA,NA,NA,NA,NA,NA,NA,NA,NA,NA,NA
MANAGE_02273,Joint Genome Institute (JGI),DOE Joint Genome Institute  (JGI),NA,United States,MI,42.4406,-84.3357,12,Cropping,187592462,28.326462,6,NA,NA,NA,NA,NA,NA,NA,NA,NA,NA,NA,NA,NA,NA,NA,NA,NA,NA,NA,NA,NA,NA,NA,NA,NA,NA
MANAGE_02274,Joint Genome Institute (JGI),DOE Joint Genome Institute  (JGI),NA,United States,MI,42.4406,-84.3357,12,Cropping,185973380,28.08198,3,NA,NA,NA,NA,NA,NA,NA,NA,NA,NA,NA,NA,NA,NA,NA,NA,NA,NA,NA,NA,NA,NA,NA,NA,NA,NA
MANAGE_02275,Joint Genome Institute (JGI),DOE Joint Genome Institute  (JGI),NA,United States,MI,42.4406,-84.3357,12,Cropping,145065178,21.904842,1,NA,NA,NA,NA,NA,NA,NA,NA,NA,NA,NA,NA,NA,NA,NA,NA,NA,NA,NA,NA,NA,NA,NA,NA,NA,NA
MANAGE_02276,Joint Genome Institute (JGI),DOE Joint Genome Institute  (JGI),NA,United States,MI,42.4406,-84.3357,12,Cropping,191447240,28.908533,1,NA,NA,NA,NA,NA,NA,NA,NA,NA,NA,NA,NA,NA,NA,NA,NA,NA,NA,NA,NA,NA,NA,NA,NA,NA,NA
MANAGE_02277,Joint Genome Institute (JGI),DOE Joint Genome Institute  (JGI),NA,United States,MI,42.4406,-84.3357,12,Cropping,128361250,19.382549,1,NA,NA,NA,NA,NA,NA,NA,NA,NA,NA,NA,NA,NA,NA,NA,NA,NA,NA,NA,NA,NA,NA,NA,NA,NA,NA
MANAGE_02278,Joint Genome Institute (JGI),DOE Joint Genome Institute  (JGI),NA,United States,MI,42.4406,-84.3357,12,Cropping,405813526,61.277842,2,NA,NA,NA,NA,NA,NA,NA,NA,NA,NA,NA,NA,NA,NA,NA,NA,NA,NA,NA,NA,NA,NA,NA,NA,NA,NA
MANAGE_02279,Joint Genome Institute (JGI),DOE Joint Genome Institute  (JGI),NA,United States,MI,42.4406,-84.3357,12,Cropping,248442914,37.51488,3,NA,NA,NA,NA,NA,NA,NA,NA,NA,NA,NA,NA,NA,NA,NA,NA,NA,NA,NA,NA,NA,NA,NA,NA,NA,NA
MANAGE_02280,Joint Genome Institute (JGI),DOE Joint Genome Institute  (JGI),NA,United States,MI,42.4406,-84.3357,12,Cropping,287805134,43.458575,0,NA,NA,NA,NA,NA,NA,NA,NA,NA,NA,NA,NA,NA,NA,NA,NA,NA,NA,NA,NA,NA,NA,NA,NA,NA,NA
MANAGE_02281,Joint Genome Institute (JGI),DOE Joint Genome Institute  (JGI),NA,United States,MI,42.4406,-84.3357,12,Cropping,119528618,18.048821,0,NA,NA,NA,NA,NA,NA,NA,NA,NA,NA,NA,NA,NA,NA,NA,NA,NA,NA,NA,NA,NA,NA,NA,NA,NA,NA
MANAGE_02282,Joint Genome Institute (JGI),DOE Joint Genome Institute  (JGI),NA,United States,MI,42.4406,-84.3357,12,Cropping,303504298,45.829149,4,NA,NA,NA,NA,NA,NA,NA,NA,NA,NA,NA,NA,NA,NA,NA,NA,NA,NA,NA,NA,NA,NA,NA,NA,NA,NA
MANAGE_02283,Joint Genome Institute (JGI),DOE Joint Genome Institute  (JGI),NA,United States,MI,42.4406,-84.3357,12,Cropping,155654960,23.503899,0,NA,NA,NA,NA,NA,NA,NA,NA,NA,NA,NA,NA,NA,NA,NA,NA,NA,NA,NA,NA,NA,NA,NA,NA,NA,NA
MANAGE_02284,Joint Genome Institute (JGI),DOE Joint Genome Institute  (JGI),NA,United States,MI,42.4406,-84.3357,12,Cropping,215111484,32.481834,0,NA,NA,NA,NA,NA,NA,NA,NA,NA,NA,NA,NA,NA,NA,NA,NA,NA,NA,NA,NA,NA,NA,NA,NA,NA,NA
MANAGE_02285,Joint Genome Institute (JGI),DOE Joint Genome Institute  (JGI),NA,United States,MI,42.4406,-84.3357,12,Cropping,204736254,30.915174,0,NA,NA,NA,NA,NA,NA,NA,NA,NA,NA,NA,NA,NA,NA,NA,NA,NA,NA,NA,NA,NA,NA,NA,NA,NA,NA
MANAGE_02286,Joint Genome Institute (JGI),DOE Joint Genome Institute  (JGI),NA,United States,MI,42.4406,-84.3357,12,Cropping,134348346,20.2866,0,NA,NA,NA,NA,NA,NA,NA,NA,NA,NA,NA,NA,NA,NA,NA,NA,NA,NA,NA,NA,NA,NA,NA,NA,NA,NA
MANAGE_02287,Joint Genome Institute (JGI),DOE Joint Genome Institute  (JGI),NA,United States,MI,42.4406,-84.3357,12,Cropping,90204382,13.620862,0,NA,NA,NA,NA,NA,NA,NA,NA,NA,NA,NA,NA,NA,NA,NA,NA,NA,NA,NA,NA,NA,NA,NA,NA,NA,NA
MANAGE_02288,Joint Genome Institute (JGI),DOE Joint Genome Institute  (JGI),NA,United States,MI,42.4406,-84.3357,12,Cropping,640871766,96.771637,8,NA,NA,NA,NA,NA,NA,NA,NA,NA,NA,NA,NA,NA,NA,NA,NA,NA,NA,NA,NA,NA,NA,NA,NA,NA,NA
MANAGE_02289,Joint Genome Institute (JGI),DOE Joint Genome Institute  (JGI),NA,United States,MI,42.4406,-84.3357,12,Cropping,137331250,20.737019,0,NA,NA,NA,NA,NA,NA,NA,NA,NA,NA,NA,NA,NA,NA,NA,NA,NA,NA,NA,NA,NA,NA,NA,NA,NA,NA
MANAGE_02290,Joint Genome Institute (JGI),DOE Joint Genome Institute  (JGI),NA,United States,MI,42.4406,-84.3357,12,Cropping,173446866,26.190477,0,NA,NA,NA,NA,NA,NA,NA,NA,NA,NA,NA,NA,NA,NA,NA,NA,NA,NA,NA,NA,NA,NA,NA,NA,NA,NA
MANAGE_02291,Joint Genome Institute (JGI),DOE Joint Genome Institute  (JGI),NA,United States,MI,42.4406,-84.3357,12,Cropping,223329244,33.722716,0,NA,NA,NA,NA,NA,NA,NA,NA,NA,NA,NA,NA,NA,NA,NA,NA,NA,NA,NA,NA,NA,NA,NA,NA,NA,NA
MANAGE_02292,Joint Genome Institute (JGI),DOE Joint Genome Institute  (JGI),NA,United States,MI,42.4406,-84.3357,12,Cropping,205402710,31.015809,0,NA,NA,NA,NA,NA,NA,NA,NA,NA,NA,NA,NA,NA,NA,NA,NA,NA,NA,NA,NA,NA,NA,NA,NA,NA,NA
MANAGE_02293,Joint Genome Institute (JGI),DOE Joint Genome Institute  (JGI),NA,United States,MI,42.4406,-84.3357,12,Cropping,226664568,34.22635,0,NA,NA,NA,NA,NA,NA,NA,NA,NA,NA,NA,NA,NA,NA,NA,NA,NA,NA,NA,NA,NA,NA,NA,NA,NA,NA
MANAGE_02294,Joint Genome Institute (JGI),DOE Joint Genome Institute  (JGI),NA,United States,MI,42.4406,-84.3357,12,Cropping,188173160,28.414147,0,NA,NA,NA,NA,NA,NA,NA,NA,NA,NA,NA,NA,NA,NA,NA,NA,NA,NA,NA,NA,NA,NA,NA,NA,NA,NA
MANAGE_02295,Joint Genome Institute (JGI),DOE Joint Genome Institute  (JGI),NA,United States,MI,42.4406,-84.3357,12,Cropping,140036400,21.145496,0,NA,NA,NA,NA,NA,NA,NA,NA,NA,NA,NA,NA,NA,NA,NA,NA,NA,NA,NA,NA,NA,NA,NA,NA,NA,NA
MANAGE_02296,Joint Genome Institute (JGI),DOE Joint Genome Institute  (JGI),NA,United States,MI,42.4406,-84.3357,12,Cropping,110746966,16.722792,1,NA,NA,NA,NA,NA,NA,NA,NA,NA,NA,NA,NA,NA,NA,NA,NA,NA,NA,NA,NA,NA,NA,NA,NA,NA,NA
MANAGE_02297,Joint Genome Institute (JGI),DOE Joint Genome Institute  (JGI),NA,United States,MI,42.4406,-84.3357,12,Cropping,356687682,53.85984,2,NA,NA,NA,NA,NA,NA,NA,NA,NA,NA,NA,NA,NA,NA,NA,NA,NA,NA,NA,NA,NA,NA,NA,NA,NA,NA
MANAGE_02298,Joint Genome Institute (JGI),DOE Joint Genome Institute  (JGI),NA,United States,MI,42.4406,-84.3357,12,Cropping,176662480,26.676034,1,NA,NA,NA,NA,NA,NA,NA,NA,NA,NA,NA,NA,NA,NA,NA,NA,NA,NA,NA,NA,NA,NA,NA,NA,NA,NA
MANAGE_02299,Joint Genome Institute (JGI),DOE Joint Genome Institute  (JGI),NA,United States,MI,42.4406,-84.3357,12,Cropping,108825910,16.432712,0,NA,NA,NA,NA,NA,NA,NA,NA,NA,NA,NA,NA,NA,NA,NA,NA,NA,NA,NA,NA,NA,NA,NA,NA,NA,NA
MANAGE_02300,Joint Genome Institute (JGI),DOE Joint Genome Institute  (JGI),NA,United States,MI,42.4406,-84.3357,12,Cropping,121208782,18.302526,1,NA,NA,NA,NA,NA,NA,NA,NA,NA,NA,NA,NA,NA,NA,NA,NA,NA,NA,NA,NA,NA,NA,NA,NA,NA,NA
MANAGE_02301,Joint Genome Institute (JGI),DOE Joint Genome Institute  (JGI),NA,United States,MI,42.4406,-84.3357,12,Cropping,97677142,14.749248,1,NA,NA,NA,NA,NA,NA,NA,NA,NA,NA,NA,NA,NA,NA,NA,NA,NA,NA,NA,NA,NA,NA,NA,NA,NA,NA
MANAGE_02302,Joint Genome Institute (JGI),DOE Joint Genome Institute  (JGI),NA,United States,MI,42.4406,-84.3357,12,Cropping,251360346,37.955412,0,NA,NA,NA,NA,NA,NA,NA,NA,NA,NA,NA,NA,NA,NA,NA,NA,NA,NA,NA,NA,NA,NA,NA,NA,NA,NA
MANAGE_02303,Joint Genome Institute (JGI),DOE Joint Genome Institute  (JGI),NA,United States,MI,42.4406,-84.3357,12,Cropping,199277540,30.090909,0,NA,NA,NA,NA,NA,NA,NA,NA,NA,NA,NA,NA,NA,NA,NA,NA,NA,NA,NA,NA,NA,NA,NA,NA,NA,NA
MANAGE_02304,Joint Genome Institute (JGI),DOE Joint Genome Institute  (JGI),NA,United States,MI,42.4406,-84.3357,12,Cropping,274659740,41.473621,6,NA,NA,NA,NA,NA,NA,NA,NA,NA,NA,NA,NA,NA,NA,NA,NA,NA,NA,NA,NA,NA,NA,NA,NA,NA,NA
MANAGE_02305,Joint Genome Institute (JGI),DOE Joint Genome Institute  (JGI),NA,United States,MI,42.4406,-84.3357,12,Cropping,112038690,16.917842,0,NA,NA,NA,NA,NA,NA,NA,NA,NA,NA,NA,NA,NA,NA,NA,NA,NA,NA,NA,NA,NA,NA,NA,NA,NA,NA
MANAGE_02306,Joint Genome Institute (JGI),DOE Joint Genome Institute  (JGI),NA,United States,MI,42.4406,-84.3357,12,Cropping,281064836,42.44079,4,NA,NA,NA,NA,NA,NA,NA,NA,NA,NA,NA,NA,NA,NA,NA,NA,NA,NA,NA,NA,NA,NA,NA,NA,NA,NA
MANAGE_02307,Joint Genome Institute (JGI),DOE Joint Genome Institute  (JGI),NA,United States,MI,42.4406,-84.3357,12,Cropping,140924124,21.279543,1,NA,NA,NA,NA,NA,NA,NA,NA,NA,NA,NA,NA,NA,NA,NA,NA,NA,NA,NA,NA,NA,NA,NA,NA,NA,NA
MANAGE_02308,Joint Genome Institute (JGI),DOE Joint Genome Institute  (JGI),NA,United States,MI,42.4406,-84.3357,12,Cropping,265195418,40.044508,0,NA,NA,NA,NA,NA,NA,NA,NA,NA,NA,NA,NA,NA,NA,NA,NA,NA,NA,NA,NA,NA,NA,NA,NA,NA,NA
MANAGE_02309,Joint Genome Institute (JGI),DOE Joint Genome Institute  (JGI),NA,United States,MI,42.4406,-84.3357,12,Cropping,193885280,29.276677,2,NA,NA,NA,NA,NA,NA,NA,NA,NA,NA,NA,NA,NA,NA,NA,NA,NA,NA,NA,NA,NA,NA,NA,NA,NA,NA
MANAGE_02310,Joint Genome Institute (JGI),DOE Joint Genome Institute  (JGI),NA,United States,MI,42.4406,-84.3357,12,Cropping,567668538,85.717949,2,NA,NA,NA,NA,NA,NA,NA,NA,NA,NA,NA,NA,NA,NA,NA,NA,NA,NA,NA,NA,NA,NA,NA,NA,NA,NA
MANAGE_02311,Joint Genome Institute (JGI),DOE Joint Genome Institute  (JGI),NA,United States,MI,42.4406,-84.3357,12,Cropping,576382130,87.033702,3,NA,NA,NA,NA,NA,NA,NA,NA,NA,NA,NA,NA,NA,NA,NA,NA,NA,NA,NA,NA,NA,NA,NA,NA,NA,NA
MANAGE_02312,Joint Genome Institute (JGI),DOE Joint Genome Institute  (JGI),NA,United States,MI,42.4406,-84.3357,12,Cropping,172584584,26.060272,1,NA,NA,NA,NA,NA,NA,NA,NA,NA,NA,NA,NA,NA,NA,NA,NA,NA,NA,NA,NA,NA,NA,NA,NA,NA,NA
MANAGE_02313,Joint Genome Institute (JGI),DOE Joint Genome Institute  (JGI),NA,United States,MI,42.4406,-84.3357,12,Cropping,176392052,26.6352,1,NA,NA,NA,NA,NA,NA,NA,NA,NA,NA,NA,NA,NA,NA,NA,NA,NA,NA,NA,NA,NA,NA,NA,NA,NA,NA
MANAGE_02314,Joint Genome Institute (JGI),DOE Joint Genome Institute  (JGI),NA,United States,MI,42.4406,-84.3357,12,Cropping,229270880,34.619903,1,NA,NA,NA,NA,NA,NA,NA,NA,NA,NA,NA,NA,NA,NA,NA,NA,NA,NA,NA,NA,NA,NA,NA,NA,NA,NA
MANAGE_02315,Joint Genome Institute (JGI),DOE Joint Genome Institute  (JGI),NA,United States,MI,42.4406,-84.3357,12,Cropping,203707478,30.759829,2,NA,NA,NA,NA,NA,NA,NA,NA,NA,NA,NA,NA,NA,NA,NA,NA,NA,NA,NA,NA,NA,NA,NA,NA,NA,NA
MANAGE_02316,Joint Genome Institute (JGI),DOE Joint Genome Institute  (JGI),NA,United States,MI,42.4406,-84.3357,12,Cropping,206116572,31.123602,2,NA,NA,NA,NA,NA,NA,NA,NA,NA,NA,NA,NA,NA,NA,NA,NA,NA,NA,NA,NA,NA,NA,NA,NA,NA,NA
MANAGE_02317,Joint Genome Institute (JGI),DOE Joint Genome Institute  (JGI),NA,United States,MI,42.4406,-84.3357,12,Cropping,179388658,27.087687,1,NA,NA,NA,NA,NA,NA,NA,NA,NA,NA,NA,NA,NA,NA,NA,NA,NA,NA,NA,NA,NA,NA,NA,NA,NA,NA
MANAGE_02318,Joint Genome Institute (JGI),DOE Joint Genome Institute  (JGI),NA,United States,MI,42.4406,-84.3357,12,Cropping,196224250,29.629862,3,NA,NA,NA,NA,NA,NA,NA,NA,NA,NA,NA,NA,NA,NA,NA,NA,NA,NA,NA,NA,NA,NA,NA,NA,NA,NA
MANAGE_02319,Joint Genome Institute (JGI),DOE Joint Genome Institute  (JGI),NA,United States,MI,42.4406,-84.3357,12,Cropping,167308972,25.263655,1,NA,NA,NA,NA,NA,NA,NA,NA,NA,NA,NA,NA,NA,NA,NA,NA,NA,NA,NA,NA,NA,NA,NA,NA,NA,NA
MANAGE_02320,Joint Genome Institute (JGI),DOE Joint Genome Institute  (JGI),NA,United States,MI,42.4406,-84.3357,12,Cropping,284987068,43.033047,5,NA,NA,NA,NA,NA,NA,NA,NA,NA,NA,NA,NA,NA,NA,NA,NA,NA,NA,NA,NA,NA,NA,NA,NA,NA,NA
MANAGE_02321,Joint Genome Institute (JGI),DOE Joint Genome Institute  (JGI),NA,United States,MI,42.4406,-84.3357,12,Cropping,208525458,31.487344,2,NA,NA,NA,NA,NA,NA,NA,NA,NA,NA,NA,NA,NA,NA,NA,NA,NA,NA,NA,NA,NA,NA,NA,NA,NA,NA
MANAGE_02322,Joint Genome Institute (JGI),DOE Joint Genome Institute  (JGI),NA,United States,MI,42.4406,-84.3357,12,Cropping,173200296,26.153245,2,NA,NA,NA,NA,NA,NA,NA,NA,NA,NA,NA,NA,NA,NA,NA,NA,NA,NA,NA,NA,NA,NA,NA,NA,NA,NA
MANAGE_02323,Joint Genome Institute (JGI),DOE Joint Genome Institute  (JGI),NA,United States,MI,42.4406,-84.3357,12,Cropping,192215396,29.024525,4,NA,NA,NA,NA,NA,NA,NA,NA,NA,NA,NA,NA,NA,NA,NA,NA,NA,NA,NA,NA,NA,NA,NA,NA,NA,NA
MANAGE_02324,Joint Genome Institute (JGI),DOE Joint Genome Institute  (JGI),NA,United States,MI,42.4406,-84.3357,12,Cropping,205983180,31.10346,0,NA,NA,NA,NA,NA,NA,NA,NA,NA,NA,NA,NA,NA,NA,NA,NA,NA,NA,NA,NA,NA,NA,NA,NA,NA,NA
MANAGE_02325,Joint Genome Institute (JGI),DOE Joint Genome Institute  (JGI),NA,United States,MI,42.4406,-84.3357,12,Cropping,225654596,34.073844,4,NA,NA,NA,NA,NA,NA,NA,NA,NA,NA,NA,NA,NA,NA,NA,NA,NA,NA,NA,NA,NA,NA,NA,NA,NA,NA
MANAGE_02326,Joint Genome Institute (JGI),DOE Joint Genome Institute  (JGI),NA,United States,MI,42.4406,-84.3357,12,Cropping,261984654,39.559683,3,NA,NA,NA,NA,NA,NA,NA,NA,NA,NA,NA,NA,NA,NA,NA,NA,NA,NA,NA,NA,NA,NA,NA,NA,NA,NA
MANAGE_02327,Joint Genome Institute (JGI),DOE Joint Genome Institute  (JGI),NA,United States,MI,42.4406,-84.3357,12,Cropping,187396960,28.296941,4,NA,NA,NA,NA,NA,NA,NA,NA,NA,NA,NA,NA,NA,NA,NA,NA,NA,NA,NA,NA,NA,NA,NA,NA,NA,NA
MANAGE_02328,Joint Genome Institute (JGI),DOE Joint Genome Institute  (JGI),NA,United States,MI,42.4406,-84.3357,12,Cropping,213527086,32.24259,0,NA,NA,NA,NA,NA,NA,NA,NA,NA,NA,NA,NA,NA,NA,NA,NA,NA,NA,NA,NA,NA,NA,NA,NA,NA,NA
MANAGE_02329,Joint Genome Institute (JGI),DOE Joint Genome Institute  (JGI),NA,United States,MI,42.4406,-84.3357,12,Cropping,696798870,105.216629,7,NA,NA,NA,NA,NA,NA,NA,NA,NA,NA,NA,NA,NA,NA,NA,NA,NA,NA,NA,NA,NA,NA,NA,NA,NA,NA
MANAGE_02330,Joint Genome Institute (JGI),DOE Joint Genome Institute  (JGI),NA,United States,MI,42.4406,-84.3357,12,Cropping,246026890,37.15006,2,NA,NA,NA,NA,NA,NA,NA,NA,NA,NA,NA,NA,NA,NA,NA,NA,NA,NA,NA,NA,NA,NA,NA,NA,NA,NA
MANAGE_02331,Joint Genome Institute (JGI),DOE Joint Genome Institute  (JGI),NA,United States,MI,42.4406,-84.3357,12,Cropping,346451258,52.31414,6,NA,NA,NA,NA,NA,NA,NA,NA,NA,NA,NA,NA,NA,NA,NA,NA,NA,NA,NA,NA,NA,NA,NA,NA,NA,NA
MANAGE_02332,Joint Genome Institute (JGI),DOE Joint Genome Institute  (JGI),NA,United States,MI,42.4406,-84.3357,12,Cropping,NA,NA,0,NA,NA,NA,NA,NA,NA,NA,NA,NA,NA,NA,NA,NA,NA,NA,NA,NA,NA,NA,NA,NA,NA,NA,NA,NA,NA
MANAGE_02333,Joint Genome Institute (JGI),DOE Joint Genome Institute  (JGI),NA,United States,MI,42.4406,-84.3357,12,Cropping,NA,NA,0,NA,NA,NA,NA,NA,NA,NA,NA,NA,NA,NA,NA,NA,NA,NA,NA,NA,NA,NA,NA,NA,NA,NA,NA,NA,NA
MANAGE_02334,Joint Genome Institute (JGI),DOE Joint Genome Institute  (JGI),NA,United States,MI,42.4406,-84.3357,12,Cropping,NA,NA,0,NA,NA,NA,NA,NA,NA,NA,NA,NA,NA,NA,NA,NA,NA,NA,NA,NA,NA,NA,NA,NA,NA,NA,NA,NA,NA
MANAGE_02335,Joint Genome Institute (JGI),DOE Joint Genome Institute  (JGI),NA,United States,MI,42.4406,-84.3357,12,Cropping,NA,NA,0,NA,NA,NA,NA,NA,NA,NA,NA,NA,NA,NA,NA,NA,NA,NA,NA,NA,NA,NA,NA,NA,NA,NA,NA,NA,NA
MANAGE_02336,Joint Genome Institute (JGI),DOE Joint Genome Institute  (JGI),NA,United States,MI,42.4406,-84.3357,12,Cropping,NA,NA,0,NA,NA,NA,NA,NA,NA,NA,NA,NA,NA,NA,NA,NA,NA,NA,NA,NA,NA,NA,NA,NA,NA,NA,NA,NA,NA
MANAGE_02337,Joint Genome Institute (JGI),DOE Joint Genome Institute  (JGI),NA,United States,MI,42.4406,-84.3357,12,Cropping,NA,NA,0,NA,NA,NA,NA,NA,NA,NA,NA,NA,NA,NA,NA,NA,NA,NA,NA,NA,NA,NA,NA,NA,NA,NA,NA,NA,NA
MANAGE_02338,Joint Genome Institute (JGI),DOE Joint Genome Institute  (JGI),NA,United States,MI,42.4406,-84.3357,12,Cropping,NA,NA,0,NA,NA,NA,NA,NA,NA,NA,NA,NA,NA,NA,NA,NA,NA,NA,NA,NA,NA,NA,NA,NA,NA,NA,NA,NA,NA
MANAGE_02339,Joint Genome Institute (JGI),DOE Joint Genome Institute  (JGI),NA,United States,MI,42.4406,-84.3357,12,Cropping,NA,NA,0,NA,NA,NA,NA,NA,NA,NA,NA,NA,NA,NA,NA,NA,NA,NA,NA,NA,NA,NA,NA,NA,NA,NA,NA,NA,NA
MANAGE_02340,Joint Genome Institute (JGI),DOE Joint Genome Institute  (JGI),NA,United States,MI,42.4406,-84.3357,12,Cropping,NA,NA,0,NA,NA,NA,NA,NA,NA,NA,NA,NA,NA,NA,NA,NA,NA,NA,NA,NA,NA,NA,NA,NA,NA,NA,NA,NA,NA
MANAGE_02341,Joint Genome Institute (JGI),DOE Joint Genome Institute  (JGI),NA,United States,MI,42.4406,-84.3357,12,Cropping,NA,NA,0,NA,NA,NA,NA,NA,NA,NA,NA,NA,NA,NA,NA,NA,NA,NA,NA,NA,NA,NA,NA,NA,NA,NA,NA,NA,NA
MANAGE_02342,Joint Genome Institute (JGI),DOE Joint Genome Institute  (JGI),NA,United States,MI,42.4406,-84.3357,12,Cropping,NA,NA,0,NA,NA,NA,NA,NA,NA,NA,NA,NA,NA,NA,NA,NA,NA,NA,NA,NA,NA,NA,NA,NA,NA,NA,NA,NA,NA
MANAGE_02343,Joint Genome Institute (JGI),DOE Joint Genome Institute  (JGI),NA,United States,MI,42.4406,-84.3357,12,Cropping,NA,NA,0,NA,NA,NA,NA,NA,NA,NA,NA,NA,NA,NA,NA,NA,NA,NA,NA,NA,NA,NA,NA,NA,NA,NA,NA,NA,NA
MANAGE_02344,Joint Genome Institute (JGI),DOE Joint Genome Institute  (JGI),NA,United States,MI,42.4406,-84.3357,12,Cropping,NA,NA,0,NA,NA,NA,NA,NA,NA,NA,NA,NA,NA,NA,NA,NA,NA,NA,NA,NA,NA,NA,NA,NA,NA,NA,NA,NA,NA
MANAGE_02345,Joint Genome Institute (JGI),DOE Joint Genome Institute  (JGI),NA,United States,MI,42.4406,-84.3357,12,Cropping,NA,NA,0,NA,NA,NA,NA,NA,NA,NA,NA,NA,NA,NA,NA,NA,NA,NA,NA,NA,NA,NA,NA,NA,NA,NA,NA,NA,NA
MANAGE_02346,Joint Genome Institute (JGI),DOE Joint Genome Institute  (JGI),NA,United States,NE,41.2,-96.7,9,Cropping,7115506,1.074441,1,NA,NA,NA,NA,NA,NA,NA,NA,NA,NA,NA,NA,NA,NA,NA,NA,NA,NA,NA,NA,NA,NA,NA,NA,NA,NA
MANAGE_02347,Joint Genome Institute (JGI),DOE Joint Genome Institute  (JGI),NA,United States,NE,41.2,-96.7,9,Cropping,17993482,2.717016,0,NA,NA,NA,NA,NA,NA,NA,NA,NA,NA,NA,NA,NA,NA,NA,NA,NA,NA,NA,NA,NA,NA,NA,NA,NA,NA
MANAGE_02348,Joint Genome Institute (JGI),DOE Joint Genome Institute  (JGI),NA,United States,NE,41.2,-96.7,9,Cropping,11861240,1.791047,1,NA,NA,NA,NA,NA,NA,NA,NA,NA,NA,NA,NA,NA,NA,NA,NA,NA,NA,NA,NA,NA,NA,NA,NA,NA,NA
MANAGE_02349,Joint Genome Institute (JGI),DOE Joint Genome Institute  (JGI),NA,United States,NE,41.2,-96.7,9,Cropping,14527668,2.193678,1,NA,NA,NA,NA,NA,NA,NA,NA,NA,NA,NA,NA,NA,NA,NA,NA,NA,NA,NA,NA,NA,NA,NA,NA,NA,NA
MANAGE_02350,Joint Genome Institute (JGI),DOE Joint Genome Institute  (JGI),NA,United States,NE,41.2,-96.7,9,Cropping,14957230,2.258542,1,NA,NA,NA,NA,NA,NA,NA,NA,NA,NA,NA,NA,NA,NA,NA,NA,NA,NA,NA,NA,NA,NA,NA,NA,NA,NA
MANAGE_02351,Joint Genome Institute (JGI),DOE Joint Genome Institute  (JGI),NA,United States,NE,41.2,-96.7,9,Cropping,12732582,1.92262,0,NA,NA,NA,NA,NA,NA,NA,NA,NA,NA,NA,NA,NA,NA,NA,NA,NA,NA,NA,NA,NA,NA,NA,NA,NA,NA
MANAGE_02352,Joint Genome Institute (JGI),DOE Joint Genome Institute  (JGI),NA,United States,NE,41.2,-96.7,9,Cropping,12958358,1.956712,1,NA,NA,NA,NA,NA,NA,NA,NA,NA,NA,NA,NA,NA,NA,NA,NA,NA,NA,NA,NA,NA,NA,NA,NA,NA,NA
MANAGE_02353,Joint Genome Institute (JGI),DOE Joint Genome Institute  (JGI),NA,United States,NE,41.2,-96.7,9,Cropping,7431138,1.122102,1,NA,NA,NA,NA,NA,NA,NA,NA,NA,NA,NA,NA,NA,NA,NA,NA,NA,NA,NA,NA,NA,NA,NA,NA,NA,NA
MANAGE_02354,Joint Genome Institute (JGI),DOE Joint Genome Institute  (JGI),NA,United States,NE,41.2,-96.7,9,Cropping,8746818,1.32077,1,NA,NA,NA,NA,NA,NA,NA,NA,NA,NA,NA,NA,NA,NA,NA,NA,NA,NA,NA,NA,NA,NA,NA,NA,NA,NA
MANAGE_02355,Joint Genome Institute (JGI),DOE Joint Genome Institute  (JGI),NA,United States,NE,41.2,-96.7,9,Cropping,12347132,1.864417,1,NA,NA,NA,NA,NA,NA,NA,NA,NA,NA,NA,NA,NA,NA,NA,NA,NA,NA,NA,NA,NA,NA,NA,NA,NA,NA
MANAGE_02356,Joint Genome Institute (JGI),DOE Joint Genome Institute  (JGI),NA,United States,NE,41.2,-96.7,9,Cropping,12493922,1.886582,1,NA,NA,NA,NA,NA,NA,NA,NA,NA,NA,NA,NA,NA,NA,NA,NA,NA,NA,NA,NA,NA,NA,NA,NA,NA,NA
MANAGE_02357,Joint Genome Institute (JGI),DOE Joint Genome Institute  (JGI),NA,United States,NE,41.146,-96.436,9,Cropping,3709190,0.560088,1,NA,NA,NA,NA,NA,NA,NA,NA,NA,NA,NA,NA,NA,NA,NA,NA,NA,NA,NA,NA,NA,NA,NA,NA,NA,NA
MANAGE_02358,Joint Genome Institute (JGI),DOE Joint Genome Institute  (JGI),NA,United States,NE,41.146,-96.436,9,Cropping,5176968,0.781722,1,NA,NA,NA,NA,NA,NA,NA,NA,NA,NA,NA,NA,NA,NA,NA,NA,NA,NA,NA,NA,NA,NA,NA,NA,NA,NA
MANAGE_02359,Joint Genome Institute (JGI),DOE Joint Genome Institute  (JGI),NA,United States,NE,41.146,-96.436,9,Cropping,5835162,0.881109,1,NA,NA,NA,NA,NA,NA,NA,NA,NA,NA,NA,NA,NA,NA,NA,NA,NA,NA,NA,NA,NA,NA,NA,NA,NA,NA
MANAGE_02360,Joint Genome Institute (JGI),DOE Joint Genome Institute  (JGI),NA,United States,NE,41.146,-96.436,9,Cropping,6328324,0.955577,1,NA,NA,NA,NA,NA,NA,NA,NA,NA,NA,NA,NA,NA,NA,NA,NA,NA,NA,NA,NA,NA,NA,NA,NA,NA,NA
MANAGE_02361,Joint Genome Institute (JGI),DOE Joint Genome Institute  (JGI),NA,United States,NE,41.146,-96.436,9,Cropping,4858500,0.733634,1,NA,NA,NA,NA,NA,NA,NA,NA,NA,NA,NA,NA,NA,NA,NA,NA,NA,NA,NA,NA,NA,NA,NA,NA,NA,NA
MANAGE_02362,Joint Genome Institute (JGI),DOE Joint Genome Institute  (JGI),NA,United States,NE,41.146,-96.436,9,Cropping,4800632,0.724895,1,NA,NA,NA,NA,NA,NA,NA,NA,NA,NA,NA,NA,NA,NA,NA,NA,NA,NA,NA,NA,NA,NA,NA,NA,NA,NA
MANAGE_02363,Joint Genome Institute (JGI),DOE Joint Genome Institute  (JGI),NA,United States,NE,41.146,-96.436,9,Cropping,4634180,0.699761,1,NA,NA,NA,NA,NA,NA,NA,NA,NA,NA,NA,NA,NA,NA,NA,NA,NA,NA,NA,NA,NA,NA,NA,NA,NA,NA
MANAGE_02364,Joint Genome Institute (JGI),DOE Joint Genome Institute  (JGI),NA,United States,NE,41.146,-96.436,9,Cropping,4293060,0.648252,1,NA,NA,NA,NA,NA,NA,NA,NA,NA,NA,NA,NA,NA,NA,NA,NA,NA,NA,NA,NA,NA,NA,NA,NA,NA,NA
MANAGE_02365,Joint Genome Institute (JGI),DOE Joint Genome Institute  (JGI),NA,United States,NE,41.146,-96.436,9,Cropping,6391900,0.965177,1,NA,NA,NA,NA,NA,NA,NA,NA,NA,NA,NA,NA,NA,NA,NA,NA,NA,NA,NA,NA,NA,NA,NA,NA,NA,NA
MANAGE_02366,Joint Genome Institute (JGI),DOE Joint Genome Institute  (JGI),NA,United States,NE,41.146,-96.436,9,Cropping,4078180,0.615805,1,NA,NA,NA,NA,NA,NA,NA,NA,NA,NA,NA,NA,NA,NA,NA,NA,NA,NA,NA,NA,NA,NA,NA,NA,NA,NA
MANAGE_02367,Joint Genome Institute (JGI),DOE Joint Genome Institute  (JGI),NA,United States,NE,41.146,-96.436,9,Cropping,4106952,0.62015,1,NA,NA,NA,NA,NA,NA,NA,NA,NA,NA,NA,NA,NA,NA,NA,NA,NA,NA,NA,NA,NA,NA,NA,NA,NA,NA
MANAGE_02368,Joint Genome Institute (JGI),DOE Joint Genome Institute  (JGI),NA,United States,NE,41.146,-96.436,9,Cropping,5448454,0.822717,1,NA,NA,NA,NA,NA,NA,NA,NA,NA,NA,NA,NA,NA,NA,NA,NA,NA,NA,NA,NA,NA,NA,NA,NA,NA,NA
MANAGE_02369,Joint Genome Institute (JGI),DOE Joint Genome Institute  (JGI),NA,United States,NE,41.146,-96.436,9,Cropping,3934436,0.5941,1,NA,NA,NA,NA,NA,NA,NA,NA,NA,NA,NA,NA,NA,NA,NA,NA,NA,NA,NA,NA,NA,NA,NA,NA,NA,NA
MANAGE_02370,Joint Genome Institute (JGI),DOE Joint Genome Institute  (JGI),NA,United States,NE,41.146,-96.436,9,Cropping,4718236,0.712454,1,NA,NA,NA,NA,NA,NA,NA,NA,NA,NA,NA,NA,NA,NA,NA,NA,NA,NA,NA,NA,NA,NA,NA,NA,NA,NA
MANAGE_02371,Joint Genome Institute (JGI),DOE Joint Genome Institute  (JGI),NA,United States,NE,41.146,-96.436,9,Cropping,3663942,0.553255,0,NA,NA,NA,NA,NA,NA,NA,NA,NA,NA,NA,NA,NA,NA,NA,NA,NA,NA,NA,NA,NA,NA,NA,NA,NA,NA
MANAGE_02372,Joint Genome Institute (JGI),DOE Joint Genome Institute  (JGI),NA,United States,NE,41.146,-96.436,9,Cropping,5796614,0.875289,1,NA,NA,NA,NA,NA,NA,NA,NA,NA,NA,NA,NA,NA,NA,NA,NA,NA,NA,NA,NA,NA,NA,NA,NA,NA,NA
MANAGE_02373,Joint Genome Institute (JGI),DOE Joint Genome Institute  (JGI),NA,United States,SC,34.29,-79.74,4,Cropping,4749738,0.71721,1,NA,NA,NA,NA,NA,NA,NA,NA,NA,NA,NA,NA,NA,NA,NA,NA,NA,NA,NA,NA,NA,NA,NA,NA,NA,NA
MANAGE_02374,Joint Genome Institute (JGI),DOE Joint Genome Institute  (JGI),NA,United States,NE,41.146,-96.436,9,Cropping,4081266,0.616271,1,NA,NA,NA,NA,NA,NA,NA,NA,NA,NA,NA,NA,NA,NA,NA,NA,NA,NA,NA,NA,NA,NA,NA,NA,NA,NA
MANAGE_02375,Joint Genome Institute (JGI),DOE Joint Genome Institute  (JGI),NA,United States,NE,41.146,-96.436,9,Cropping,3415028,0.515669,1,NA,NA,NA,NA,NA,NA,NA,NA,NA,NA,NA,NA,NA,NA,NA,NA,NA,NA,NA,NA,NA,NA,NA,NA,NA,NA
MANAGE_02376,Joint Genome Institute (JGI),DOE Joint Genome Institute  (JGI),NA,United States,NE,41.146,-96.436,9,Cropping,5735382,0.866043,1,NA,NA,NA,NA,NA,NA,NA,NA,NA,NA,NA,NA,NA,NA,NA,NA,NA,NA,NA,NA,NA,NA,NA,NA,NA,NA
MANAGE_02377,Joint Genome Institute (JGI),DOE Joint Genome Institute  (JGI),NA,United States,NE,41.146,-96.436,9,Cropping,3824392,0.577483,1,NA,NA,NA,NA,NA,NA,NA,NA,NA,NA,NA,NA,NA,NA,NA,NA,NA,NA,NA,NA,NA,NA,NA,NA,NA,NA
MANAGE_02378,Joint Genome Institute (JGI),DOE Joint Genome Institute  (JGI),NA,United States,NE,41.146,-96.436,9,Cropping,4656414,0.703119,1,NA,NA,NA,NA,NA,NA,NA,NA,NA,NA,NA,NA,NA,NA,NA,NA,NA,NA,NA,NA,NA,NA,NA,NA,NA,NA
MANAGE_02379,Joint Genome Institute (JGI),DOE Joint Genome Institute  (JGI),NA,United States,NE,41.146,-96.436,9,Cropping,5288650,0.798586,1,NA,NA,NA,NA,NA,NA,NA,NA,NA,NA,NA,NA,NA,NA,NA,NA,NA,NA,NA,NA,NA,NA,NA,NA,NA,NA
MANAGE_02380,Joint Genome Institute (JGI),DOE Joint Genome Institute  (JGI),NA,United States,SC,34.29,-79.74,4,Cropping,5712168,0.862537,1,NA,NA,NA,NA,NA,NA,NA,NA,NA,NA,NA,NA,NA,NA,NA,NA,NA,NA,NA,NA,NA,NA,NA,NA,NA,NA
MANAGE_02381,Joint Genome Institute (JGI),DOE Joint Genome Institute  (JGI),NA,United States,NE,41.146,-96.436,9,Cropping,4605814,0.695478,0,NA,NA,NA,NA,NA,NA,NA,NA,NA,NA,NA,NA,NA,NA,NA,NA,NA,NA,NA,NA,NA,NA,NA,NA,NA,NA
MANAGE_02382,Joint Genome Institute (JGI),DOE Joint Genome Institute  (JGI),NA,United States,NE,41.146,-96.436,9,Cropping,10307844,1.556484,1,NA,NA,NA,NA,NA,NA,NA,NA,NA,NA,NA,NA,NA,NA,NA,NA,NA,NA,NA,NA,NA,NA,NA,NA,NA,NA
MANAGE_02383,Joint Genome Institute (JGI),DOE Joint Genome Institute  (JGI),NA,United States,NE,41.146,-96.436,9,Cropping,9533804,1.439604,1,NA,NA,NA,NA,NA,NA,NA,NA,NA,NA,NA,NA,NA,NA,NA,NA,NA,NA,NA,NA,NA,NA,NA,NA,NA,NA
MANAGE_02384,Joint Genome Institute (JGI),DOE Joint Genome Institute  (JGI),NA,United States,NE,41.146,-96.436,9,Cropping,10431534,1.575162,1,NA,NA,NA,NA,NA,NA,NA,NA,NA,NA,NA,NA,NA,NA,NA,NA,NA,NA,NA,NA,NA,NA,NA,NA,NA,NA
MANAGE_02385,Joint Genome Institute (JGI),DOE Joint Genome Institute  (JGI),NA,United States,NE,41.146,-96.436,9,Cropping,9052340,1.366903,1,NA,NA,NA,NA,NA,NA,NA,NA,NA,NA,NA,NA,NA,NA,NA,NA,NA,NA,NA,NA,NA,NA,NA,NA,NA,NA
MANAGE_02386,Joint Genome Institute (JGI),DOE Joint Genome Institute  (JGI),NA,United States,NE,41.146,-96.436,9,Cropping,4885580,0.737723,1,NA,NA,NA,NA,NA,NA,NA,NA,NA,NA,NA,NA,NA,NA,NA,NA,NA,NA,NA,NA,NA,NA,NA,NA,NA,NA
MANAGE_02387,Joint Genome Institute (JGI),DOE Joint Genome Institute  (JGI),NA,United States,NE,41.1613,-96.4243,9,Cropping,6543076,0.988004,1,NA,NA,NA,NA,NA,NA,NA,NA,NA,NA,NA,NA,NA,NA,NA,NA,NA,NA,NA,NA,NA,NA,NA,NA,NA,NA
MANAGE_02388,Joint Genome Institute (JGI),DOE Joint Genome Institute  (JGI),NA,United States,NE,41.1613,-96.4243,9,Cropping,4566424,0.68953,1,NA,NA,NA,NA,NA,NA,NA,NA,NA,NA,NA,NA,NA,NA,NA,NA,NA,NA,NA,NA,NA,NA,NA,NA,NA,NA
MANAGE_02389,Joint Genome Institute (JGI),DOE Joint Genome Institute  (JGI),NA,United States,NE,41.1613,-96.4243,9,Cropping,9068190,1.369297,1,NA,NA,NA,NA,NA,NA,NA,NA,NA,NA,NA,NA,NA,NA,NA,NA,NA,NA,NA,NA,NA,NA,NA,NA,NA,NA
MANAGE_02390,Joint Genome Institute (JGI),DOE Joint Genome Institute  (JGI),NA,United States,SC,34.29,-79.74,4,Cropping,8373710,1.26443,1,NA,NA,NA,NA,NA,NA,NA,NA,NA,NA,NA,NA,NA,NA,NA,NA,NA,NA,NA,NA,NA,NA,NA,NA,NA,NA
MANAGE_02391,Joint Genome Institute (JGI),DOE Joint Genome Institute  (JGI),NA,United States,SC,34.29,-79.74,4,Cropping,6526246,0.985463,1,NA,NA,NA,NA,NA,NA,NA,NA,NA,NA,NA,NA,NA,NA,NA,NA,NA,NA,NA,NA,NA,NA,NA,NA,NA,NA
MANAGE_02392,Joint Genome Institute (JGI),DOE Joint Genome Institute  (JGI),NA,United States,SC,34.29,-79.74,4,Cropping,8551276,1.291243,1,NA,NA,NA,NA,NA,NA,NA,NA,NA,NA,NA,NA,NA,NA,NA,NA,NA,NA,NA,NA,NA,NA,NA,NA,NA,NA
MANAGE_02393,Joint Genome Institute (JGI),DOE Joint Genome Institute  (JGI),NA,United States,SC,34.29,-79.74,4,Cropping,5843490,0.882367,1,NA,NA,NA,NA,NA,NA,NA,NA,NA,NA,NA,NA,NA,NA,NA,NA,NA,NA,NA,NA,NA,NA,NA,NA,NA,NA
MANAGE_02394,Joint Genome Institute (JGI),DOE Joint Genome Institute  (JGI),NA,United States,NE,41.146,-96.436,9,Cropping,8028892,1.212363,1,NA,NA,NA,NA,NA,NA,NA,NA,NA,NA,NA,NA,NA,NA,NA,NA,NA,NA,NA,NA,NA,NA,NA,NA,NA,NA
MANAGE_02395,Joint Genome Institute (JGI),DOE Joint Genome Institute  (JGI),NA,United States,NE,41.146,-96.436,9,Cropping,4275464,0.645595,1,NA,NA,NA,NA,NA,NA,NA,NA,NA,NA,NA,NA,NA,NA,NA,NA,NA,NA,NA,NA,NA,NA,NA,NA,NA,NA
MANAGE_02396,Joint Genome Institute (JGI),DOE Joint Genome Institute  (JGI),NA,United States,NE,41.146,-96.436,9,Cropping,5649786,0.853118,1,NA,NA,NA,NA,NA,NA,NA,NA,NA,NA,NA,NA,NA,NA,NA,NA,NA,NA,NA,NA,NA,NA,NA,NA,NA,NA
MANAGE_02397,Joint Genome Institute (JGI),DOE Joint Genome Institute  (JGI),NA,United States,NE,41.146,-96.436,9,Cropping,8471762,1.279236,1,NA,NA,NA,NA,NA,NA,NA,NA,NA,NA,NA,NA,NA,NA,NA,NA,NA,NA,NA,NA,NA,NA,NA,NA,NA,NA
MANAGE_02398,Joint Genome Institute (JGI),DOE Joint Genome Institute  (JGI),NA,United States,NE,41.146,-96.436,9,Cropping,6250038,0.943756,1,NA,NA,NA,NA,NA,NA,NA,NA,NA,NA,NA,NA,NA,NA,NA,NA,NA,NA,NA,NA,NA,NA,NA,NA,NA,NA
MANAGE_02399,Joint Genome Institute (JGI),DOE Joint Genome Institute  (JGI),NA,United States,NE,41.146,-96.436,9,Cropping,7280264,1.09932,1,NA,NA,NA,NA,NA,NA,NA,NA,NA,NA,NA,NA,NA,NA,NA,NA,NA,NA,NA,NA,NA,NA,NA,NA,NA,NA
MANAGE_02400,Joint Genome Institute (JGI),DOE Joint Genome Institute  (JGI),NA,United States,NE,41.146,-96.436,9,Cropping,5946656,0.897945,1,NA,NA,NA,NA,NA,NA,NA,NA,NA,NA,NA,NA,NA,NA,NA,NA,NA,NA,NA,NA,NA,NA,NA,NA,NA,NA
MANAGE_02401,Joint Genome Institute (JGI),DOE Joint Genome Institute  (JGI),NA,United States,NE,41.146,-96.436,9,Cropping,5393068,0.814353,1,NA,NA,NA,NA,NA,NA,NA,NA,NA,NA,NA,NA,NA,NA,NA,NA,NA,NA,NA,NA,NA,NA,NA,NA,NA,NA
MANAGE_02402,Joint Genome Institute (JGI),DOE Joint Genome Institute  (JGI),NA,United States,NE,41.146,-96.436,9,Cropping,8619488,1.301543,1,NA,NA,NA,NA,NA,NA,NA,NA,NA,NA,NA,NA,NA,NA,NA,NA,NA,NA,NA,NA,NA,NA,NA,NA,NA,NA
MANAGE_02403,Joint Genome Institute (JGI),DOE Joint Genome Institute  (JGI),NA,United States,NE,41.146,-96.436,9,Cropping,5443200,0.821923,1,NA,NA,NA,NA,NA,NA,NA,NA,NA,NA,NA,NA,NA,NA,NA,NA,NA,NA,NA,NA,NA,NA,NA,NA,NA,NA
MANAGE_02404,Joint Genome Institute (JGI),DOE Joint Genome Institute  (JGI),NA,United States,NE,41.146,-96.436,9,Cropping,5801132,0.875971,1,NA,NA,NA,NA,NA,NA,NA,NA,NA,NA,NA,NA,NA,NA,NA,NA,NA,NA,NA,NA,NA,NA,NA,NA,NA,NA
MANAGE_02405,Joint Genome Institute (JGI),DOE Joint Genome Institute  (JGI),NA,United States,NE,41.146,-96.436,9,Cropping,2802122,0.42312,0,NA,NA,NA,NA,NA,NA,NA,NA,NA,NA,NA,NA,NA,NA,NA,NA,NA,NA,NA,NA,NA,NA,NA,NA,NA,NA
MANAGE_02406,Joint Genome Institute (JGI),DOE Joint Genome Institute  (JGI),NA,United States,NE,41.146,-96.436,9,Cropping,5355718,0.808713,1,NA,NA,NA,NA,NA,NA,NA,NA,NA,NA,NA,NA,NA,NA,NA,NA,NA,NA,NA,NA,NA,NA,NA,NA,NA,NA
MANAGE_02407,Joint Genome Institute (JGI),DOE Joint Genome Institute  (JGI),NA,United States,NE,42.3167,-102.4169,7,Cropping,4776790,0.721295,1,NA,NA,NA,NA,NA,NA,NA,NA,NA,NA,NA,NA,NA,NA,NA,NA,NA,NA,NA,NA,NA,NA,NA,NA,NA,NA
MANAGE_02408,Joint Genome Institute (JGI),DOE Joint Genome Institute  (JGI),NA,United States,NE,41.1593,-102.0259,9,Cropping,5231772,0.789998,0,NA,NA,NA,NA,NA,NA,NA,NA,NA,NA,NA,NA,NA,NA,NA,NA,NA,NA,NA,NA,NA,NA,NA,NA,NA,NA
MANAGE_02409,Joint Genome Institute (JGI),DOE Joint Genome Institute  (JGI),NA,United States,NE,41.1593,-102.0259,9,Cropping,5972526,0.901851,1,NA,NA,NA,NA,NA,NA,NA,NA,NA,NA,NA,NA,NA,NA,NA,NA,NA,NA,NA,NA,NA,NA,NA,NA,NA,NA
MANAGE_02410,Joint Genome Institute (JGI),DOE Joint Genome Institute  (JGI),NA,United States,NE,41.1613,-96.4243,9,Cropping,7082046,1.069389,1,NA,NA,NA,NA,NA,NA,NA,NA,NA,NA,NA,NA,NA,NA,NA,NA,NA,NA,NA,NA,NA,NA,NA,NA,NA,NA
MANAGE_02411,Joint Genome Institute (JGI),DOE Joint Genome Institute  (JGI),NA,United States,NE,41.1591,-96.4086,9,Cropping,7579036,1.144434,1,NA,NA,NA,NA,NA,NA,NA,NA,NA,NA,NA,NA,NA,NA,NA,NA,NA,NA,NA,NA,NA,NA,NA,NA,NA,NA
MANAGE_02412,Joint Genome Institute (JGI),DOE Joint Genome Institute  (JGI),NA,United States,NE,41.1591,-96.4086,9,Cropping,6906516,1.042884,1,NA,NA,NA,NA,NA,NA,NA,NA,NA,NA,NA,NA,NA,NA,NA,NA,NA,NA,NA,NA,NA,NA,NA,NA,NA,NA
MANAGE_02413,Joint Genome Institute (JGI),DOE Joint Genome Institute  (JGI),NA,United States,NE,41.1613,-96.4243,9,Cropping,8436296,1.273881,0,NA,NA,NA,NA,NA,NA,NA,NA,NA,NA,NA,NA,NA,NA,NA,NA,NA,NA,NA,NA,NA,NA,NA,NA,NA,NA
MANAGE_02414,Joint Genome Institute (JGI),DOE Joint Genome Institute  (JGI),NA,United States,NE,41.1591,-96.4086,9,Cropping,7067966,1.067263,1,NA,NA,NA,NA,NA,NA,NA,NA,NA,NA,NA,NA,NA,NA,NA,NA,NA,NA,NA,NA,NA,NA,NA,NA,NA,NA
MANAGE_02415,Joint Genome Institute (JGI),DOE Joint Genome Institute  (JGI),NA,United States,NE,41.1591,-96.4086,9,Cropping,8546426,1.29051,1,NA,NA,NA,NA,NA,NA,NA,NA,NA,NA,NA,NA,NA,NA,NA,NA,NA,NA,NA,NA,NA,NA,NA,NA,NA,NA
MANAGE_02416,Joint Genome Institute (JGI),DOE Joint Genome Institute  (JGI),NA,United States,NE,41.1591,-96.4086,9,Cropping,6537104,0.987103,1,NA,NA,NA,NA,NA,NA,NA,NA,NA,NA,NA,NA,NA,NA,NA,NA,NA,NA,NA,NA,NA,NA,NA,NA,NA,NA
MANAGE_02417,Joint Genome Institute (JGI),DOE Joint Genome Institute  (JGI),NA,United States,NE,41.1591,-96.4086,9,Cropping,9291404,1.403002,1,NA,NA,NA,NA,NA,NA,NA,NA,NA,NA,NA,NA,NA,NA,NA,NA,NA,NA,NA,NA,NA,NA,NA,NA,NA,NA
MANAGE_02418,Joint Genome Institute (JGI),DOE Joint Genome Institute  (JGI),NA,United States,NE,41.1591,-96.4086,9,Cropping,5860000,0.88486,1,NA,NA,NA,NA,NA,NA,NA,NA,NA,NA,NA,NA,NA,NA,NA,NA,NA,NA,NA,NA,NA,NA,NA,NA,NA,NA
MANAGE_02419,Joint Genome Institute (JGI),DOE Joint Genome Institute  (JGI),NA,United States,NE,41.1613,-96.4243,9,Cropping,4792710,0.723699,1,NA,NA,NA,NA,NA,NA,NA,NA,NA,NA,NA,NA,NA,NA,NA,NA,NA,NA,NA,NA,NA,NA,NA,NA,NA,NA
MANAGE_02420,Joint Genome Institute (JGI),DOE Joint Genome Institute  (JGI),NA,United States,NE,41.1613,-96.4243,9,Cropping,6413956,0.968507,1,NA,NA,NA,NA,NA,NA,NA,NA,NA,NA,NA,NA,NA,NA,NA,NA,NA,NA,NA,NA,NA,NA,NA,NA,NA,NA
MANAGE_02421,Joint Genome Institute (JGI),DOE Joint Genome Institute  (JGI),NA,United States,NE,41.838,-101.993,7,Cropping,5298184,0.800026,1,NA,NA,NA,NA,NA,NA,NA,NA,NA,NA,NA,NA,NA,NA,NA,NA,NA,NA,NA,NA,NA,NA,NA,NA,NA,NA
MANAGE_02422,Joint Genome Institute (JGI),DOE Joint Genome Institute  (JGI),NA,United States,NE,41.1613,-96.6752,9,Cropping,9412158,1.421236,1,NA,NA,NA,NA,NA,NA,NA,NA,NA,NA,NA,NA,NA,NA,NA,NA,NA,NA,NA,NA,NA,NA,NA,NA,NA,NA
MANAGE_02423,Joint Genome Institute (JGI),DOE Joint Genome Institute  (JGI),NA,United States,NE,41.146,-96.436,9,Cropping,7821302,1.181017,1,NA,NA,NA,NA,NA,NA,NA,NA,NA,NA,NA,NA,NA,NA,NA,NA,NA,NA,NA,NA,NA,NA,NA,NA,NA,NA
MANAGE_02424,Joint Genome Institute (JGI),DOE Joint Genome Institute  (JGI),NA,United States,SC,34.29,-79.74,4,Cropping,11023374,1.664529,1,NA,NA,NA,NA,NA,NA,NA,NA,NA,NA,NA,NA,NA,NA,NA,NA,NA,NA,NA,NA,NA,NA,NA,NA,NA,NA
MANAGE_02425,Joint Genome Institute (JGI),DOE Joint Genome Institute  (JGI),NA,United States,NE,41.146,-96.436,9,Cropping,10059464,1.518979,1,NA,NA,NA,NA,NA,NA,NA,NA,NA,NA,NA,NA,NA,NA,NA,NA,NA,NA,NA,NA,NA,NA,NA,NA,NA,NA
MANAGE_02426,Joint Genome Institute (JGI),DOE Joint Genome Institute  (JGI),NA,United States,NE,41.146,-96.436,9,Cropping,6070852,0.916699,1,NA,NA,NA,NA,NA,NA,NA,NA,NA,NA,NA,NA,NA,NA,NA,NA,NA,NA,NA,NA,NA,NA,NA,NA,NA,NA
MANAGE_02427,Joint Genome Institute (JGI),DOE Joint Genome Institute  (JGI),NA,United States,NE,41.146,-96.436,9,Cropping,9545320,1.441343,1,NA,NA,NA,NA,NA,NA,NA,NA,NA,NA,NA,NA,NA,NA,NA,NA,NA,NA,NA,NA,NA,NA,NA,NA,NA,NA
MANAGE_02428,Joint Genome Institute (JGI),DOE Joint Genome Institute  (JGI),NA,United States,NE,41.146,-96.436,9,Cropping,13421288,2.026614,1,NA,NA,NA,NA,NA,NA,NA,NA,NA,NA,NA,NA,NA,NA,NA,NA,NA,NA,NA,NA,NA,NA,NA,NA,NA,NA
MANAGE_02429,Joint Genome Institute (JGI),DOE Joint Genome Institute  (JGI),NA,United States,NE,41.146,-96.436,9,Cropping,11330544,1.710912,1,NA,NA,NA,NA,NA,NA,NA,NA,NA,NA,NA,NA,NA,NA,NA,NA,NA,NA,NA,NA,NA,NA,NA,NA,NA,NA
MANAGE_02430,Joint Genome Institute (JGI),DOE Joint Genome Institute  (JGI),NA,United States,NE,41.146,-96.436,9,Cropping,8228780,1.242546,1,NA,NA,NA,NA,NA,NA,NA,NA,NA,NA,NA,NA,NA,NA,NA,NA,NA,NA,NA,NA,NA,NA,NA,NA,NA,NA
MANAGE_02431,Joint Genome Institute (JGI),DOE Joint Genome Institute  (JGI),NA,United States,NE,41.146,-96.436,9,Cropping,10897504,1.645523,1,NA,NA,NA,NA,NA,NA,NA,NA,NA,NA,NA,NA,NA,NA,NA,NA,NA,NA,NA,NA,NA,NA,NA,NA,NA,NA
MANAGE_02432,Joint Genome Institute (JGI),DOE Joint Genome Institute  (JGI),NA,United States,NE,41.146,-96.436,9,Cropping,8350262,1.26089,1,NA,NA,NA,NA,NA,NA,NA,NA,NA,NA,NA,NA,NA,NA,NA,NA,NA,NA,NA,NA,NA,NA,NA,NA,NA,NA
MANAGE_02433,Joint Genome Institute (JGI),DOE Joint Genome Institute  (JGI),NA,United States,NE,41.146,-96.436,9,Cropping,9872268,1.490712,1,NA,NA,NA,NA,NA,NA,NA,NA,NA,NA,NA,NA,NA,NA,NA,NA,NA,NA,NA,NA,NA,NA,NA,NA,NA,NA
MANAGE_02434,Joint Genome Institute (JGI),DOE Joint Genome Institute  (JGI),NA,United States,NE,41.146,-96.436,9,Cropping,5553688,0.838607,1,NA,NA,NA,NA,NA,NA,NA,NA,NA,NA,NA,NA,NA,NA,NA,NA,NA,NA,NA,NA,NA,NA,NA,NA,NA,NA
MANAGE_02435,Joint Genome Institute (JGI),DOE Joint Genome Institute  (JGI),NA,United States,NE,41.146,-96.436,9,Cropping,6340750,0.957453,1,NA,NA,NA,NA,NA,NA,NA,NA,NA,NA,NA,NA,NA,NA,NA,NA,NA,NA,NA,NA,NA,NA,NA,NA,NA,NA
MANAGE_02436,Joint Genome Institute (JGI),DOE Joint Genome Institute  (JGI),NA,United States,NE,41.146,-96.436,9,Cropping,4473620,0.675517,1,NA,NA,NA,NA,NA,NA,NA,NA,NA,NA,NA,NA,NA,NA,NA,NA,NA,NA,NA,NA,NA,NA,NA,NA,NA,NA
MANAGE_02437,Joint Genome Institute (JGI),DOE Joint Genome Institute  (JGI),NA,United States,NE,41.146,-96.436,9,Cropping,8284856,1.251013,1,NA,NA,NA,NA,NA,NA,NA,NA,NA,NA,NA,NA,NA,NA,NA,NA,NA,NA,NA,NA,NA,NA,NA,NA,NA,NA
MANAGE_02438,Joint Genome Institute (JGI),DOE Joint Genome Institute  (JGI),NA,United States,NE,41.146,-96.436,9,Cropping,8501224,1.283685,1,NA,NA,NA,NA,NA,NA,NA,NA,NA,NA,NA,NA,NA,NA,NA,NA,NA,NA,NA,NA,NA,NA,NA,NA,NA,NA
MANAGE_02439,Joint Genome Institute (JGI),DOE Joint Genome Institute  (JGI),NA,United States,NE,41.146,-96.436,9,Cropping,8989528,1.357419,1,NA,NA,NA,NA,NA,NA,NA,NA,NA,NA,NA,NA,NA,NA,NA,NA,NA,NA,NA,NA,NA,NA,NA,NA,NA,NA
MANAGE_02440,Joint Genome Institute (JGI),DOE Joint Genome Institute  (JGI),NA,United States,SC,34.29,-79.74,4,Cropping,9808732,1.481119,1,NA,NA,NA,NA,NA,NA,NA,NA,NA,NA,NA,NA,NA,NA,NA,NA,NA,NA,NA,NA,NA,NA,NA,NA,NA,NA
MANAGE_02441,Joint Genome Institute (JGI),DOE Joint Genome Institute  (JGI),NA,United States,NE,41.1591,-96.4086,9,Cropping,11031220,1.665714,1,NA,NA,NA,NA,NA,NA,NA,NA,NA,NA,NA,NA,NA,NA,NA,NA,NA,NA,NA,NA,NA,NA,NA,NA,NA,NA
MANAGE_02442,Joint Genome Institute (JGI),DOE Joint Genome Institute  (JGI),NA,United States,NE,41.9,-102.1,7,Cropping,57774240,8.72391,1,NA,NA,NA,NA,NA,NA,NA,NA,NA,NA,NA,NA,NA,NA,NA,NA,NA,NA,NA,NA,NA,NA,NA,NA,NA,NA
MANAGE_02443,Joint Genome Institute (JGI),DOE Joint Genome Institute  (JGI),NA,United States,NE,41.1593,-102.0259,9,Cropping,54133466,8.174153,1,NA,NA,NA,NA,NA,NA,NA,NA,NA,NA,NA,NA,NA,NA,NA,NA,NA,NA,NA,NA,NA,NA,NA,NA,NA,NA
MANAGE_02444,Joint Genome Institute (JGI),DOE Joint Genome Institute  (JGI),NA,United States,NE,41.1593,-102.0259,9,Cropping,43100602,6.508191,1,NA,NA,NA,NA,NA,NA,NA,NA,NA,NA,NA,NA,NA,NA,NA,NA,NA,NA,NA,NA,NA,NA,NA,NA,NA,NA
MANAGE_02445,Joint Genome Institute (JGI),DOE Joint Genome Institute  (JGI),NA,United States,NE,41.1593,-102.0259,9,Cropping,55598414,8.395361,0,NA,NA,NA,NA,NA,NA,NA,NA,NA,NA,NA,NA,NA,NA,NA,NA,NA,NA,NA,NA,NA,NA,NA,NA,NA,NA
MANAGE_02446,Joint Genome Institute (JGI),DOE Joint Genome Institute  (JGI),NA,United States,NE,41.1593,-102.0259,9,Cropping,70749112,10.683116,1,NA,NA,NA,NA,NA,NA,NA,NA,NA,NA,NA,NA,NA,NA,NA,NA,NA,NA,NA,NA,NA,NA,NA,NA,NA,NA
MANAGE_02447,Joint Genome Institute (JGI),DOE Joint Genome Institute  (JGI),NA,United States,NE,41.402,-96.439,9,Cropping,32719714,4.940677,1,NA,NA,NA,NA,NA,NA,NA,NA,NA,NA,NA,NA,NA,NA,NA,NA,NA,NA,NA,NA,NA,NA,NA,NA,NA,NA
MANAGE_02448,Joint Genome Institute (JGI),DOE Joint Genome Institute  (JGI),NA,United States,NE,41.838,-101.993,7,Cropping,100740410,15.211802,1,NA,NA,NA,NA,NA,NA,NA,NA,NA,NA,NA,NA,NA,NA,NA,NA,NA,NA,NA,NA,8.91,NA,NA,NA,NA,NA
MANAGE_02449,Joint Genome Institute (JGI),DOE Joint Genome Institute  (JGI),NA,United States,NE,41.929,-101.928,7,Cropping,53961978,8.148259,1,NA,NA,NA,NA,NA,NA,NA,NA,NA,NA,NA,NA,NA,NA,NA,NA,NA,NA,NA,NA,8.77,NA,NA,NA,NA,NA
MANAGE_02450,Joint Genome Institute (JGI),DOE Joint Genome Institute  (JGI),NA,United States,NE,41.838,-101.993,7,Cropping,59297626,8.953942,1,NA,NA,NA,NA,NA,NA,NA,NA,NA,NA,NA,NA,NA,NA,NA,NA,NA,NA,NA,NA,9.17,NA,NA,NA,NA,NA
MANAGE_02451,Joint Genome Institute (JGI),DOE Joint Genome Institute  (JGI),NA,United States,NE,41.146,-96.436,9,Cropping,10829336,1.63523,1,NA,NA,NA,NA,NA,NA,NA,NA,NA,NA,NA,NA,NA,NA,NA,NA,NA,NA,NA,NA,NA,NA,NA,NA,NA,NA
MANAGE_02452,Joint Genome Institute (JGI),DOE Joint Genome Institute  (JGI),NA,United States,NE,41.1591,-96.4086,9,Cropping,10561592,1.5948,1,NA,NA,NA,NA,NA,NA,NA,NA,NA,NA,NA,NA,NA,NA,NA,NA,NA,NA,NA,NA,NA,NA,NA,NA,NA,NA
MANAGE_02453,Joint Genome Institute (JGI),DOE Joint Genome Institute  (JGI),NA,United States,NE,41.1593,-102.0259,9,Cropping,10545552,1.592378,1,NA,NA,NA,NA,NA,NA,NA,NA,NA,NA,NA,NA,NA,NA,NA,NA,NA,NA,NA,NA,NA,NA,NA,NA,NA,NA
MANAGE_02454,Joint Genome Institute (JGI),DOE Joint Genome Institute  (JGI),NA,United States,NE,41.1593,-102.0259,9,Cropping,11103092,1.676567,1,NA,NA,NA,NA,NA,NA,NA,NA,NA,NA,NA,NA,NA,NA,NA,NA,NA,NA,NA,NA,NA,NA,NA,NA,NA,NA
MANAGE_02455,Joint Genome Institute (JGI),DOE Joint Genome Institute  (JGI),NA,United States,NE,41.1593,-102.0259,9,Cropping,7982984,1.205431,0,NA,NA,NA,NA,NA,NA,NA,NA,NA,NA,NA,NA,NA,NA,NA,NA,NA,NA,NA,NA,NA,NA,NA,NA,NA,NA
MANAGE_02456,Joint Genome Institute (JGI),DOE Joint Genome Institute  (JGI),NA,United States,NE,41.1593,-102.0259,9,Cropping,15268972,2.305615,1,NA,NA,NA,NA,NA,NA,NA,NA,NA,NA,NA,NA,NA,NA,NA,NA,NA,NA,NA,NA,NA,NA,NA,NA,NA,NA
MANAGE_02457,Joint Genome Institute (JGI),DOE Joint Genome Institute  (JGI),NA,United States,NE,41.1593,-102.0259,9,Cropping,10321826,1.558596,1,NA,NA,NA,NA,NA,NA,NA,NA,NA,NA,NA,NA,NA,NA,NA,NA,NA,NA,NA,NA,NA,NA,NA,NA,NA,NA
MANAGE_02458,Joint Genome Institute (JGI),DOE Joint Genome Institute  (JGI),NA,United States,NE,41.1593,-102.0259,9,Cropping,7170694,1.082775,1,NA,NA,NA,NA,NA,NA,NA,NA,NA,NA,NA,NA,NA,NA,NA,NA,NA,NA,NA,NA,NA,NA,NA,NA,NA,NA
MANAGE_02459,Joint Genome Institute (JGI),DOE Joint Genome Institute  (JGI),NA,United States,NE,41.1593,-102.0259,9,Cropping,12714200,1.919844,1,NA,NA,NA,NA,NA,NA,NA,NA,NA,NA,NA,NA,NA,NA,NA,NA,NA,NA,NA,NA,NA,NA,NA,NA,NA,NA
MANAGE_02460,Joint Genome Institute (JGI),DOE Joint Genome Institute  (JGI),NA,United States,NE,41.1591667,-96.408611,9,Cropping,14337014,2.164889,1,NA,NA,NA,NA,NA,NA,NA,NA,NA,NA,NA,NA,NA,NA,NA,NA,NA,NA,NA,NA,NA,NA,NA,NA,NA,NA
MANAGE_02461,Joint Genome Institute (JGI),DOE Joint Genome Institute  (JGI),NA,United States,NE,41.146,-96.436,9,Cropping,7408738,1.118719,1,NA,NA,NA,NA,NA,NA,NA,NA,NA,NA,NA,NA,NA,NA,NA,NA,NA,NA,NA,NA,NA,NA,NA,NA,NA,NA
MANAGE_02462,Joint Genome Institute (JGI),DOE Joint Genome Institute  (JGI),NA,United States,NE,41.146,-96.436,9,Cropping,13374832,2.0196,1,NA,NA,NA,NA,NA,NA,NA,NA,NA,NA,NA,NA,NA,NA,NA,NA,NA,NA,NA,NA,NA,NA,NA,NA,NA,NA
MANAGE_02463,Joint Genome Institute (JGI),DOE Joint Genome Institute  (JGI),NA,United States,NE,41.146,-96.436,9,Cropping,8293378,1.2523,1,NA,NA,NA,NA,NA,NA,NA,NA,NA,NA,NA,NA,NA,NA,NA,NA,NA,NA,NA,NA,NA,NA,NA,NA,NA,NA
MANAGE_02464,Joint Genome Institute (JGI),DOE Joint Genome Institute  (JGI),NA,United States,NE,41.146,-96.436,9,Cropping,9310312,1.405857,1,NA,NA,NA,NA,NA,NA,NA,NA,NA,NA,NA,NA,NA,NA,NA,NA,NA,NA,NA,NA,NA,NA,NA,NA,NA,NA
MANAGE_02465,Joint Genome Institute (JGI),DOE Joint Genome Institute  (JGI),NA,United States,NE,41.1593,-102.0259,9,Cropping,9567610,1.444709,1,NA,NA,NA,NA,NA,NA,NA,NA,NA,NA,NA,NA,NA,NA,NA,NA,NA,NA,NA,NA,NA,NA,NA,NA,NA,NA
MANAGE_02466,Joint Genome Institute (JGI),DOE Joint Genome Institute  (JGI),NA,United States,NE,41.1593,-102.0259,9,Cropping,14231824,2.149005,1,NA,NA,NA,NA,NA,NA,NA,NA,NA,NA,NA,NA,NA,NA,NA,NA,NA,NA,NA,NA,NA,NA,NA,NA,NA,NA
MANAGE_02467,Joint Genome Institute (JGI),DOE Joint Genome Institute  (JGI),NA,United States,NE,41.1593,-102.0259,9,Cropping,6030518,0.910608,1,NA,NA,NA,NA,NA,NA,NA,NA,NA,NA,NA,NA,NA,NA,NA,NA,NA,NA,NA,NA,NA,NA,NA,NA,NA,NA
MANAGE_02468,Joint Genome Institute (JGI),DOE Joint Genome Institute  (JGI),NA,United States,NE,41.1593,-102.0259,9,Cropping,10420568,1.573506,1,NA,NA,NA,NA,NA,NA,NA,NA,NA,NA,NA,NA,NA,NA,NA,NA,NA,NA,NA,NA,NA,NA,NA,NA,NA,NA
MANAGE_02469,Joint Genome Institute (JGI),DOE Joint Genome Institute  (JGI),NA,United States,NE,41.1593,-102.0259,9,Cropping,10620520,1.603699,1,NA,NA,NA,NA,NA,NA,NA,NA,NA,NA,NA,NA,NA,NA,NA,NA,NA,NA,NA,NA,NA,NA,NA,NA,NA,NA
MANAGE_02470,Joint Genome Institute (JGI),DOE Joint Genome Institute  (JGI),NA,United States,NE,41.1593,-102.0259,9,Cropping,9635078,1.454897,1,NA,NA,NA,NA,NA,NA,NA,NA,NA,NA,NA,NA,NA,NA,NA,NA,NA,NA,NA,NA,NA,NA,NA,NA,NA,NA
MANAGE_02471,Joint Genome Institute (JGI),DOE Joint Genome Institute  (JGI),NA,United States,NE,41.1593,-102.0259,9,Cropping,4868062,0.735077,1,NA,NA,NA,NA,NA,NA,NA,NA,NA,NA,NA,NA,NA,NA,NA,NA,NA,NA,NA,NA,NA,NA,NA,NA,NA,NA
MANAGE_02472,Joint Genome Institute (JGI),DOE Joint Genome Institute  (JGI),NA,United States,NE,41.1593,-102.0259,9,Cropping,13497186,2.038075,1,NA,NA,NA,NA,NA,NA,NA,NA,NA,NA,NA,NA,NA,NA,NA,NA,NA,NA,NA,NA,NA,NA,NA,NA,NA,NA
MANAGE_02473,Joint Genome Institute (JGI),DOE Joint Genome Institute  (JGI),NA,United States,NE,41.1593,-102.0259,9,Cropping,10323700,1.558879,1,NA,NA,NA,NA,NA,NA,NA,NA,NA,NA,NA,NA,NA,NA,NA,NA,NA,NA,NA,NA,NA,NA,NA,NA,NA,NA
MANAGE_02474,Joint Genome Institute (JGI),DOE Joint Genome Institute  (JGI),NA,United States,NE,41.1593,-102.0259,9,Cropping,7573444,1.14359,1,NA,NA,NA,NA,NA,NA,NA,NA,NA,NA,NA,NA,NA,NA,NA,NA,NA,NA,NA,NA,NA,NA,NA,NA,NA,NA
MANAGE_02475,Joint Genome Institute (JGI),DOE Joint Genome Institute  (JGI),NA,United States,NE,41.1591667,-96.408611,9,Cropping,11766514,1.776744,1,NA,NA,NA,NA,NA,NA,NA,NA,NA,NA,NA,NA,NA,NA,NA,NA,NA,NA,NA,NA,NA,NA,NA,NA,NA,NA
MANAGE_02476,Joint Genome Institute (JGI),DOE Joint Genome Institute  (JGI),NA,United States,NE,41.877,-101.945,7,Cropping,9883250,1.492371,1,NA,NA,NA,NA,NA,NA,NA,NA,NA,NA,NA,NA,NA,NA,NA,NA,NA,NA,NA,NA,8.4,NA,NA,NA,NA,NA
MANAGE_02477,Joint Genome Institute (JGI),DOE Joint Genome Institute  (JGI),NA,United States,NE,41.1593,-102.0259,9,Cropping,7561444,1.141778,1,NA,NA,NA,NA,NA,NA,NA,NA,NA,NA,NA,NA,NA,NA,NA,NA,NA,NA,NA,NA,NA,NA,NA,NA,NA,NA
MANAGE_02478,Joint Genome Institute (JGI),DOE Joint Genome Institute  (JGI),NA,United States,NE,41.1593,-102.0259,9,Cropping,10950160,1.653474,1,NA,NA,NA,NA,NA,NA,NA,NA,NA,NA,NA,NA,NA,NA,NA,NA,NA,NA,NA,NA,NA,NA,NA,NA,NA,NA
MANAGE_02479,Joint Genome Institute (JGI),DOE Joint Genome Institute  (JGI),NA,United States,NE,41.1593,-102.0259,9,Cropping,15709044,2.372066,1,NA,NA,NA,NA,NA,NA,NA,NA,NA,NA,NA,NA,NA,NA,NA,NA,NA,NA,NA,NA,NA,NA,NA,NA,NA,NA
MANAGE_02480,Joint Genome Institute (JGI),DOE Joint Genome Institute  (JGI),NA,United States,NE,41.1593,-102.0259,9,Cropping,11800930,1.78194,1,NA,NA,NA,NA,NA,NA,NA,NA,NA,NA,NA,NA,NA,NA,NA,NA,NA,NA,NA,NA,NA,NA,NA,NA,NA,NA
MANAGE_02481,Joint Genome Institute (JGI),DOE Joint Genome Institute  (JGI),NA,United States,NE,41.838,-101.993,7,Cropping,14684490,2.217358,1,NA,NA,NA,NA,NA,NA,NA,NA,NA,NA,NA,NA,NA,NA,NA,NA,NA,NA,NA,NA,8.6,NA,NA,NA,NA,NA
MANAGE_02482,Joint Genome Institute (JGI),DOE Joint Genome Institute  (JGI),NA,United States,NE,41.1593,-102.0259,9,Cropping,13389748,2.021852,1,NA,NA,NA,NA,NA,NA,NA,NA,NA,NA,NA,NA,NA,NA,NA,NA,NA,NA,NA,NA,NA,NA,NA,NA,NA,NA
MANAGE_02483,Joint Genome Institute (JGI),DOE Joint Genome Institute  (JGI),NA,United States,NE,41.146,-96.436,9,Cropping,13664956,2.063408,0,NA,NA,NA,NA,NA,NA,NA,NA,NA,NA,NA,NA,NA,NA,NA,NA,NA,NA,NA,NA,NA,NA,NA,NA,NA,NA
MANAGE_02484,Joint Genome Institute (JGI),DOE Joint Genome Institute  (JGI),NA,United States,NE,41.1591,-96.4086,9,Cropping,164183570,24.791719,2,NA,NA,NA,NA,NA,NA,NA,NA,NA,NA,NA,NA,NA,NA,NA,NA,NA,NA,NA,NA,NA,NA,NA,NA,NA,NA
MANAGE_02485,Joint Genome Institute (JGI),DOE Joint Genome Institute  (JGI),NA,United States,NE,41.1591,-96.4086,9,Cropping,115907768,17.502073,0,NA,NA,NA,NA,NA,NA,NA,NA,NA,NA,NA,NA,NA,NA,NA,NA,NA,NA,NA,NA,NA,NA,NA,NA,NA,NA
MANAGE_02486,Joint Genome Institute (JGI),DOE Joint Genome Institute  (JGI),NA,United States,NE,41.1591,-96.4086,9,Cropping,122954948,18.566197,3,NA,NA,NA,NA,NA,NA,NA,NA,NA,NA,NA,NA,NA,NA,NA,NA,NA,NA,NA,NA,NA,NA,NA,NA,NA,NA
MANAGE_02487,Joint Genome Institute (JGI),DOE Joint Genome Institute  (JGI),NA,United States,NE,41.1613,-96.6752,9,Cropping,97242772,14.683659,1,NA,NA,NA,NA,NA,NA,NA,NA,NA,NA,NA,NA,NA,NA,NA,NA,NA,NA,NA,NA,NA,NA,NA,NA,NA,NA
MANAGE_02488,Joint Genome Institute (JGI),DOE Joint Genome Institute  (JGI),NA,United States,NE,41.1613,-96.6752,9,Cropping,325248308,48.95517,1,NA,NA,NA,NA,NA,NA,NA,NA,NA,NA,NA,NA,NA,NA,NA,NA,NA,NA,NA,NA,NA,NA,NA,NA,NA,NA
MANAGE_02489,Joint Genome Institute (JGI),DOE Joint Genome Institute  (JGI),NA,United States,NE,41.1673,-96.4119,9,Cropping,266293384,40.210301,2,NA,NA,NA,NA,NA,NA,NA,NA,NA,NA,NA,NA,NA,NA,NA,NA,NA,NA,NA,NA,NA,NA,NA,NA,NA,NA
MANAGE_02490,Joint Genome Institute (JGI),DOE Joint Genome Institute  (JGI),NA,United States,NE,41.1673,-96.4119,9,Cropping,236679946,35.738672,2,NA,NA,NA,NA,NA,NA,NA,NA,NA,NA,NA,NA,NA,NA,NA,NA,NA,NA,NA,NA,NA,NA,NA,NA,NA,NA
MANAGE_02491,Joint Genome Institute (JGI),DOE Joint Genome Institute  (JGI),NA,United States,NE,41.1681,-96.4119,9,Cropping,239287208,36.132368,5,NA,NA,NA,NA,NA,NA,NA,NA,NA,NA,NA,NA,NA,NA,NA,NA,NA,NA,NA,NA,NA,NA,NA,NA,NA,NA
MANAGE_02492,Joint Genome Institute (JGI),DOE Joint Genome Institute  (JGI),NA,United States,NE,41.1677,-96.4108,9,Cropping,311240258,46.997279,1,NA,NA,NA,NA,NA,NA,NA,NA,NA,NA,NA,NA,NA,NA,NA,NA,NA,NA,NA,NA,NA,NA,NA,NA,NA,NA
MANAGE_02493,Joint Genome Institute (JGI),DOE Joint Genome Institute  (JGI),NA,United States,NE,41.1677,-96.4108,9,Cropping,268076664,40.479576,0,NA,NA,NA,NA,NA,NA,NA,NA,NA,NA,NA,NA,NA,NA,NA,NA,NA,NA,NA,NA,NA,NA,NA,NA,NA,NA
MANAGE_02494,Joint Genome Institute (JGI),DOE Joint Genome Institute  (JGI),NA,United States,NE,41.1681,-96.4119,9,Cropping,226455942,34.194847,8,NA,NA,NA,NA,NA,NA,NA,NA,NA,NA,NA,NA,NA,NA,NA,NA,NA,NA,NA,NA,NA,NA,NA,NA,NA,NA
MANAGE_02495,Joint Genome Institute (JGI),DOE Joint Genome Institute  (JGI),NA,United States,NE,41.1677,-96.4108,9,Cropping,393831964,59.468627,3,NA,NA,NA,NA,NA,NA,NA,NA,NA,NA,NA,NA,NA,NA,NA,NA,NA,NA,NA,NA,NA,NA,NA,NA,NA,NA
MANAGE_02496,Joint Genome Institute (JGI),DOE Joint Genome Institute  (JGI),NA,United States,NE,41.1677,-96.4108,9,Cropping,317788972,47.986135,7,NA,NA,NA,NA,NA,NA,NA,NA,NA,NA,NA,NA,NA,NA,NA,NA,NA,NA,NA,NA,NA,NA,NA,NA,NA,NA
MANAGE_02497,Joint Genome Institute (JGI),DOE Joint Genome Institute  (JGI),NA,United States,NE,41.1681,-96.4109,9,Cropping,335469650,50.655917,0,NA,NA,NA,NA,NA,NA,NA,NA,NA,NA,NA,NA,NA,NA,NA,NA,NA,NA,NA,NA,NA,NA,NA,NA,NA,NA
MANAGE_02498,Joint Genome Institute (JGI),DOE Joint Genome Institute  (JGI),NA,United States,NE,41.1681,-96.4109,9,Cropping,276761466,41.790981,3,NA,NA,NA,NA,NA,NA,NA,NA,NA,NA,NA,NA,NA,NA,NA,NA,NA,NA,NA,NA,NA,NA,NA,NA,NA,NA
MANAGE_02499,Joint Genome Institute (JGI),DOE Joint Genome Institute  (JGI),NA,United States,NE,41.1681,-96.4109,9,Cropping,255009932,38.5065,2,NA,NA,NA,NA,NA,NA,NA,NA,NA,NA,NA,NA,NA,NA,NA,NA,NA,NA,NA,NA,NA,NA,NA,NA,NA,NA
MANAGE_02500,Joint Genome Institute (JGI),DOE Joint Genome Institute  (JGI),NA,United States,NE,41.1681,-96.4109,9,Cropping,219192588,33.098081,3,NA,NA,NA,NA,NA,NA,NA,NA,NA,NA,NA,NA,NA,NA,NA,NA,NA,NA,NA,NA,NA,NA,NA,NA,NA,NA
MANAGE_02501,Joint Genome Institute (JGI),DOE Joint Genome Institute  (JGI),NA,United States,NE,41.8942,-103.685,2,Cropping,101378596,15.308168,2,NA,NA,NA,NA,NA,NA,NA,NA,NA,NA,NA,NA,NA,NA,NA,NA,NA,NA,NA,NA,NA,NA,NA,NA,NA,NA
MANAGE_02502,Joint Genome Institute (JGI),DOE Joint Genome Institute  (JGI),NA,United States,NE,41.8942,-103.685,2,Cropping,115966964,17.511012,2,NA,NA,NA,NA,NA,NA,NA,NA,NA,NA,NA,NA,NA,NA,NA,NA,NA,NA,NA,NA,NA,NA,NA,NA,NA,NA
MANAGE_02503,Joint Genome Institute (JGI),DOE Joint Genome Institute  (JGI),NA,United States,NE,41.8942,-103.685,2,Cropping,106806768,16.127822,1,NA,NA,NA,NA,NA,NA,NA,NA,NA,NA,NA,NA,NA,NA,NA,NA,NA,NA,NA,NA,NA,NA,NA,NA,NA,NA
MANAGE_02504,Joint Genome Institute (JGI),DOE Joint Genome Institute  (JGI),NA,United States,NE,41.8942,-103.685,2,Cropping,103077180,15.564654,2,NA,NA,NA,NA,NA,NA,NA,NA,NA,NA,NA,NA,NA,NA,NA,NA,NA,NA,NA,NA,NA,NA,NA,NA,NA,NA
MANAGE_02505,Joint Genome Institute (JGI),DOE Joint Genome Institute  (JGI),NA,United States,NE,41.201,-97.9447,9,Cropping,96206828,14.527231,0,NA,NA,NA,NA,NA,NA,NA,NA,NA,NA,NA,NA,NA,NA,NA,NA,NA,NA,NA,NA,NA,NA,NA,NA,NA,NA
MANAGE_02506,Joint Genome Institute (JGI),DOE Joint Genome Institute  (JGI),NA,United States,NE,41.8942,-103.685,2,Cropping,104587020,15.79264,0,NA,NA,NA,NA,NA,NA,NA,NA,NA,NA,NA,NA,NA,NA,NA,NA,NA,NA,NA,NA,NA,NA,NA,NA,NA,NA
MANAGE_02507,Joint Genome Institute (JGI),DOE Joint Genome Institute  (JGI),NA,United States,NE,41.8942,-103.685,2,Cropping,135456704,20.453962,2,NA,NA,NA,NA,NA,NA,NA,NA,NA,NA,NA,NA,NA,NA,NA,NA,NA,NA,NA,NA,NA,NA,NA,NA,NA,NA
MANAGE_02508,Joint Genome Institute (JGI),DOE Joint Genome Institute  (JGI),NA,United States,NE,41.8942,-103.685,2,Cropping,121933394,18.411942,2,NA,NA,NA,NA,NA,NA,NA,NA,NA,NA,NA,NA,NA,NA,NA,NA,NA,NA,NA,NA,NA,NA,NA,NA,NA,NA
MANAGE_02509,Joint Genome Institute (JGI),DOE Joint Genome Institute  (JGI),NA,United States,NE,41.8942,-103.685,2,Cropping,99219234,14.982104,2,NA,NA,NA,NA,NA,NA,NA,NA,NA,NA,NA,NA,NA,NA,NA,NA,NA,NA,NA,NA,NA,NA,NA,NA,NA,NA
MANAGE_02510,Joint Genome Institute (JGI),DOE Joint Genome Institute  (JGI),NA,United States,NE,41.8942,-103.685,2,Cropping,101643562,15.348178,1,NA,NA,NA,NA,NA,NA,NA,NA,NA,NA,NA,NA,NA,NA,NA,NA,NA,NA,NA,NA,NA,NA,NA,NA,NA,NA
MANAGE_02511,Joint Genome Institute (JGI),DOE Joint Genome Institute  (JGI),NA,United States,NE,41.201,-97.9447,9,Cropping,64904682,9.800607,0,NA,NA,NA,NA,NA,NA,NA,NA,NA,NA,NA,NA,NA,NA,NA,NA,NA,NA,NA,NA,NA,NA,NA,NA,NA,NA
MANAGE_02512,Joint Genome Institute (JGI),DOE Joint Genome Institute  (JGI),NA,United States,NE,41.201,-97.9447,9,Cropping,97824026,14.771428,1,NA,NA,NA,NA,NA,NA,NA,NA,NA,NA,NA,NA,NA,NA,NA,NA,NA,NA,NA,NA,NA,NA,NA,NA,NA,NA
MANAGE_02513,Joint Genome Institute (JGI),DOE Joint Genome Institute  (JGI),NA,United States,NE,41.8942,-103.685,2,Cropping,76819030,11.599674,1,NA,NA,NA,NA,NA,NA,NA,NA,NA,NA,NA,NA,NA,NA,NA,NA,NA,NA,NA,NA,NA,NA,NA,NA,NA,NA
MANAGE_02514,Joint Genome Institute (JGI),DOE Joint Genome Institute  (JGI),NA,United States,NE,41.201,-97.9447,9,Cropping,93487846,14.116665,0,NA,NA,NA,NA,NA,NA,NA,NA,NA,NA,NA,NA,NA,NA,NA,NA,NA,NA,NA,NA,NA,NA,NA,NA,NA,NA
MANAGE_02515,Joint Genome Institute (JGI),DOE Joint Genome Institute  (JGI),NA,United States,NE,41.8942,-103.685,2,Cropping,89651482,13.537374,2,NA,NA,NA,NA,NA,NA,NA,NA,NA,NA,NA,NA,NA,NA,NA,NA,NA,NA,NA,NA,NA,NA,NA,NA,NA,NA
MANAGE_02516,Joint Genome Institute (JGI),DOE Joint Genome Institute  (JGI),NA,United States,NE,41.201,-97.9447,9,Cropping,112101632,16.927346,1,NA,NA,NA,NA,NA,NA,NA,NA,NA,NA,NA,NA,NA,NA,NA,NA,NA,NA,NA,NA,NA,NA,NA,NA,NA,NA
MANAGE_02517,Joint Genome Institute (JGI),DOE Joint Genome Institute  (JGI),NA,United States,NE,41.8942,-103.685,2,Cropping,109023834,16.462599,3,NA,NA,NA,NA,NA,NA,NA,NA,NA,NA,NA,NA,NA,NA,NA,NA,NA,NA,NA,NA,NA,NA,NA,NA,NA,NA
MANAGE_02518,Joint Genome Institute (JGI),DOE Joint Genome Institute  (JGI),NA,United States,NE,41.8942,-103.685,2,Cropping,109824622,16.583518,4,NA,NA,NA,NA,NA,NA,NA,NA,NA,NA,NA,NA,NA,NA,NA,NA,NA,NA,NA,NA,NA,NA,NA,NA,NA,NA
MANAGE_02519,Joint Genome Institute (JGI),DOE Joint Genome Institute  (JGI),NA,United States,NE,41.201,-97.9447,9,Cropping,102133486,15.422156,1,NA,NA,NA,NA,NA,NA,NA,NA,NA,NA,NA,NA,NA,NA,NA,NA,NA,NA,NA,NA,NA,NA,NA,NA,NA,NA
MANAGE_02520,Joint Genome Institute (JGI),DOE Joint Genome Institute  (JGI),NA,United States,NE,41.201,-97.9447,9,Cropping,99881586,15.082119,0,NA,NA,NA,NA,NA,NA,NA,NA,NA,NA,NA,NA,NA,NA,NA,NA,NA,NA,NA,NA,NA,NA,NA,NA,NA,NA
MANAGE_02521,Joint Genome Institute (JGI),DOE Joint Genome Institute  (JGI),NA,United States,NE,41.8942,-103.685,2,Cropping,109883126,16.592352,2,NA,NA,NA,NA,NA,NA,NA,NA,NA,NA,NA,NA,NA,NA,NA,NA,NA,NA,NA,NA,NA,NA,NA,NA,NA,NA
MANAGE_02522,Joint Genome Institute (JGI),DOE Joint Genome Institute  (JGI),NA,United States,NE,41.201,-97.9447,9,Cropping,100079480,15.112001,0,NA,NA,NA,NA,NA,NA,NA,NA,NA,NA,NA,NA,NA,NA,NA,NA,NA,NA,NA,NA,NA,NA,NA,NA,NA,NA
MANAGE_02523,Joint Genome Institute (JGI),DOE Joint Genome Institute  (JGI),NA,United States,NE,41.201,-97.9447,9,Cropping,100308212,15.14654,0,NA,NA,NA,NA,NA,NA,NA,NA,NA,NA,NA,NA,NA,NA,NA,NA,NA,NA,NA,NA,NA,NA,NA,NA,NA,NA
MANAGE_02524,Joint Genome Institute (JGI),DOE Joint Genome Institute  (JGI),NA,United States,NE,41.201,-97.9447,9,Cropping,102616738,15.495127,0,NA,NA,NA,NA,NA,NA,NA,NA,NA,NA,NA,NA,NA,NA,NA,NA,NA,NA,NA,NA,NA,NA,NA,NA,NA,NA
MANAGE_02525,Joint Genome Institute (JGI),DOE Joint Genome Institute  (JGI),NA,United States,NE,41.8942,-103.685,2,Cropping,88691860,13.392471,1,NA,NA,NA,NA,NA,NA,NA,NA,NA,NA,NA,NA,NA,NA,NA,NA,NA,NA,NA,NA,NA,NA,NA,NA,NA,NA
MANAGE_02526,Joint Genome Institute (JGI),DOE Joint Genome Institute  (JGI),NA,United States,NE,41.8942,-103.685,2,Cropping,101814080,15.373926,0,NA,NA,NA,NA,NA,NA,NA,NA,NA,NA,NA,NA,NA,NA,NA,NA,NA,NA,NA,NA,NA,NA,NA,NA,NA,NA
MANAGE_02527,Joint Genome Institute (JGI),DOE Joint Genome Institute  (JGI),NA,United States,NE,41.201,-97.9447,9,Cropping,104615450,15.796933,0,NA,NA,NA,NA,NA,NA,NA,NA,NA,NA,NA,NA,NA,NA,NA,NA,NA,NA,NA,NA,NA,NA,NA,NA,NA,NA
MANAGE_02528,Joint Genome Institute (JGI),DOE Joint Genome Institute  (JGI),NA,United States,NE,41.9457,-103.6985,2,Cropping,51117588,7.718756,2,NA,NA,NA,NA,NA,NA,NA,NA,NA,NA,NA,NA,NA,NA,NA,NA,NA,NA,NA,NA,NA,NA,NA,NA,NA,NA
MANAGE_02529,Joint Genome Institute (JGI),DOE Joint Genome Institute  (JGI),NA,United States,NE,41.1836,-97.9974,9,Cropping,71311888,10.768095,0,NA,NA,NA,NA,NA,NA,NA,NA,NA,NA,NA,NA,NA,NA,NA,NA,NA,NA,NA,NA,NA,NA,NA,NA,NA,NA
MANAGE_02530,Joint Genome Institute (JGI),DOE Joint Genome Institute  (JGI),NA,United States,NE,41.1836,-97.9974,9,Cropping,60235496,9.09556,0,NA,NA,NA,NA,NA,NA,NA,NA,NA,NA,NA,NA,NA,NA,NA,NA,NA,NA,NA,NA,NA,NA,NA,NA,NA,NA
MANAGE_02531,Joint Genome Institute (JGI),DOE Joint Genome Institute  (JGI),NA,United States,NE,41.1836,-97.9974,9,Cropping,72882446,11.005249,0,NA,NA,NA,NA,NA,NA,NA,NA,NA,NA,NA,NA,NA,NA,NA,NA,NA,NA,NA,NA,NA,NA,NA,NA,NA,NA
MANAGE_02532,Joint Genome Institute (JGI),DOE Joint Genome Institute  (JGI),NA,United States,NE,41.1836,-97.9974,9,Cropping,57487148,8.680559,0,NA,NA,NA,NA,NA,NA,NA,NA,NA,NA,NA,NA,NA,NA,NA,NA,NA,NA,NA,NA,NA,NA,NA,NA,NA,NA
MANAGE_02533,Joint Genome Institute (JGI),DOE Joint Genome Institute  (JGI),NA,United States,NE,41.1836,-97.9974,9,Cropping,55934110,8.446051,0,NA,NA,NA,NA,NA,NA,NA,NA,NA,NA,NA,NA,NA,NA,NA,NA,NA,NA,NA,NA,NA,NA,NA,NA,NA,NA
MANAGE_02534,Joint Genome Institute (JGI),DOE Joint Genome Institute  (JGI),NA,United States,NE,41.9457,-103.6985,2,Cropping,41114294,6.208258,0,NA,NA,NA,NA,NA,NA,NA,NA,NA,NA,NA,NA,NA,NA,NA,NA,NA,NA,NA,NA,NA,NA,NA,NA,NA,NA
MANAGE_02535,Joint Genome Institute (JGI),DOE Joint Genome Institute  (JGI),NA,United States,NE,41.9457,-103.6985,2,Cropping,79262580,11.96865,0,NA,NA,NA,NA,NA,NA,NA,NA,NA,NA,NA,NA,NA,NA,NA,NA,NA,NA,NA,NA,NA,NA,NA,NA,NA,NA
MANAGE_02536,Joint Genome Institute (JGI),DOE Joint Genome Institute  (JGI),NA,United States,NE,41.9457,-103.6985,2,Cropping,51160708,7.725267,0,NA,NA,NA,NA,NA,NA,NA,NA,NA,NA,NA,NA,NA,NA,NA,NA,NA,NA,NA,NA,NA,NA,NA,NA,NA,NA
MANAGE_02537,Joint Genome Institute (JGI),DOE Joint Genome Institute  (JGI),NA,United States,NE,41.9457,-103.6985,2,Cropping,57325066,8.656085,0,NA,NA,NA,NA,NA,NA,NA,NA,NA,NA,NA,NA,NA,NA,NA,NA,NA,NA,NA,NA,NA,NA,NA,NA,NA,NA
MANAGE_02538,Joint Genome Institute (JGI),DOE Joint Genome Institute  (JGI),NA,United States,NE,41.9457,-103.6985,2,Cropping,103041222,15.559225,0,NA,NA,NA,NA,NA,NA,NA,NA,NA,NA,NA,NA,NA,NA,NA,NA,NA,NA,NA,NA,NA,NA,NA,NA,NA,NA
MANAGE_02539,Joint Genome Institute (JGI),DOE Joint Genome Institute  (JGI),NA,United States,NE,41.1836,-97.9974,9,Cropping,75796598,11.445286,0,NA,NA,NA,NA,NA,NA,NA,NA,NA,NA,NA,NA,NA,NA,NA,NA,NA,NA,NA,NA,NA,NA,NA,NA,NA,NA
MANAGE_02540,Joint Genome Institute (JGI),DOE Joint Genome Institute  (JGI),NA,United States,NE,41.1836,-97.9974,9,Cropping,74629658,11.269078,1,NA,NA,NA,NA,NA,NA,NA,NA,NA,NA,NA,NA,NA,NA,NA,NA,NA,NA,NA,NA,NA,NA,NA,NA,NA,NA
MANAGE_02541,Joint Genome Institute (JGI),DOE Joint Genome Institute  (JGI),NA,United States,NE,41.9457,-103.6985,2,Cropping,47174346,7.123326,0,NA,NA,NA,NA,NA,NA,NA,NA,NA,NA,NA,NA,NA,NA,NA,NA,NA,NA,NA,NA,NA,NA,NA,NA,NA,NA
MANAGE_02542,Joint Genome Institute (JGI),DOE Joint Genome Institute  (JGI),NA,United States,NE,41.1836,-97.9974,9,Cropping,51461590,7.7707,1,NA,NA,NA,NA,NA,NA,NA,NA,NA,NA,NA,NA,NA,NA,NA,NA,NA,NA,NA,NA,NA,NA,NA,NA,NA,NA
MANAGE_02543,Joint Genome Institute (JGI),DOE Joint Genome Institute  (JGI),NA,United States,NE,41.1836,-97.9974,9,Cropping,57512500,8.684387,0,NA,NA,NA,NA,NA,NA,NA,NA,NA,NA,NA,NA,NA,NA,NA,NA,NA,NA,NA,NA,NA,NA,NA,NA,NA,NA
MANAGE_02544,Joint Genome Institute (JGI),DOE Joint Genome Institute  (JGI),NA,United States,NE,41.9457,-103.6985,2,Cropping,66257496,10.004882,1,NA,NA,NA,NA,NA,NA,NA,NA,NA,NA,NA,NA,NA,NA,NA,NA,NA,NA,NA,NA,NA,NA,NA,NA,NA,NA
MANAGE_02545,Joint Genome Institute (JGI),DOE Joint Genome Institute  (JGI),NA,United States,NE,41.9457,-103.6985,2,Cropping,43565760,6.57843,0,NA,NA,NA,NA,NA,NA,NA,NA,NA,NA,NA,NA,NA,NA,NA,NA,NA,NA,NA,NA,NA,NA,NA,NA,NA,NA
MANAGE_02546,Joint Genome Institute (JGI),DOE Joint Genome Institute  (JGI),NA,United States,NE,41.9457,-103.6985,2,Cropping,65182290,9.842526,0,NA,NA,NA,NA,NA,NA,NA,NA,NA,NA,NA,NA,NA,NA,NA,NA,NA,NA,NA,NA,NA,NA,NA,NA,NA,NA
MANAGE_02547,Joint Genome Institute (JGI),DOE Joint Genome Institute  (JGI),NA,United States,NE,41.9457,-103.6985,2,Cropping,91495136,13.815766,0,NA,NA,NA,NA,NA,NA,NA,NA,NA,NA,NA,NA,NA,NA,NA,NA,NA,NA,NA,NA,NA,NA,NA,NA,NA,NA
MANAGE_02548,Joint Genome Institute (JGI),DOE Joint Genome Institute  (JGI),NA,United States,NE,41.9457,-103.6985,2,Cropping,55919478,8.443841,0,NA,NA,NA,NA,NA,NA,NA,NA,NA,NA,NA,NA,NA,NA,NA,NA,NA,NA,NA,NA,NA,NA,NA,NA,NA,NA
MANAGE_02549,Joint Genome Institute (JGI),DOE Joint Genome Institute  (JGI),NA,United States,NE,41.1836,-97.9974,9,Cropping,65992032,9.964797,0,NA,NA,NA,NA,NA,NA,NA,NA,NA,NA,NA,NA,NA,NA,NA,NA,NA,NA,NA,NA,NA,NA,NA,NA,NA,NA
MANAGE_02550,Joint Genome Institute (JGI),DOE Joint Genome Institute  (JGI),NA,United States,NE,41.1836,-97.9974,9,Cropping,69830938,10.544472,0,NA,NA,NA,NA,NA,NA,NA,NA,NA,NA,NA,NA,NA,NA,NA,NA,NA,NA,NA,NA,NA,NA,NA,NA,NA,NA
MANAGE_02551,Joint Genome Institute (JGI),DOE Joint Genome Institute  (JGI),NA,United States,NE,41.1836,-97.9974,9,Cropping,52239604,7.88818,1,NA,NA,NA,NA,NA,NA,NA,NA,NA,NA,NA,NA,NA,NA,NA,NA,NA,NA,NA,NA,NA,NA,NA,NA,NA,NA
MANAGE_02552,Joint Genome Institute (JGI),DOE Joint Genome Institute  (JGI),NA,United States,NE,41.1836,-97.9974,9,Cropping,49656128,7.498075,2,NA,NA,NA,NA,NA,NA,NA,NA,NA,NA,NA,NA,NA,NA,NA,NA,NA,NA,NA,NA,NA,NA,NA,NA,NA,NA
MANAGE_02553,Joint Genome Institute (JGI),DOE Joint Genome Institute  (JGI),NA,United States,NE,41.1836,-97.9974,9,Cropping,81833200,12.356813,0,NA,NA,NA,NA,NA,NA,NA,NA,NA,NA,NA,NA,NA,NA,NA,NA,NA,NA,NA,NA,NA,NA,NA,NA,NA,NA
MANAGE_02554,Joint Genome Institute (JGI),DOE Joint Genome Institute  (JGI),NA,United States,NE,41.1836,-97.9974,9,Cropping,50484740,7.623196,0,NA,NA,NA,NA,NA,NA,NA,NA,NA,NA,NA,NA,NA,NA,NA,NA,NA,NA,NA,NA,NA,NA,NA,NA,NA,NA
MANAGE_02555,Joint Genome Institute (JGI),DOE Joint Genome Institute  (JGI),NA,United States,NE,41.9457,-103.6985,2,Cropping,70269212,10.610651,0,NA,NA,NA,NA,NA,NA,NA,NA,NA,NA,NA,NA,NA,NA,NA,NA,NA,NA,NA,NA,NA,NA,NA,NA,NA,NA
MANAGE_02556,Joint Genome Institute (JGI),DOE Joint Genome Institute  (JGI),NA,United States,NE,41.9457,-103.6985,2,Cropping,63381978,9.570679,1,NA,NA,NA,NA,NA,NA,NA,NA,NA,NA,NA,NA,NA,NA,NA,NA,NA,NA,NA,NA,NA,NA,NA,NA,NA,NA
MANAGE_02557,Joint Genome Institute (JGI),DOE Joint Genome Institute  (JGI),NA,United States,NE,41.9457,-103.6985,2,Cropping,72730580,10.982318,0,NA,NA,NA,NA,NA,NA,NA,NA,NA,NA,NA,NA,NA,NA,NA,NA,NA,NA,NA,NA,NA,NA,NA,NA,NA,NA
MANAGE_02558,Joint Genome Institute (JGI),DOE Joint Genome Institute  (JGI),NA,United States,NE,41.8942,-103.685,2,Cropping,127386204,19.235317,1,NA,NA,NA,NA,NA,NA,NA,NA,NA,NA,NA,NA,NA,NA,NA,NA,NA,NA,NA,NA,NA,NA,NA,NA,NA,NA
MANAGE_02559,Joint Genome Institute (JGI),DOE Joint Genome Institute  (JGI),NA,United States,NE,41.201,-97.9447,9,Cropping,117619586,17.760557,0,NA,NA,NA,NA,NA,NA,NA,NA,NA,NA,NA,NA,NA,NA,NA,NA,NA,NA,NA,NA,NA,NA,NA,NA,NA,NA
MANAGE_02560,Joint Genome Institute (JGI),DOE Joint Genome Institute  (JGI),NA,United States,NE,41.9457,-103.6985,2,Cropping,74998526,11.324777,1,NA,NA,NA,NA,NA,NA,NA,NA,NA,NA,NA,NA,NA,NA,NA,NA,NA,NA,NA,NA,NA,NA,NA,NA,NA,NA
MANAGE_02561,Joint Genome Institute (JGI),DOE Joint Genome Institute  (JGI),NA,United States,NE,41.9457,-103.6985,2,Cropping,57424264,8.671064,0,NA,NA,NA,NA,NA,NA,NA,NA,NA,NA,NA,NA,NA,NA,NA,NA,NA,NA,NA,NA,NA,NA,NA,NA,NA,NA
MANAGE_02562,Joint Genome Institute (JGI),DOE Joint Genome Institute  (JGI),NA,United States,NE,41.8942,-103.685,2,Cropping,128045352,19.334848,0,NA,NA,NA,NA,NA,NA,NA,NA,NA,NA,NA,NA,NA,NA,NA,NA,NA,NA,NA,NA,NA,NA,NA,NA,NA,NA
MANAGE_02563,Joint Genome Institute (JGI),DOE Joint Genome Institute  (JGI),NA,United States,NE,41.201,-97.9447,9,Cropping,135623258,20.479112,0,NA,NA,NA,NA,NA,NA,NA,NA,NA,NA,NA,NA,NA,NA,NA,NA,NA,NA,NA,NA,NA,NA,NA,NA,NA,NA
MANAGE_02564,Joint Genome Institute (JGI),DOE Joint Genome Institute  (JGI),NA,United States,NE,41.201,-97.9447,9,Cropping,123087944,18.58628,0,NA,NA,NA,NA,NA,NA,NA,NA,NA,NA,NA,NA,NA,NA,NA,NA,NA,NA,NA,NA,NA,NA,NA,NA,NA,NA
MANAGE_02565,Joint Genome Institute (JGI),DOE Joint Genome Institute  (JGI),NA,United States,NE,41.201,-97.9447,9,Cropping,146448316,22.113696,0,NA,NA,NA,NA,NA,NA,NA,NA,NA,NA,NA,NA,NA,NA,NA,NA,NA,NA,NA,NA,NA,NA,NA,NA,NA,NA
MANAGE_02566,Joint Genome Institute (JGI),DOE Joint Genome Institute  (JGI),NA,United States,NE,41.201,-97.9447,9,Cropping,122348360,18.474602,3,NA,NA,NA,NA,NA,NA,NA,NA,NA,NA,NA,NA,NA,NA,NA,NA,NA,NA,NA,NA,NA,NA,NA,NA,NA,NA
MANAGE_02567,Joint Genome Institute (JGI),DOE Joint Genome Institute  (JGI),NA,United States,NE,41.201,-97.9447,9,Cropping,134096308,20.248543,2,NA,NA,NA,NA,NA,NA,NA,NA,NA,NA,NA,NA,NA,NA,NA,NA,NA,NA,NA,NA,NA,NA,NA,NA,NA,NA
MANAGE_02568,Joint Genome Institute (JGI),DOE Joint Genome Institute  (JGI),NA,United States,NE,41.1836,-97.9974,9,Cropping,92905406,14.028716,0,NA,NA,NA,NA,NA,NA,NA,NA,NA,NA,NA,NA,NA,NA,NA,NA,NA,NA,NA,NA,NA,NA,NA,NA,NA,NA
MANAGE_02569,Joint Genome Institute (JGI),DOE Joint Genome Institute  (JGI),NA,United States,NE,41.9457,-103.6985,2,Cropping,82543594,12.464083,2,NA,NA,NA,NA,NA,NA,NA,NA,NA,NA,NA,NA,NA,NA,NA,NA,NA,NA,NA,NA,NA,NA,NA,NA,NA,NA
MANAGE_02570,Joint Genome Institute (JGI),DOE Joint Genome Institute  (JGI),NA,United States,NE,41.1836,-97.9974,9,Cropping,106162910,16.030599,0,NA,NA,NA,NA,NA,NA,NA,NA,NA,NA,NA,NA,NA,NA,NA,NA,NA,NA,NA,NA,NA,NA,NA,NA,NA,NA
MANAGE_02571,Joint Genome Institute (JGI),DOE Joint Genome Institute  (JGI),NA,United States,NE,41.1836,-97.9974,9,Cropping,45200166,6.825225,0,NA,NA,NA,NA,NA,NA,NA,NA,NA,NA,NA,NA,NA,NA,NA,NA,NA,NA,NA,NA,NA,NA,NA,NA,NA,NA
MANAGE_02572,Joint Genome Institute (JGI),DOE Joint Genome Institute  (JGI),NA,United States,NE,41.201,-97.9447,9,Cropping,126053720,19.034112,0,NA,NA,NA,NA,NA,NA,NA,NA,NA,NA,NA,NA,NA,NA,NA,NA,NA,NA,NA,NA,NA,NA,NA,NA,NA,NA
MANAGE_02573,Joint Genome Institute (JGI),DOE Joint Genome Institute  (JGI),NA,United States,NE,41.146,-96.436,9,Cropping,8305276,1.254097,0,NA,NA,NA,NA,NA,NA,NA,NA,NA,NA,NA,NA,NA,NA,NA,NA,NA,NA,NA,NA,NA,NA,NA,NA,NA,NA
MANAGE_02574,Joint Genome Institute (JGI),DOE Joint Genome Institute  (JGI),NA,United States,NE,41.146,-96.436,9,Cropping,9993682,1.509046,0,NA,NA,NA,NA,NA,NA,NA,NA,NA,NA,NA,NA,NA,NA,NA,NA,NA,NA,NA,NA,NA,NA,NA,NA,NA,NA
MANAGE_02575,Joint Genome Institute (JGI),DOE Joint Genome Institute  (JGI),NA,United States,NY,42.4531,-76.3842,5,Cropping,171713802,25.928784,0,NA,NA,NA,NA,NA,NA,NA,NA,NA,NA,NA,NA,NA,NA,NA,NA,NA,NA,NA,NA,NA,NA,NA,NA,NA,NA
MANAGE_02576,Joint Genome Institute (JGI),DOE Joint Genome Institute  (JGI),NA,United States,NY,42.4531,-76.3842,5,Cropping,212718684,32.120521,0,NA,NA,NA,NA,NA,NA,NA,NA,NA,NA,NA,NA,NA,NA,NA,NA,NA,NA,NA,NA,NA,NA,NA,NA,NA,NA
MANAGE_02577,Joint Genome Institute (JGI),DOE Joint Genome Institute  (JGI),NA,United States,NY,42.4531,-76.3842,5,Cropping,194854342,29.423006,0,NA,NA,NA,NA,NA,NA,NA,NA,NA,NA,NA,NA,NA,NA,NA,NA,NA,NA,NA,NA,NA,NA,NA,NA,NA,NA
MANAGE_02578,Joint Genome Institute (JGI),DOE Joint Genome Institute  (JGI),NA,United States,NY,42.4531,-76.3842,5,Cropping,213759462,32.277679,1,NA,NA,NA,NA,NA,NA,NA,NA,NA,NA,NA,NA,NA,NA,NA,NA,NA,NA,NA,NA,NA,NA,NA,NA,NA,NA
MANAGE_02579,Joint Genome Institute (JGI),DOE Joint Genome Institute  (JGI),NA,United States,NY,42.4531,-76.3842,5,Cropping,234920940,35.473062,0,NA,NA,NA,NA,NA,NA,NA,NA,NA,NA,NA,NA,NA,NA,NA,NA,NA,NA,NA,NA,NA,NA,NA,NA,NA,NA
MANAGE_02580,Joint Genome Institute (JGI),DOE Joint Genome Institute  (JGI),NA,United States,NY,42.4531,-76.3842,5,Cropping,241889118,36.525257,2,NA,NA,NA,NA,NA,NA,NA,NA,NA,NA,NA,NA,NA,NA,NA,NA,NA,NA,NA,NA,NA,NA,NA,NA,NA,NA
MANAGE_02581,Joint Genome Institute (JGI),DOE Joint Genome Institute  (JGI),NA,United States,NY,42.4531,-76.3842,5,Cropping,236537450,35.717155,5,NA,NA,NA,NA,NA,NA,NA,NA,NA,NA,NA,NA,NA,NA,NA,NA,NA,NA,NA,NA,NA,NA,NA,NA,NA,NA
MANAGE_02582,Joint Genome Institute (JGI),DOE Joint Genome Institute  (JGI),NA,United States,NY,42.4531,-76.3842,5,Cropping,274976816,41.521499,1,NA,NA,NA,NA,NA,NA,NA,NA,NA,NA,NA,NA,NA,NA,NA,NA,NA,NA,NA,NA,NA,NA,NA,NA,NA,NA
MANAGE_02583,Joint Genome Institute (JGI),DOE Joint Genome Institute  (JGI),NA,United States,NY,42.4531,-76.3842,5,Cropping,226706878,34.232739,1,NA,NA,NA,NA,NA,NA,NA,NA,NA,NA,NA,NA,NA,NA,NA,NA,NA,NA,NA,NA,NA,NA,NA,NA,NA,NA
MANAGE_02584,Joint Genome Institute (JGI),DOE Joint Genome Institute  (JGI),NA,United States,NY,42.4531,-76.3842,5,Cropping,230580460,34.817649,0,NA,NA,NA,NA,NA,NA,NA,NA,NA,NA,NA,NA,NA,NA,NA,NA,NA,NA,NA,NA,NA,NA,NA,NA,NA,NA
MANAGE_02585,Joint Genome Institute (JGI),DOE Joint Genome Institute  (JGI),NA,United States,NY,42.4531,-76.3842,5,Cropping,245807060,37.116866,2,NA,NA,NA,NA,NA,NA,NA,NA,NA,NA,NA,NA,NA,NA,NA,NA,NA,NA,NA,NA,NA,NA,NA,NA,NA,NA
MANAGE_02586,Joint Genome Institute (JGI),DOE Joint Genome Institute  (JGI),NA,United States,NY,42.4531,-76.3842,5,Cropping,259510632,39.186105,3,NA,NA,NA,NA,NA,NA,NA,NA,NA,NA,NA,NA,NA,NA,NA,NA,NA,NA,NA,NA,NA,NA,NA,NA,NA,NA
MANAGE_02587,Joint Genome Institute (JGI),DOE Joint Genome Institute  (JGI),NA,United States,NC,35.38,-78.04,4,Cropping,323508528,48.849788,7,NA,NA,NA,NA,NA,NA,NA,NA,NA,NA,NA,NA,NA,NA,NA,NA,NA,NA,NA,NA,NA,NA,NA,NA,NA,NA
MANAGE_02588,Joint Genome Institute (JGI),DOE Joint Genome Institute  (JGI),NA,United States,NC,35.9076,-79.0506,6,Cropping,32755728,4.946115,2,NA,NA,NA,NA,NA,NA,NA,NA,NA,NA,NA,NA,NA,NA,NA,NA,NA,NA,NA,NA,NA,NA,NA,NA,NA,NA
MANAGE_02589,Joint Genome Institute (JGI),DOE Joint Genome Institute  (JGI),NA,United States,OR,46.120901,-123.26979,11,Cropping,270122432,40.788487,11,NA,NA,NA,NA,NA,NA,NA,NA,NA,NA,NA,NA,NA,NA,NA,NA,NA,NA,NA,NA,5.07,NA,NA,NA,NA,NA
MANAGE_02590,Joint Genome Institute (JGI),DOE Joint Genome Institute  (JGI),NA,United States,OR,44.587786,-123.19389,11,Cropping,192127856,29.011306,1,NA,NA,NA,NA,NA,NA,NA,NA,NA,NA,NA,NA,NA,NA,NA,NA,NA,NA,NA,NA,6.37,NA,NA,NA,NA,NA
MANAGE_02591,Joint Genome Institute (JGI),DOE Joint Genome Institute  (JGI),NA,United States,OR,46.121521,-123.27199,11,Cropping,242481282,36.614674,4,NA,NA,NA,NA,NA,NA,NA,NA,NA,NA,NA,NA,NA,NA,NA,NA,NA,NA,NA,NA,4.83,NA,NA,NA,NA,NA
MANAGE_02592,Joint Genome Institute (JGI),DOE Joint Genome Institute  (JGI),NA,United States,OR,44.587955,-123.19302,11,Cropping,207905046,31.393662,0,NA,NA,NA,NA,NA,NA,NA,NA,NA,NA,NA,NA,NA,NA,NA,NA,NA,NA,NA,NA,6.84,NA,NA,NA,NA,NA
MANAGE_02593,Joint Genome Institute (JGI),DOE Joint Genome Institute  (JGI),NA,United States,OR,44.588088,-123.19243,11,Cropping,188885904,28.521772,3,NA,NA,NA,NA,NA,NA,NA,NA,NA,NA,NA,NA,NA,NA,NA,NA,NA,NA,NA,NA,6.64,NA,NA,NA,NA,NA
MANAGE_02594,Joint Genome Institute (JGI),DOE Joint Genome Institute  (JGI),NA,United States,OR,44.588286,-123.19403,11,Cropping,187811748,28.359574,0,NA,NA,NA,NA,NA,NA,NA,NA,NA,NA,NA,NA,NA,NA,NA,NA,NA,NA,NA,NA,6.72,NA,NA,NA,NA,NA
MANAGE_02595,Joint Genome Institute (JGI),DOE Joint Genome Institute  (JGI),NA,United States,OR,44.588011,-123.19291,11,Cropping,169940376,25.660997,1,NA,NA,NA,NA,NA,NA,NA,NA,NA,NA,NA,NA,NA,NA,NA,NA,NA,NA,NA,NA,6.23,NA,NA,NA,NA,NA
MANAGE_02596,Joint Genome Institute (JGI),DOE Joint Genome Institute  (JGI),NA,United States,OR,46.121345,-123.27099,11,Cropping,218755054,33.032013,0,NA,NA,NA,NA,NA,NA,NA,NA,NA,NA,NA,NA,NA,NA,NA,NA,NA,NA,NA,NA,5.09,NA,NA,NA,NA,NA
MANAGE_02597,Joint Genome Institute (JGI),DOE Joint Genome Institute  (JGI),NA,United States,OR,46.121519,-123.27059,11,Cropping,240163790,36.264732,9,NA,NA,NA,NA,NA,NA,NA,NA,NA,NA,NA,NA,NA,NA,NA,NA,NA,NA,NA,NA,5.21,NA,NA,NA,NA,NA
MANAGE_02598,Joint Genome Institute (JGI),DOE Joint Genome Institute  (JGI),NA,United States,OR,46.120971,-123.27094,11,Cropping,217462168,32.836787,8,NA,NA,NA,NA,NA,NA,NA,NA,NA,NA,NA,NA,NA,NA,NA,NA,NA,NA,NA,NA,5.13,NA,NA,NA,NA,NA
MANAGE_02599,Joint Genome Institute (JGI),DOE Joint Genome Institute  (JGI),NA,United States,OR,46.120936,-123.26975,11,Cropping,182805080,27.603567,4,NA,NA,NA,NA,NA,NA,NA,NA,NA,NA,NA,NA,NA,NA,NA,NA,NA,NA,NA,NA,5.52,NA,NA,NA,NA,NA
MANAGE_02600,Joint Genome Institute (JGI),DOE Joint Genome Institute  (JGI),NA,United States,OR,46.121462,-123.27044,11,Cropping,176662248,26.675999,9,NA,NA,NA,NA,NA,NA,NA,NA,NA,NA,NA,NA,NA,NA,NA,NA,NA,NA,NA,NA,5.14,NA,NA,NA,NA,NA
MANAGE_02601,Joint Genome Institute (JGI),DOE Joint Genome Institute  (JGI),NA,United States,OR,46.121204,-123.27134,11,Cropping,238555528,36.021885,14,NA,NA,NA,NA,NA,NA,NA,NA,NA,NA,NA,NA,NA,NA,NA,NA,NA,NA,NA,NA,5.47,NA,NA,NA,NA,NA
MANAGE_02602,Joint Genome Institute (JGI),DOE Joint Genome Institute  (JGI),NA,United States,OR,46.120986,-123.26911,11,Cropping,194168308,29.319415,5,NA,NA,NA,NA,NA,NA,NA,NA,NA,NA,NA,NA,NA,NA,NA,NA,NA,NA,NA,NA,5.82,NA,NA,NA,NA,NA
MANAGE_02603,Joint Genome Institute (JGI),DOE Joint Genome Institute  (JGI),NA,United States,OR,46.12162,-123.26902,11,Cropping,173615634,26.215961,2,NA,NA,NA,NA,NA,NA,NA,NA,NA,NA,NA,NA,NA,NA,NA,NA,NA,NA,NA,NA,5.21,NA,NA,NA,NA,NA
MANAGE_02604,Joint Genome Institute (JGI),DOE Joint Genome Institute  (JGI),NA,United States,OR,44.588158,-123.19262,11,Cropping,200512382,30.27737,1,NA,NA,NA,NA,NA,NA,NA,NA,NA,NA,NA,NA,NA,NA,NA,NA,NA,NA,NA,NA,6.72,NA,NA,NA,NA,NA
MANAGE_02605,Joint Genome Institute (JGI),DOE Joint Genome Institute  (JGI),NA,United States,OR,46.120791,-123.27162,11,Cropping,152116390,22.969575,2,NA,NA,NA,NA,NA,NA,NA,NA,NA,NA,NA,NA,NA,NA,NA,NA,NA,NA,NA,NA,5.46,NA,NA,NA,NA,NA
MANAGE_02606,Joint Genome Institute (JGI),DOE Joint Genome Institute  (JGI),NA,United States,OR,44.587894,-123.19268,11,Cropping,147303326,22.242802,0,NA,NA,NA,NA,NA,NA,NA,NA,NA,NA,NA,NA,NA,NA,NA,NA,NA,NA,NA,NA,6.88,NA,NA,NA,NA,NA
MANAGE_02607,Joint Genome Institute (JGI),DOE Joint Genome Institute  (JGI),NA,United States,OR,44.588162,-123.19393,11,Cropping,222210226,33.553744,0,NA,NA,NA,NA,NA,NA,NA,NA,NA,NA,NA,NA,NA,NA,NA,NA,NA,NA,NA,NA,6.64,NA,NA,NA,NA,NA
MANAGE_02608,Joint Genome Institute (JGI),DOE Joint Genome Institute  (JGI),NA,United States,OR,46.121352,-123.27099,11,Cropping,130187192,19.658266,1,NA,NA,NA,NA,NA,NA,NA,NA,NA,NA,NA,NA,NA,NA,NA,NA,NA,NA,NA,NA,5.48,NA,NA,NA,NA,NA
MANAGE_02609,Joint Genome Institute (JGI),DOE Joint Genome Institute  (JGI),NA,United States,OR,44.588172,-123.19295,11,Cropping,207089948,31.270582,0,NA,NA,NA,NA,NA,NA,NA,NA,NA,NA,NA,NA,NA,NA,NA,NA,NA,NA,NA,NA,6.95,NA,NA,NA,NA,NA
MANAGE_02610,Joint Genome Institute (JGI),DOE Joint Genome Institute  (JGI),NA,United States,OR,44.588071,-123.19398,11,Cropping,135221926,20.418511,0,NA,NA,NA,NA,NA,NA,NA,NA,NA,NA,NA,NA,NA,NA,NA,NA,NA,NA,NA,NA,6.61,NA,NA,NA,NA,NA
MANAGE_02611,Joint Genome Institute (JGI),DOE Joint Genome Institute  (JGI),NA,United States,OR,44.588086,-123.19228,11,Cropping,209170798,31.58479,0,NA,NA,NA,NA,NA,NA,NA,NA,NA,NA,NA,NA,NA,NA,NA,NA,NA,NA,NA,NA,7.02,NA,NA,NA,NA,NA
MANAGE_02612,Joint Genome Institute (JGI),DOE Joint Genome Institute  (JGI),NA,United States,OR,46.121225,-123.27085,11,Cropping,176006174,26.576932,1,NA,NA,NA,NA,NA,NA,NA,NA,NA,NA,NA,NA,NA,NA,NA,NA,NA,NA,NA,NA,4.98,NA,NA,NA,NA,NA
MANAGE_02613,Joint Genome Institute (JGI),DOE Joint Genome Institute  (JGI),NA,United States,OR,46.121135,-123.26938,11,Cropping,185931504,28.075657,8,NA,NA,NA,NA,NA,NA,NA,NA,NA,NA,NA,NA,NA,NA,NA,NA,NA,NA,NA,NA,5.39,NA,NA,NA,NA,NA
MANAGE_02614,Joint Genome Institute (JGI),DOE Joint Genome Institute  (JGI),NA,United States,OR,44.588305,-123.19405,11,Cropping,173329428,26.172744,0,NA,NA,NA,NA,NA,NA,NA,NA,NA,NA,NA,NA,NA,NA,NA,NA,NA,NA,NA,NA,6.63,NA,NA,NA,NA,NA
MANAGE_02615,Joint Genome Institute (JGI),DOE Joint Genome Institute  (JGI),NA,United States,OR,46.121307,-123.26924,11,Cropping,202288654,30.545587,5,NA,NA,NA,NA,NA,NA,NA,NA,NA,NA,NA,NA,NA,NA,NA,NA,NA,NA,NA,NA,5.07,NA,NA,NA,NA,NA
MANAGE_02616,Joint Genome Institute (JGI),DOE Joint Genome Institute  (JGI),NA,United States,OR,44.587669,-123.1933,11,Cropping,200006984,30.201055,4,NA,NA,NA,NA,NA,NA,NA,NA,NA,NA,NA,NA,NA,NA,NA,NA,NA,NA,NA,NA,6.78,NA,NA,NA,NA,NA
MANAGE_02617,Joint Genome Institute (JGI),DOE Joint Genome Institute  (JGI),NA,United States,OR,44.588192,-123.19405,11,Cropping,249705404,37.705516,0,NA,NA,NA,NA,NA,NA,NA,NA,NA,NA,NA,NA,NA,NA,NA,NA,NA,NA,NA,NA,6.4,NA,NA,NA,NA,NA
MANAGE_02618,Joint Genome Institute (JGI),DOE Joint Genome Institute  (JGI),NA,United States,OR,46.121423,-123.27152,11,Cropping,167902826,25.353327,2,NA,NA,NA,NA,NA,NA,NA,NA,NA,NA,NA,NA,NA,NA,NA,NA,NA,NA,NA,NA,5.07,NA,NA,NA,NA,NA
MANAGE_02619,Joint Genome Institute (JGI),DOE Joint Genome Institute  (JGI),NA,United States,OR,44.588348,-123.19403,11,Cropping,193600010,29.233602,1,NA,NA,NA,NA,NA,NA,NA,NA,NA,NA,NA,NA,NA,NA,NA,NA,NA,NA,NA,NA,6.6,NA,NA,NA,NA,NA
MANAGE_02620,Joint Genome Institute (JGI),DOE Joint Genome Institute  (JGI),NA,United States,OR,44.587947,-123.19394,11,Cropping,191917950,28.97961,1,NA,NA,NA,NA,NA,NA,NA,NA,NA,NA,NA,NA,NA,NA,NA,NA,NA,NA,NA,NA,6.59,NA,NA,NA,NA,NA
MANAGE_02621,Joint Genome Institute (JGI),DOE Joint Genome Institute  (JGI),NA,United States,OR,44.587694,-123.19337,11,Cropping,244422642,36.907819,4,NA,NA,NA,NA,NA,NA,NA,NA,NA,NA,NA,NA,NA,NA,NA,NA,NA,NA,NA,NA,7.18,NA,NA,NA,NA,NA
MANAGE_02622,Joint Genome Institute (JGI),DOE Joint Genome Institute  (JGI),NA,United States,OR,44.587646,-123.19345,11,Cropping,196258032,29.634963,0,NA,NA,NA,NA,NA,NA,NA,NA,NA,NA,NA,NA,NA,NA,NA,NA,NA,NA,NA,NA,6.71,NA,NA,NA,NA,NA
MANAGE_02623,Joint Genome Institute (JGI),DOE Joint Genome Institute  (JGI),NA,United States,OR,44.588185,-123.19262,11,Cropping,185946320,28.077894,1,NA,NA,NA,NA,NA,NA,NA,NA,NA,NA,NA,NA,NA,NA,NA,NA,NA,NA,NA,NA,6.62,NA,NA,NA,NA,NA
MANAGE_02624,Joint Genome Institute (JGI),DOE Joint Genome Institute  (JGI),NA,United States,OR,44.588049,-123.19319,11,Cropping,180902544,27.316284,0,NA,NA,NA,NA,NA,NA,NA,NA,NA,NA,NA,NA,NA,NA,NA,NA,NA,NA,NA,NA,6.44,NA,NA,NA,NA,NA
MANAGE_02625,Joint Genome Institute (JGI),DOE Joint Genome Institute  (JGI),NA,United States,OR,46.120965,-123.27144,11,Cropping,161223888,24.344807,2,NA,NA,NA,NA,NA,NA,NA,NA,NA,NA,NA,NA,NA,NA,NA,NA,NA,NA,NA,NA,5.48,NA,NA,NA,NA,NA
MANAGE_02626,Joint Genome Institute (JGI),DOE Joint Genome Institute  (JGI),NA,United States,OR,46.121406,-123.27011,11,Cropping,221958320,33.515706,1,NA,NA,NA,NA,NA,NA,NA,NA,NA,NA,NA,NA,NA,NA,NA,NA,NA,NA,NA,NA,4.95,NA,NA,NA,NA,NA
MANAGE_02627,Joint Genome Institute (JGI),DOE Joint Genome Institute  (JGI),NA,United States,OR,44.588248,-123.19409,11,Cropping,175922926,26.564362,0,NA,NA,NA,NA,NA,NA,NA,NA,NA,NA,NA,NA,NA,NA,NA,NA,NA,NA,NA,NA,6.61,NA,NA,NA,NA,NA
MANAGE_02628,Joint Genome Institute (JGI),DOE Joint Genome Institute  (JGI),NA,United States,OR,44.587442,-123.19371,11,Cropping,164443746,24.831006,0,NA,NA,NA,NA,NA,NA,NA,NA,NA,NA,NA,NA,NA,NA,NA,NA,NA,NA,NA,NA,6.41,NA,NA,NA,NA,NA
MANAGE_02629,Joint Genome Institute (JGI),DOE Joint Genome Institute  (JGI),NA,United States,OR,46.121531,-123.27121,11,Cropping,184117148,27.801689,2,NA,NA,NA,NA,NA,NA,NA,NA,NA,NA,NA,NA,NA,NA,NA,NA,NA,NA,NA,NA,5.17,NA,NA,NA,NA,NA
MANAGE_02630,Joint Genome Institute (JGI),DOE Joint Genome Institute  (JGI),NA,United States,OR,46.121649,-123.26953,11,Cropping,186827034,28.210882,7,NA,NA,NA,NA,NA,NA,NA,NA,NA,NA,NA,NA,NA,NA,NA,NA,NA,NA,NA,NA,5.03,NA,NA,NA,NA,NA
MANAGE_02631,Joint Genome Institute (JGI),DOE Joint Genome Institute  (JGI),NA,United States,OR,46.121012,-123.27144,11,Cropping,259551636,39.192297,4,NA,NA,NA,NA,NA,NA,NA,NA,NA,NA,NA,NA,NA,NA,NA,NA,NA,NA,NA,NA,5.34,NA,NA,NA,NA,NA
MANAGE_02632,Joint Genome Institute (JGI),DOE Joint Genome Institute  (JGI),NA,United States,OR,46.121497,-123.26964,11,Cropping,235403594,35.545943,5,NA,NA,NA,NA,NA,NA,NA,NA,NA,NA,NA,NA,NA,NA,NA,NA,NA,NA,NA,NA,4.84,NA,NA,NA,NA,NA
MANAGE_02633,Joint Genome Institute (JGI),DOE Joint Genome Institute  (JGI),NA,United States,OR,44.588202,-123.19314,11,Cropping,161659986,24.410658,2,NA,NA,NA,NA,NA,NA,NA,NA,NA,NA,NA,NA,NA,NA,NA,NA,NA,NA,NA,NA,6.84,NA,NA,NA,NA,NA
MANAGE_02634,Joint Genome Institute (JGI),DOE Joint Genome Institute  (JGI),NA,United States,OR,44.587702,-123.19361,11,Cropping,129542516,19.56092,3,NA,NA,NA,NA,NA,NA,NA,NA,NA,NA,NA,NA,NA,NA,NA,NA,NA,NA,NA,NA,6.92,NA,NA,NA,NA,NA
MANAGE_02635,Joint Genome Institute (JGI),DOE Joint Genome Institute  (JGI),NA,United States,OR,44.58807,-123.19407,11,Cropping,224915154,33.962188,3,NA,NA,NA,NA,NA,NA,NA,NA,NA,NA,NA,NA,NA,NA,NA,NA,NA,NA,NA,NA,6.85,NA,NA,NA,NA,NA
MANAGE_02636,Joint Genome Institute (JGI),DOE Joint Genome Institute  (JGI),NA,United States,OR,46.121579,-123.26921,11,Cropping,176608288,26.667851,5,NA,NA,NA,NA,NA,NA,NA,NA,NA,NA,NA,NA,NA,NA,NA,NA,NA,NA,NA,NA,4.88,NA,NA,NA,NA,NA
MANAGE_02637,Joint Genome Institute (JGI),DOE Joint Genome Institute  (JGI),NA,United States,OR,44.588251,-123.19403,11,Cropping,127648766,19.274964,1,NA,NA,NA,NA,NA,NA,NA,NA,NA,NA,NA,NA,NA,NA,NA,NA,NA,NA,NA,NA,6.66,NA,NA,NA,NA,NA
MANAGE_02638,Joint Genome Institute (JGI),DOE Joint Genome Institute  (JGI),NA,United States,OR,44.588222,-123.19396,11,Cropping,248307116,37.494375,0,NA,NA,NA,NA,NA,NA,NA,NA,NA,NA,NA,NA,NA,NA,NA,NA,NA,NA,NA,NA,6.62,NA,NA,NA,NA,NA
MANAGE_02639,Joint Genome Institute (JGI),DOE Joint Genome Institute  (JGI),NA,United States,OR,44.587532,-123.19339,11,Cropping,140563330,21.225063,1,NA,NA,NA,NA,NA,NA,NA,NA,NA,NA,NA,NA,NA,NA,NA,NA,NA,NA,NA,NA,6.48,NA,NA,NA,NA,NA
MANAGE_02640,Joint Genome Institute (JGI),DOE Joint Genome Institute  (JGI),NA,United States,OR,44.587688,-123.19361,11,Cropping,169936490,25.66041,2,NA,NA,NA,NA,NA,NA,NA,NA,NA,NA,NA,NA,NA,NA,NA,NA,NA,NA,NA,NA,6.9,NA,NA,NA,NA,NA
MANAGE_02641,Joint Genome Institute (JGI),DOE Joint Genome Institute  (JGI),NA,United States,OR,46.121608,-123.26945,11,Cropping,222737254,33.633325,5,NA,NA,NA,NA,NA,NA,NA,NA,NA,NA,NA,NA,NA,NA,NA,NA,NA,NA,NA,NA,5.12,NA,NA,NA,NA,NA
MANAGE_02642,Joint Genome Institute (JGI),DOE Joint Genome Institute  (JGI),NA,United States,OR,44.587593,-123.19355,11,Cropping,184957732,27.928618,8,NA,NA,NA,NA,NA,NA,NA,NA,NA,NA,NA,NA,NA,NA,NA,NA,NA,NA,NA,NA,6.69,NA,NA,NA,NA,NA
MANAGE_02643,Joint Genome Institute (JGI),DOE Joint Genome Institute  (JGI),NA,United States,OR,44.587562,-123.19326,11,Cropping,251955984,38.045354,2,NA,NA,NA,NA,NA,NA,NA,NA,NA,NA,NA,NA,NA,NA,NA,NA,NA,NA,NA,NA,6.37,NA,NA,NA,NA,NA
MANAGE_02644,Joint Genome Institute (JGI),DOE Joint Genome Institute  (JGI),NA,United States,OR,44.587958,-123.19397,11,Cropping,100672026,15.201476,0,NA,NA,NA,NA,NA,NA,NA,NA,NA,NA,NA,NA,NA,NA,NA,NA,NA,NA,NA,NA,6.68,NA,NA,NA,NA,NA
MANAGE_02645,Joint Genome Institute (JGI),DOE Joint Genome Institute  (JGI),NA,United States,OR,46.120839,-123.26922,11,Cropping,206090320,31.119638,3,NA,NA,NA,NA,NA,NA,NA,NA,NA,NA,NA,NA,NA,NA,NA,NA,NA,NA,NA,NA,5.94,NA,NA,NA,NA,NA
MANAGE_02646,Joint Genome Institute (JGI),DOE Joint Genome Institute  (JGI),NA,United States,OR,46.121285,-123.2695,11,Cropping,181386204,27.389317,3,NA,NA,NA,NA,NA,NA,NA,NA,NA,NA,NA,NA,NA,NA,NA,NA,NA,NA,NA,NA,4.85,NA,NA,NA,NA,NA
MANAGE_02647,Joint Genome Institute (JGI),DOE Joint Genome Institute  (JGI),NA,United States,OR,44.587973,-123.19406,11,Cropping,173376952,26.17992,0,NA,NA,NA,NA,NA,NA,NA,NA,NA,NA,NA,NA,NA,NA,NA,NA,NA,NA,NA,NA,6.57,NA,NA,NA,NA,NA
MANAGE_02648,Joint Genome Institute (JGI),DOE Joint Genome Institute  (JGI),NA,United States,OR,46.121602,-123.27013,11,Cropping,172454418,26.040617,1,NA,NA,NA,NA,NA,NA,NA,NA,NA,NA,NA,NA,NA,NA,NA,NA,NA,NA,NA,NA,4.93,NA,NA,NA,NA,NA
MANAGE_02649,Joint Genome Institute (JGI),DOE Joint Genome Institute  (JGI),NA,United States,OR,44.588014,-123.19407,11,Cropping,243316380,36.740773,1,NA,NA,NA,NA,NA,NA,NA,NA,NA,NA,NA,NA,NA,NA,NA,NA,NA,NA,NA,NA,7,NA,NA,NA,NA,NA
MANAGE_02650,Joint Genome Institute (JGI),DOE Joint Genome Institute  (JGI),NA,United States,OR,44.587826,-123.19384,11,Cropping,176562128,26.660881,0,NA,NA,NA,NA,NA,NA,NA,NA,NA,NA,NA,NA,NA,NA,NA,NA,NA,NA,NA,NA,6.77,NA,NA,NA,NA,NA
MANAGE_02651,Joint Genome Institute (JGI),DOE Joint Genome Institute  (JGI),NA,United States,OR,46.121006,-123.27048,11,Cropping,240503694,36.316058,4,NA,NA,NA,NA,NA,NA,NA,NA,NA,NA,NA,NA,NA,NA,NA,NA,NA,NA,NA,NA,5.41,NA,NA,NA,NA,NA
MANAGE_02652,Joint Genome Institute (JGI),DOE Joint Genome Institute  (JGI),NA,United States,OR,44.588067,-123.1931,11,Cropping,220741442,33.331958,2,NA,NA,NA,NA,NA,NA,NA,NA,NA,NA,NA,NA,NA,NA,NA,NA,NA,NA,NA,NA,6.7,NA,NA,NA,NA,NA
MANAGE_02653,Joint Genome Institute (JGI),DOE Joint Genome Institute  (JGI),NA,United States,OR,44.587743,-123.19344,11,Cropping,172527574,26.051664,1,NA,NA,NA,NA,NA,NA,NA,NA,NA,NA,NA,NA,NA,NA,NA,NA,NA,NA,NA,NA,6.76,NA,NA,NA,NA,NA
MANAGE_02654,Joint Genome Institute (JGI),DOE Joint Genome Institute  (JGI),NA,United States,OR,46.1214,-123.26946,11,Cropping,155693800,23.509764,9,NA,NA,NA,NA,NA,NA,NA,NA,NA,NA,NA,NA,NA,NA,NA,NA,NA,NA,NA,NA,4.88,NA,NA,NA,NA,NA
MANAGE_02655,Joint Genome Institute (JGI),DOE Joint Genome Institute  (JGI),NA,United States,OR,46.121108,-123.26914,11,Cropping,138697706,20.943354,2,NA,NA,NA,NA,NA,NA,NA,NA,NA,NA,NA,NA,NA,NA,NA,NA,NA,NA,NA,NA,5.63,NA,NA,NA,NA,NA
MANAGE_02656,Joint Genome Institute (JGI),DOE Joint Genome Institute  (JGI),NA,United States,OR,46.120845,-123.26958,11,Cropping,197088730,29.760398,5,NA,NA,NA,NA,NA,NA,NA,NA,NA,NA,NA,NA,NA,NA,NA,NA,NA,NA,NA,NA,5.58,NA,NA,NA,NA,NA
MANAGE_02657,Joint Genome Institute (JGI),DOE Joint Genome Institute  (JGI),NA,United States,OR,46.120803,-123.27138,11,Cropping,162535494,24.54286,3,NA,NA,NA,NA,NA,NA,NA,NA,NA,NA,NA,NA,NA,NA,NA,NA,NA,NA,NA,NA,5.48,NA,NA,NA,NA,NA
MANAGE_02658,Joint Genome Institute (JGI),DOE Joint Genome Institute  (JGI),NA,United States,OR,44.588118,-123.19277,11,Cropping,185071542,27.945803,1,NA,NA,NA,NA,NA,NA,NA,NA,NA,NA,NA,NA,NA,NA,NA,NA,NA,NA,NA,NA,6.64,NA,NA,NA,NA,NA
MANAGE_02659,Joint Genome Institute (JGI),DOE Joint Genome Institute  (JGI),NA,United States,OR,46.121297,-123.26982,11,Cropping,155153138,23.428124,6,NA,NA,NA,NA,NA,NA,NA,NA,NA,NA,NA,NA,NA,NA,NA,NA,NA,NA,NA,NA,5.35,NA,NA,NA,NA,NA
MANAGE_02660,Joint Genome Institute (JGI),DOE Joint Genome Institute  (JGI),NA,United States,OR,44.58826,-123.19245,11,Cropping,239293658,36.133342,3,NA,NA,NA,NA,NA,NA,NA,NA,NA,NA,NA,NA,NA,NA,NA,NA,NA,NA,NA,NA,6.76,NA,NA,NA,NA,NA
MANAGE_02661,Joint Genome Institute (JGI),DOE Joint Genome Institute  (JGI),NA,United States,OR,46.121096,-123.27078,11,Cropping,214130872,32.333762,2,NA,NA,NA,NA,NA,NA,NA,NA,NA,NA,NA,NA,NA,NA,NA,NA,NA,NA,NA,NA,5.3,NA,NA,NA,NA,NA
MANAGE_02662,Joint Genome Institute (JGI),DOE Joint Genome Institute  (JGI),NA,United States,OR,44.588219,-123.1939,11,Cropping,254752906,38.467689,0,NA,NA,NA,NA,NA,NA,NA,NA,NA,NA,NA,NA,NA,NA,NA,NA,NA,NA,NA,NA,6.54,NA,NA,NA,NA,NA
MANAGE_02663,Joint Genome Institute (JGI),DOE Joint Genome Institute  (JGI),NA,United States,OR,46.121171,-123.26942,11,Cropping,181791588,27.45053,3,NA,NA,NA,NA,NA,NA,NA,NA,NA,NA,NA,NA,NA,NA,NA,NA,NA,NA,NA,NA,5,NA,NA,NA,NA,NA
MANAGE_02664,Joint Genome Institute (JGI),DOE Joint Genome Institute  (JGI),NA,United States,OR,44.587539,-123.19369,11,Cropping,161049854,24.318528,3,NA,NA,NA,NA,NA,NA,NA,NA,NA,NA,NA,NA,NA,NA,NA,NA,NA,NA,NA,NA,6.18,NA,NA,NA,NA,NA
MANAGE_02665,Joint Genome Institute (JGI),DOE Joint Genome Institute  (JGI),NA,United States,OR,46.120814,-123.26917,11,Cropping,195963290,29.590457,8,NA,NA,NA,NA,NA,NA,NA,NA,NA,NA,NA,NA,NA,NA,NA,NA,NA,NA,NA,NA,5.86,NA,NA,NA,NA,NA
MANAGE_02666,Joint Genome Institute (JGI),DOE Joint Genome Institute  (JGI),NA,United States,OR,46.121316,-123.26986,11,Cropping,150964696,22.795669,7,NA,NA,NA,NA,NA,NA,NA,NA,NA,NA,NA,NA,NA,NA,NA,NA,NA,NA,NA,NA,5.05,NA,NA,NA,NA,NA
MANAGE_02667,Joint Genome Institute (JGI),DOE Joint Genome Institute  (JGI),NA,United States,OR,44.588007,-123.1927,11,Cropping,162126820,24.48115,3,NA,NA,NA,NA,NA,NA,NA,NA,NA,NA,NA,NA,NA,NA,NA,NA,NA,NA,NA,NA,6.73,NA,NA,NA,NA,NA
MANAGE_02668,Joint Genome Institute (JGI),DOE Joint Genome Institute  (JGI),NA,United States,OR,46.121586,-123.26961,11,Cropping,224324382,33.872982,9,NA,NA,NA,NA,NA,NA,NA,NA,NA,NA,NA,NA,NA,NA,NA,NA,NA,NA,NA,NA,5.21,NA,NA,NA,NA,NA
MANAGE_02669,Joint Genome Institute (JGI),DOE Joint Genome Institute  (JGI),NA,United States,OR,46.121531,-123.2711,11,Cropping,237437704,35.853093,3,NA,NA,NA,NA,NA,NA,NA,NA,NA,NA,NA,NA,NA,NA,NA,NA,NA,NA,NA,NA,5.16,NA,NA,NA,NA,NA
MANAGE_02670,Joint Genome Institute (JGI),DOE Joint Genome Institute  (JGI),NA,United States,OR,46.120945,-123.2703,11,Cropping,184131020,27.803784,2,NA,NA,NA,NA,NA,NA,NA,NA,NA,NA,NA,NA,NA,NA,NA,NA,NA,NA,NA,NA,5.14,NA,NA,NA,NA,NA
MANAGE_02671,Joint Genome Institute (JGI),DOE Joint Genome Institute  (JGI),NA,United States,OR,46.121413,-123.2692,11,Cropping,226800100,34.246815,7,NA,NA,NA,NA,NA,NA,NA,NA,NA,NA,NA,NA,NA,NA,NA,NA,NA,NA,NA,NA,5.06,NA,NA,NA,NA,NA
MANAGE_02672,Joint Genome Institute (JGI),DOE Joint Genome Institute  (JGI),NA,United States,OR,46.121447,-123.2718,11,Cropping,124538130,18.805258,3,NA,NA,NA,NA,NA,NA,NA,NA,NA,NA,NA,NA,NA,NA,NA,NA,NA,NA,NA,NA,6.13,NA,NA,NA,NA,NA
MANAGE_02673,Joint Genome Institute (JGI),DOE Joint Genome Institute  (JGI),NA,United States,OR,46.121622,-123.27168,11,Cropping,179045134,27.035815,0,NA,NA,NA,NA,NA,NA,NA,NA,NA,NA,NA,NA,NA,NA,NA,NA,NA,NA,NA,NA,5.68,NA,NA,NA,NA,NA
MANAGE_02674,Joint Genome Institute (JGI),DOE Joint Genome Institute  (JGI),NA,United States,OR,46.121529,-123.27034,11,Cropping,214136734,32.334647,14,NA,NA,NA,NA,NA,NA,NA,NA,NA,NA,NA,NA,NA,NA,NA,NA,NA,NA,NA,NA,4.96,NA,NA,NA,NA,NA
MANAGE_02675,Joint Genome Institute (JGI),DOE Joint Genome Institute  (JGI),NA,United States,OR,46.121439,-123.27038,11,Cropping,170305000,25.716055,3,NA,NA,NA,NA,NA,NA,NA,NA,NA,NA,NA,NA,NA,NA,NA,NA,NA,NA,NA,NA,5.04,NA,NA,NA,NA,NA
MANAGE_02676,Joint Genome Institute (JGI),DOE Joint Genome Institute  (JGI),NA,United States,OR,46.120985,-123.27152,11,Cropping,179008616,27.030301,2,NA,NA,NA,NA,NA,NA,NA,NA,NA,NA,NA,NA,NA,NA,NA,NA,NA,NA,NA,NA,5.34,NA,NA,NA,NA,NA
MANAGE_02677,Joint Genome Institute (JGI),DOE Joint Genome Institute  (JGI),NA,United States,OR,44.588254,-123.19314,11,Cropping,174268166,26.314493,2,NA,NA,NA,NA,NA,NA,NA,NA,NA,NA,NA,NA,NA,NA,NA,NA,NA,NA,NA,NA,6.55,NA,NA,NA,NA,NA
MANAGE_02678,Joint Genome Institute (JGI),DOE Joint Genome Institute  (JGI),NA,United States,OR,44.587823,-123.19344,11,Cropping,305818270,46.178559,4,NA,NA,NA,NA,NA,NA,NA,NA,NA,NA,NA,NA,NA,NA,NA,NA,NA,NA,NA,NA,6.71,NA,NA,NA,NA,NA
MANAGE_02679,Joint Genome Institute (JGI),DOE Joint Genome Institute  (JGI),NA,United States,OR,46.12116,-123.27041,11,Cropping,181748266,27.443988,2,NA,NA,NA,NA,NA,NA,NA,NA,NA,NA,NA,NA,NA,NA,NA,NA,NA,NA,NA,NA,5.05,NA,NA,NA,NA,NA
MANAGE_02680,Joint Genome Institute (JGI),DOE Joint Genome Institute  (JGI),NA,United States,OR,44.588056,-123.19407,11,Cropping,268666858,40.568696,0,NA,NA,NA,NA,NA,NA,NA,NA,NA,NA,NA,NA,NA,NA,NA,NA,NA,NA,NA,NA,6.6,NA,NA,NA,NA,NA
MANAGE_02681,Joint Genome Institute (JGI),DOE Joint Genome Institute  (JGI),NA,United States,OR,46.121006,-123.27048,11,Cropping,221305090,33.417069,7,NA,NA,NA,NA,NA,NA,NA,NA,NA,NA,NA,NA,NA,NA,NA,NA,NA,NA,NA,NA,5.04,NA,NA,NA,NA,NA
MANAGE_02682,Joint Genome Institute (JGI),DOE Joint Genome Institute  (JGI),NA,United States,OR,44.587648,-123.19391,11,Cropping,204606970,30.895652,2,NA,NA,NA,NA,NA,NA,NA,NA,NA,NA,NA,NA,NA,NA,NA,NA,NA,NA,NA,NA,6.48,NA,NA,NA,NA,NA
MANAGE_02683,Joint Genome Institute (JGI),DOE Joint Genome Institute  (JGI),NA,United States,OR,46.12132,-123.2696,11,Cropping,182812432,27.604677,2,NA,NA,NA,NA,NA,NA,NA,NA,NA,NA,NA,NA,NA,NA,NA,NA,NA,NA,NA,NA,5.19,NA,NA,NA,NA,NA
MANAGE_02684,Joint Genome Institute (JGI),DOE Joint Genome Institute  (JGI),NA,United States,OR,44.588317,-123.19391,11,Cropping,187902740,28.373314,0,NA,NA,NA,NA,NA,NA,NA,NA,NA,NA,NA,NA,NA,NA,NA,NA,NA,NA,NA,NA,6.7,NA,NA,NA,NA,NA
MANAGE_02685,Joint Genome Institute (JGI),DOE Joint Genome Institute  (JGI),NA,United States,OR,46.121233,-123.27015,11,Cropping,159512374,24.086368,2,NA,NA,NA,NA,NA,NA,NA,NA,NA,NA,NA,NA,NA,NA,NA,NA,NA,NA,NA,NA,5.11,NA,NA,NA,NA,NA
MANAGE_02686,Joint Genome Institute (JGI),DOE Joint Genome Institute  (JGI),NA,United States,OR,44.587994,-123.19287,11,Cropping,173656662,26.222156,0,NA,NA,NA,NA,NA,NA,NA,NA,NA,NA,NA,NA,NA,NA,NA,NA,NA,NA,NA,NA,6.81,NA,NA,NA,NA,NA
MANAGE_02687,Joint Genome Institute (JGI),DOE Joint Genome Institute  (JGI),NA,United States,OR,44.587809,-123.19362,11,Cropping,219050412,33.076612,0,NA,NA,NA,NA,NA,NA,NA,NA,NA,NA,NA,NA,NA,NA,NA,NA,NA,NA,NA,NA,6.81,NA,NA,NA,NA,NA
MANAGE_02688,Joint Genome Institute (JGI),DOE Joint Genome Institute  (JGI),NA,United States,OR,44.588226,-123.19278,11,Cropping,250733850,37.860811,3,NA,NA,NA,NA,NA,NA,NA,NA,NA,NA,NA,NA,NA,NA,NA,NA,NA,NA,NA,NA,6.48,NA,NA,NA,NA,NA
MANAGE_02689,Joint Genome Institute (JGI),DOE Joint Genome Institute  (JGI),NA,United States,OR,46.121117,-123.26963,11,Cropping,183892002,27.767692,3,NA,NA,NA,NA,NA,NA,NA,NA,NA,NA,NA,NA,NA,NA,NA,NA,NA,NA,NA,NA,5.38,NA,NA,NA,NA,NA
MANAGE_02690,Joint Genome Institute (JGI),DOE Joint Genome Institute  (JGI),NA,United States,OR,44.58753,-123.19336,11,Cropping,148314158,22.395438,1,NA,NA,NA,NA,NA,NA,NA,NA,NA,NA,NA,NA,NA,NA,NA,NA,NA,NA,NA,NA,6.72,NA,NA,NA,NA,NA
MANAGE_02691,Joint Genome Institute (JGI),DOE Joint Genome Institute  (JGI),NA,United States,OR,46.121253,-123.27037,11,Cropping,231782500,34.999158,5,NA,NA,NA,NA,NA,NA,NA,NA,NA,NA,NA,NA,NA,NA,NA,NA,NA,NA,NA,NA,4.96,NA,NA,NA,NA,NA
MANAGE_02692,Joint Genome Institute (JGI),DOE Joint Genome Institute  (JGI),NA,United States,OR,46.1125,-122.987,11,Cropping,133129626,20.102574,0,NA,NA,NA,NA,NA,NA,NA,NA,NA,NA,NA,NA,NA,NA,NA,NA,NA,NA,NA,NA,NA,NA,NA,NA,NA,NA
MANAGE_02693,Joint Genome Institute (JGI),DOE Joint Genome Institute  (JGI),NA,United States,OR,46.1125,-122.987,11,Cropping,130537370,19.711143,0,NA,NA,NA,NA,NA,NA,NA,NA,NA,NA,NA,NA,NA,NA,NA,NA,NA,NA,NA,NA,NA,NA,NA,NA,NA,NA
MANAGE_02694,Joint Genome Institute (JGI),DOE Joint Genome Institute  (JGI),NA,United States,WV,39.6589,-79.9058,9,Cropping,120274606,18.161466,1,NA,NA,NA,NA,NA,NA,NA,NA,NA,NA,NA,NA,NA,NA,NA,NA,NA,NA,NA,NA,NA,NA,NA,NA,NA,NA
MANAGE_02695,Joint Genome Institute (JGI),DOE Joint Genome Institute  (JGI),NA,United States,WV,39.6589,-79.9058,9,Cropping,131232814,19.816155,0,NA,NA,NA,NA,NA,NA,NA,NA,NA,NA,NA,NA,NA,NA,NA,NA,NA,NA,NA,NA,NA,NA,NA,NA,NA,NA
MANAGE_02696,Joint Genome Institute (JGI),DOE Joint Genome Institute  (JGI),NA,United States,WV,39.6589,-79.9058,9,Cropping,167020928,25.22016,0,NA,NA,NA,NA,NA,NA,NA,NA,NA,NA,NA,NA,NA,NA,NA,NA,NA,NA,NA,NA,NA,NA,NA,NA,NA,NA
MANAGE_02697,Joint Genome Institute (JGI),DOE Joint Genome Institute  (JGI),NA,United States,OR,46.1125,-122.987,11,Cropping,102583850,15.490161,0,NA,NA,NA,NA,NA,NA,NA,NA,NA,NA,NA,NA,NA,NA,NA,NA,NA,NA,NA,NA,NA,NA,NA,NA,NA,NA
MANAGE_02698,Joint Genome Institute (JGI),University of Tennessee,NA,United States,TN,35.9606,-83.9208,6,Cropping,NA,NA,0,NA,NA,NA,NA,NA,NA,NA,NA,NA,NA,NA,NA,NA,NA,NA,NA,NA,NA,NA,NA,NA,NA,NA,NA,NA,NA
MANAGE_02699,Joint Genome Institute (JGI),NA,NA,United States,TN,35.98,-83.92,6,Cropping,NA,NA,0,NA,NA,NA,NA,NA,NA,NA,NA,NA,NA,NA,NA,NA,NA,NA,NA,NA,NA,NA,NA,NA,NA,NA,NA,NA,NA
MANAGE_02700,Joint Genome Institute (JGI),University of Tennessee,NA,United States,TN,35.90441,-83.953801,6,Cropping,NA,NA,0,NA,NA,NA,NA,NA,NA,NA,NA,NA,NA,NA,NA,NA,NA,NA,NA,NA,NA,NA,NA,NA,NA,NA,NA,NA,NA
MANAGE_02701,Joint Genome Institute (JGI),Vanderbilt University,NA,United States,TN,36.178266,-86.82554,1,Cropping,NA,NA,0,NA,NA,NA,NA,NA,NA,NA,NA,NA,NA,NA,NA,NA,NA,NA,NA,NA,NA,NA,NA,NA,NA,NA,NA,NA,NA
MANAGE_02702,Joint Genome Institute (JGI),DOE Joint Genome Institute  (JGI),NA,United States,TX,30.387,-97.7301,1,Cropping,13804836,2.08453,0,NA,NA,NA,NA,NA,NA,NA,NA,NA,NA,NA,NA,NA,NA,NA,NA,NA,NA,NA,NA,NA,NA,NA,NA,NA,NA
MANAGE_02703,Joint Genome Institute (JGI),DOE Joint Genome Institute  (JGI),NA,United States,TX,30.387044,-97.730126,1,Cropping,NA,NA,0,NA,NA,NA,NA,NA,NA,NA,NA,NA,NA,NA,NA,NA,NA,NA,NA,NA,NA,NA,NA,NA,NA,NA,NA,NA,NA
MANAGE_02704,Joint Genome Institute (JGI),DOE Joint Genome Institute  (JGI),NA,United States,WV,39.6475,-79.9369,9,Cropping,411674892,62.162909,1,NA,NA,NA,NA,NA,NA,NA,NA,NA,NA,NA,NA,NA,NA,NA,NA,NA,NA,NA,NA,NA,NA,NA,NA,NA,NA
MANAGE_02705,Joint Genome Institute (JGI),DOE Joint Genome Institute  (JGI),NA,United States,WA,46.25,-119.73,9,Cropping,483562014,73.017864,3,NA,NA,NA,NA,NA,NA,NA,NA,NA,NA,NA,NA,NA,NA,NA,NA,NA,NA,NA,NA,NA,NA,NA,NA,NA,NA
MANAGE_02706,Joint Genome Institute (JGI),DOE Joint Genome Institute  (JGI),NA,United States,WA,46.25,-119.73,9,Grazing,552292844,83.396219,41,NA,NA,NA,NA,NA,NA,NA,NA,NA,NA,NA,NA,NA,NA,NA,NA,NA,NA,NA,NA,NA,NA,NA,NA,NA,NA
MANAGE_02707,Joint Genome Institute (JGI),DOE Joint Genome Institute  (JGI),NA,United States,WA,46.781301,-117.08253,9,Cropping,970634204,146.565765,40,NA,NA,NA,NA,NA,NA,NA,NA,NA,NA,NA,NA,NA,NA,NA,NA,NA,NA,NA,NA,NA,NA,NA,NA,NA,NA
MANAGE_02708,Joint Genome Institute (JGI),DOE Joint Genome Institute  (JGI),NA,United States,WA,46.779637,-117.08617,9,Cropping,287366498,43.392341,0,NA,NA,NA,NA,NA,NA,NA,NA,NA,NA,NA,NA,NA,NA,NA,NA,NA,NA,NA,NA,NA,NA,NA,NA,NA,NA
MANAGE_02709,Joint Genome Institute (JGI),DOE Joint Genome Institute  (JGI),NA,United States,WA,46.7811534,-117.08046,9,Cropping,359620216,54.302653,7,NA,NA,NA,NA,NA,NA,NA,NA,NA,NA,NA,NA,NA,NA,NA,NA,NA,NA,NA,NA,NA,NA,NA,NA,NA,NA
MANAGE_02710,Joint Genome Institute (JGI),DOE Joint Genome Institute  (JGI),NA,United States,WA,46.781416,-117.08482,9,Cropping,336094992,50.750344,3,NA,NA,NA,NA,NA,NA,NA,NA,NA,NA,NA,NA,NA,NA,NA,NA,NA,NA,NA,NA,NA,NA,NA,NA,NA,NA
MANAGE_02711,Joint Genome Institute (JGI),DOE Joint Genome Institute  (JGI),NA,United States,WA,46.781194,-117.08473,9,Cropping,371859234,56.150744,0,NA,NA,NA,NA,NA,NA,NA,NA,NA,NA,NA,NA,NA,NA,NA,NA,NA,NA,NA,NA,NA,NA,NA,NA,NA,NA
MANAGE_02712,Joint Genome Institute (JGI),DOE Joint Genome Institute  (JGI),NA,United States,WA,46.781416,-117.08482,9,Cropping,336369874,50.791851,2,NA,NA,NA,NA,NA,NA,NA,NA,NA,NA,NA,NA,NA,NA,NA,NA,NA,NA,NA,NA,NA,NA,NA,NA,NA,NA
MANAGE_02713,Joint Genome Institute (JGI),DOE Joint Genome Institute  (JGI),NA,United States,WA,46.781308,-117.0847,9,Cropping,307206066,46.388116,0,NA,NA,NA,NA,NA,NA,NA,NA,NA,NA,NA,NA,NA,NA,NA,NA,NA,NA,NA,NA,NA,NA,NA,NA,NA,NA
MANAGE_02714,Joint Genome Institute (JGI),DOE Joint Genome Institute  (JGI),NA,United States,WA,46.781308,-117.0847,9,Cropping,320048576,48.327335,1,NA,NA,NA,NA,NA,NA,NA,NA,NA,NA,NA,NA,NA,NA,NA,NA,NA,NA,NA,NA,NA,NA,NA,NA,NA,NA
MANAGE_02715,Joint Genome Institute (JGI),DOE Joint Genome Institute  (JGI),NA,United States,WA,46.781524,-117.08469,9,Cropping,373266002,56.363166,2,NA,NA,NA,NA,NA,NA,NA,NA,NA,NA,NA,NA,NA,NA,NA,NA,NA,NA,NA,NA,NA,NA,NA,NA,NA,NA
MANAGE_02716,Joint Genome Institute (JGI),DOE Joint Genome Institute  (JGI),NA,United States,WA,46.781206,-117.08462,9,Cropping,282887718,42.716045,1,NA,NA,NA,NA,NA,NA,NA,NA,NA,NA,NA,NA,NA,NA,NA,NA,NA,NA,NA,NA,NA,NA,NA,NA,NA,NA
MANAGE_02717,Joint Genome Institute (JGI),DOE Joint Genome Institute  (JGI),NA,United States,WA,46.781301,-117.08253,9,Cropping,242706836,36.648732,2,NA,NA,NA,NA,NA,NA,NA,NA,NA,NA,NA,NA,NA,NA,NA,NA,NA,NA,NA,NA,NA,NA,NA,NA,NA,NA
MANAGE_02718,Joint Genome Institute (JGI),DOE Joint Genome Institute  (JGI),NA,United States,WA,46.781206,-117.08462,9,Cropping,248531184,37.528209,0,NA,NA,NA,NA,NA,NA,NA,NA,NA,NA,NA,NA,NA,NA,NA,NA,NA,NA,NA,NA,NA,NA,NA,NA,NA,NA
MANAGE_02719,Joint Genome Institute (JGI),DOE Joint Genome Institute  (JGI),NA,United States,WA,46.781524,-117.08469,9,Cropping,539488888,81.462822,5,NA,NA,NA,NA,NA,NA,NA,NA,NA,NA,NA,NA,NA,NA,NA,NA,NA,NA,NA,NA,NA,NA,NA,NA,NA,NA
MANAGE_02720,Joint Genome Institute (JGI),DOE Joint Genome Institute  (JGI),NA,United States,WA,46.781301,-117.08253,9,Cropping,208679682,31.510632,0,NA,NA,NA,NA,NA,NA,NA,NA,NA,NA,NA,NA,NA,NA,NA,NA,NA,NA,NA,NA,NA,NA,NA,NA,NA,NA
MANAGE_02721,Joint Genome Institute (JGI),DOE Joint Genome Institute  (JGI),NA,United States,WA,46.779637,-117.08617,9,Cropping,234562650,35.41896,0,NA,NA,NA,NA,NA,NA,NA,NA,NA,NA,NA,NA,NA,NA,NA,NA,NA,NA,NA,NA,NA,NA,NA,NA,NA,NA
MANAGE_02722,Joint Genome Institute (JGI),DOE Joint Genome Institute  (JGI),NA,United States,WA,46.779637,-117.08617,9,Cropping,334424112,50.498041,4,NA,NA,NA,NA,NA,NA,NA,NA,NA,NA,NA,NA,NA,NA,NA,NA,NA,NA,NA,NA,NA,NA,NA,NA,NA,NA
MANAGE_02723,Joint Genome Institute (JGI),DOE Joint Genome Institute  (JGI),NA,United States,WA,46.781301,-117.08253,9,Cropping,314931580,47.554669,1,NA,NA,NA,NA,NA,NA,NA,NA,NA,NA,NA,NA,NA,NA,NA,NA,NA,NA,NA,NA,NA,NA,NA,NA,NA,NA
MANAGE_02724,Joint Genome Institute (JGI),DOE Joint Genome Institute  (JGI),NA,United States,WA,46.781416,-117.08482,9,Cropping,345819330,52.218719,0,NA,NA,NA,NA,NA,NA,NA,NA,NA,NA,NA,NA,NA,NA,NA,NA,NA,NA,NA,NA,NA,NA,NA,NA,NA,NA
MANAGE_02725,Joint Genome Institute (JGI),DOE Joint Genome Institute  (JGI),NA,United States,WA,46.781049,-117.08624,9,Cropping,278968682,42.124271,4,NA,NA,NA,NA,NA,NA,NA,NA,NA,NA,NA,NA,NA,NA,NA,NA,NA,NA,NA,NA,NA,NA,NA,NA,NA,NA
MANAGE_02726,Joint Genome Institute (JGI),DOE Joint Genome Institute  (JGI),NA,United States,WA,46.779637,-117.08617,9,Cropping,239269612,36.129711,0,NA,NA,NA,NA,NA,NA,NA,NA,NA,NA,NA,NA,NA,NA,NA,NA,NA,NA,NA,NA,NA,NA,NA,NA,NA,NA
MANAGE_02727,Joint Genome Institute (JGI),DOE Joint Genome Institute  (JGI),NA,United States,WA,46.25,-119.73,9,Cropping,559889932,84.54338,0,NA,NA,NA,NA,NA,NA,NA,NA,NA,NA,NA,NA,NA,NA,NA,NA,NA,NA,NA,NA,NA,NA,NA,NA,NA,NA
MANAGE_02728,Joint Genome Institute (JGI),DOE Joint Genome Institute  (JGI),NA,United States,WA,46.781301,-117.08253,9,Cropping,206669582,31.207107,1,NA,NA,NA,NA,NA,NA,NA,NA,NA,NA,NA,NA,NA,NA,NA,NA,NA,NA,NA,NA,NA,NA,NA,NA,NA,NA
MANAGE_02729,Joint Genome Institute (JGI),DOE Joint Genome Institute  (JGI),NA,United States,WA,46.781301,-117.08253,9,Cropping,231739984,34.992738,1,NA,NA,NA,NA,NA,NA,NA,NA,NA,NA,NA,NA,NA,NA,NA,NA,NA,NA,NA,NA,NA,NA,NA,NA,NA,NA
MANAGE_02730,Joint Genome Institute (JGI),DOE Joint Genome Institute  (JGI),NA,United States,WA,46.781883,-117.0835,9,Cropping,284656160,42.98308,6,NA,NA,NA,NA,NA,NA,NA,NA,NA,NA,NA,NA,NA,NA,NA,NA,NA,NA,NA,NA,NA,NA,NA,NA,NA,NA
MANAGE_02731,Joint Genome Institute (JGI),DOE Joint Genome Institute  (JGI),NA,United States,WA,46.781049,-117.08624,9,Cropping,323425438,48.837241,5,NA,NA,NA,NA,NA,NA,NA,NA,NA,NA,NA,NA,NA,NA,NA,NA,NA,NA,NA,NA,NA,NA,NA,NA,NA,NA
MANAGE_02732,Joint Genome Institute (JGI),DOE Joint Genome Institute  (JGI),NA,United States,WA,46.25,-119.73,9,Grazing,343920204,51.931951,11,NA,NA,NA,NA,NA,NA,NA,NA,NA,NA,NA,NA,NA,NA,NA,NA,NA,NA,NA,NA,NA,NA,NA,NA,NA,NA
MANAGE_02733,Joint Genome Institute (JGI),DOE Joint Genome Institute  (JGI),NA,United States,WA,46.781049,-117.08624,9,Cropping,301053144,45.459025,15,NA,NA,NA,NA,NA,NA,NA,NA,NA,NA,NA,NA,NA,NA,NA,NA,NA,NA,NA,NA,NA,NA,NA,NA,NA,NA
MANAGE_02734,Joint Genome Institute (JGI),DOE Joint Genome Institute  (JGI),NA,United States,WA,46.781308,-117.0847,9,Cropping,277972630,41.973867,0,NA,NA,NA,NA,NA,NA,NA,NA,NA,NA,NA,NA,NA,NA,NA,NA,NA,NA,NA,NA,NA,NA,NA,NA,NA,NA
MANAGE_02735,Joint Genome Institute (JGI),DOE Joint Genome Institute  (JGI),NA,United States,WA,46.781194,-117.08473,9,Cropping,371797176,56.141374,1,NA,NA,NA,NA,NA,NA,NA,NA,NA,NA,NA,NA,NA,NA,NA,NA,NA,NA,NA,NA,NA,NA,NA,NA,NA,NA
MANAGE_02736,Joint Genome Institute (JGI),DOE Joint Genome Institute  (JGI),NA,United States,WA,46.781883,-117.0835,9,Cropping,314599560,47.504534,0,NA,NA,NA,NA,NA,NA,NA,NA,NA,NA,NA,NA,NA,NA,NA,NA,NA,NA,NA,NA,NA,NA,NA,NA,NA,NA
MANAGE_02737,Joint Genome Institute (JGI),DOE Joint Genome Institute  (JGI),NA,United States,WA,46.781049,-117.08624,9,Cropping,170246704,25.707252,1,NA,NA,NA,NA,NA,NA,NA,NA,NA,NA,NA,NA,NA,NA,NA,NA,NA,NA,NA,NA,NA,NA,NA,NA,NA,NA
MANAGE_02738,Joint Genome Institute (JGI),DOE Joint Genome Institute  (JGI),NA,United States,WA,46.778744,-117.08274,9,Cropping,352479060,53.224338,6,NA,NA,NA,NA,NA,NA,NA,NA,NA,NA,NA,NA,NA,NA,NA,NA,NA,NA,NA,NA,NA,NA,NA,NA,NA,NA
MANAGE_02739,Joint Genome Institute (JGI),DOE Joint Genome Institute  (JGI),NA,United States,WA,46.781301,-117.08253,9,Cropping,295323124,44.593792,0,NA,NA,NA,NA,NA,NA,NA,NA,NA,NA,NA,NA,NA,NA,NA,NA,NA,NA,NA,NA,NA,NA,NA,NA,NA,NA
MANAGE_02740,Joint Genome Institute (JGI),DOE Joint Genome Institute  (JGI),NA,United States,WA,46.781301,-117.08253,9,Cropping,322666354,48.722619,3,NA,NA,NA,NA,NA,NA,NA,NA,NA,NA,NA,NA,NA,NA,NA,NA,NA,NA,NA,NA,NA,NA,NA,NA,NA,NA
MANAGE_02741,Joint Genome Institute (JGI),DOE Joint Genome Institute  (JGI),NA,United States,WA,46.781301,-117.08253,9,Cropping,281300086,42.476313,1,NA,NA,NA,NA,NA,NA,NA,NA,NA,NA,NA,NA,NA,NA,NA,NA,NA,NA,NA,NA,NA,NA,NA,NA,NA,NA
MANAGE_02742,Joint Genome Institute (JGI),DOE Joint Genome Institute  (JGI),NA,United States,WA,46.781308,-117.0847,9,Cropping,289314040,43.68642,4,NA,NA,NA,NA,NA,NA,NA,NA,NA,NA,NA,NA,NA,NA,NA,NA,NA,NA,NA,NA,NA,NA,NA,NA,NA,NA
MANAGE_02743,Joint Genome Institute (JGI),DOE Joint Genome Institute  (JGI),NA,United States,WA,46.781194,-117.08473,9,Cropping,239016724,36.091525,0,NA,NA,NA,NA,NA,NA,NA,NA,NA,NA,NA,NA,NA,NA,NA,NA,NA,NA,NA,NA,NA,NA,NA,NA,NA,NA
MANAGE_02744,Joint Genome Institute (JGI),DOE Joint Genome Institute  (JGI),NA,United States,WA,46.781194,-117.08473,9,Cropping,394018420,59.496781,4,NA,NA,NA,NA,NA,NA,NA,NA,NA,NA,NA,NA,NA,NA,NA,NA,NA,NA,NA,NA,NA,NA,NA,NA,NA,NA
MANAGE_02745,Joint Genome Institute (JGI),DOE Joint Genome Institute  (JGI),NA,United States,WA,46.25,-119.73,9,Cropping,NA,NA,11,NA,NA,NA,NA,NA,NA,NA,NA,NA,NA,NA,NA,NA,NA,NA,NA,NA,NA,NA,NA,NA,NA,NA,NA,NA,NA
MANAGE_02746,Joint Genome Institute (JGI),DOE Joint Genome Institute  (JGI),NA,United States,WA,46.25,-119.73,9,Grazing,436059888,65.845043,16,NA,NA,NA,NA,NA,NA,NA,NA,NA,NA,NA,NA,NA,NA,NA,NA,NA,NA,NA,NA,NA,NA,NA,NA,NA,NA
MANAGE_02747,Joint Genome Institute (JGI),DOE Joint Genome Institute  (JGI),NA,United States,WA,46.779637,-117.08617,9,Cropping,368569724,55.654028,3,NA,NA,NA,NA,NA,NA,NA,NA,NA,NA,NA,NA,NA,NA,NA,NA,NA,NA,NA,NA,NA,NA,NA,NA,NA,NA
MANAGE_02748,Joint Genome Institute (JGI),DOE Joint Genome Institute  (JGI),NA,United States,WA,46.781308,-117.0847,9,Cropping,316830358,47.841384,1,NA,NA,NA,NA,NA,NA,NA,NA,NA,NA,NA,NA,NA,NA,NA,NA,NA,NA,NA,NA,NA,NA,NA,NA,NA,NA
MANAGE_02749,Joint Genome Institute (JGI),DOE Joint Genome Institute  (JGI),NA,United States,WA,46.25,-119.73,9,Grazing,434654336,65.632805,12,NA,NA,NA,NA,NA,NA,NA,NA,NA,NA,NA,NA,NA,NA,NA,NA,NA,NA,NA,NA,NA,NA,NA,NA,NA,NA
MANAGE_02750,Joint Genome Institute (JGI),DOE Joint Genome Institute  (JGI),NA,United States,WA,46.781206,-117.08462,9,Cropping,322274120,48.663392,4,NA,NA,NA,NA,NA,NA,NA,NA,NA,NA,NA,NA,NA,NA,NA,NA,NA,NA,NA,NA,NA,NA,NA,NA,NA,NA
MANAGE_02751,Joint Genome Institute (JGI),DOE Joint Genome Institute  (JGI),NA,United States,WA,46.781206,-117.08462,9,Cropping,273816828,41.346341,0,NA,NA,NA,NA,NA,NA,NA,NA,NA,NA,NA,NA,NA,NA,NA,NA,NA,NA,NA,NA,NA,NA,NA,NA,NA,NA
MANAGE_02752,Joint Genome Institute (JGI),DOE Joint Genome Institute  (JGI),NA,United States,WA,46.781301,-117.08253,9,Cropping,318207906,48.049394,2,NA,NA,NA,NA,NA,NA,NA,NA,NA,NA,NA,NA,NA,NA,NA,NA,NA,NA,NA,NA,NA,NA,NA,NA,NA,NA
MANAGE_02753,Joint Genome Institute (JGI),DOE Joint Genome Institute  (JGI),NA,United States,WA,46.781194,-117.08473,9,Cropping,373607648,56.414755,2,NA,NA,NA,NA,NA,NA,NA,NA,NA,NA,NA,NA,NA,NA,NA,NA,NA,NA,NA,NA,NA,NA,NA,NA,NA,NA
MANAGE_02754,Joint Genome Institute (JGI),DOE Joint Genome Institute  (JGI),NA,United States,WA,46.781308,-117.0847,9,Cropping,259033428,39.114048,0,NA,NA,NA,NA,NA,NA,NA,NA,NA,NA,NA,NA,NA,NA,NA,NA,NA,NA,NA,NA,NA,NA,NA,NA,NA,NA
MANAGE_02755,Joint Genome Institute (JGI),DOE Joint Genome Institute  (JGI),NA,United States,WA,46.7811534,-117.08046,9,Cropping,303729854,45.863208,1,NA,NA,NA,NA,NA,NA,NA,NA,NA,NA,NA,NA,NA,NA,NA,NA,NA,NA,NA,NA,NA,NA,NA,NA,NA,NA
MANAGE_02756,Joint Genome Institute (JGI),DOE Joint Genome Institute  (JGI),NA,United States,WA,46.779637,-117.08617,9,Cropping,318265014,48.058017,2,NA,NA,NA,NA,NA,NA,NA,NA,NA,NA,NA,NA,NA,NA,NA,NA,NA,NA,NA,NA,NA,NA,NA,NA,NA,NA
MANAGE_02757,Joint Genome Institute (JGI),DOE Joint Genome Institute  (JGI),NA,United States,WA,46.25,-119.73,9,Cropping,NA,NA,3,NA,NA,NA,NA,NA,NA,NA,NA,NA,NA,NA,NA,NA,NA,NA,NA,NA,NA,NA,NA,NA,NA,NA,NA,NA,NA
MANAGE_02758,Joint Genome Institute (JGI),DOE Joint Genome Institute  (JGI),NA,United States,WA,46.7811534,-117.08046,9,Cropping,347579946,52.484572,2,NA,NA,NA,NA,NA,NA,NA,NA,NA,NA,NA,NA,NA,NA,NA,NA,NA,NA,NA,NA,NA,NA,NA,NA,NA,NA
MANAGE_02759,Joint Genome Institute (JGI),DOE Joint Genome Institute  (JGI),NA,United States,WA,46.781883,-117.0835,9,Cropping,282358974,42.636205,0,NA,NA,NA,NA,NA,NA,NA,NA,NA,NA,NA,NA,NA,NA,NA,NA,NA,NA,NA,NA,NA,NA,NA,NA,NA,NA
MANAGE_02760,Joint Genome Institute (JGI),DOE Joint Genome Institute  (JGI),NA,United States,WA,46.779637,-117.08617,9,Cropping,323711620,48.880455,1,NA,NA,NA,NA,NA,NA,NA,NA,NA,NA,NA,NA,NA,NA,NA,NA,NA,NA,NA,NA,NA,NA,NA,NA,NA,NA
MANAGE_02761,Joint Genome Institute (JGI),DOE Joint Genome Institute  (JGI),NA,United States,WA,46.7811534,-117.08046,9,Cropping,223123570,33.691659,6,NA,NA,NA,NA,NA,NA,NA,NA,NA,NA,NA,NA,NA,NA,NA,NA,NA,NA,NA,NA,NA,NA,NA,NA,NA,NA
MANAGE_02762,Joint Genome Institute (JGI),DOE Joint Genome Institute  (JGI),NA,United States,WA,46.781416,-117.08482,9,Cropping,315564220,47.650197,5,NA,NA,NA,NA,NA,NA,NA,NA,NA,NA,NA,NA,NA,NA,NA,NA,NA,NA,NA,NA,NA,NA,NA,NA,NA,NA
MANAGE_02763,Joint Genome Institute (JGI),DOE Joint Genome Institute  (JGI),NA,United States,WA,46.781194,-117.08473,9,Cropping,389479658,58.811428,0,NA,NA,NA,NA,NA,NA,NA,NA,NA,NA,NA,NA,NA,NA,NA,NA,NA,NA,NA,NA,NA,NA,NA,NA,NA,NA
MANAGE_02764,Joint Genome Institute (JGI),DOE Joint Genome Institute  (JGI),NA,United States,WA,46.781301,-117.08253,9,Cropping,188480010,28.460482,4,NA,NA,NA,NA,NA,NA,NA,NA,NA,NA,NA,NA,NA,NA,NA,NA,NA,NA,NA,NA,NA,NA,NA,NA,NA,NA
MANAGE_02765,Joint Genome Institute (JGI),DOE Joint Genome Institute  (JGI),NA,United States,WA,46.7811534,-117.08046,9,Cropping,281192614,42.460085,0,NA,NA,NA,NA,NA,NA,NA,NA,NA,NA,NA,NA,NA,NA,NA,NA,NA,NA,NA,NA,NA,NA,NA,NA,NA,NA
MANAGE_02766,Joint Genome Institute (JGI),DOE Joint Genome Institute  (JGI),NA,United States,WA,46.781416,-117.08482,9,Cropping,388724122,58.697342,1,NA,NA,NA,NA,NA,NA,NA,NA,NA,NA,NA,NA,NA,NA,NA,NA,NA,NA,NA,NA,NA,NA,NA,NA,NA,NA
MANAGE_02767,Joint Genome Institute (JGI),DOE Joint Genome Institute  (JGI),NA,United States,WA,46.781883,-117.0835,9,Cropping,265312422,40.062176,6,NA,NA,NA,NA,NA,NA,NA,NA,NA,NA,NA,NA,NA,NA,NA,NA,NA,NA,NA,NA,NA,NA,NA,NA,NA,NA
MANAGE_02768,Joint Genome Institute (JGI),DOE Joint Genome Institute  (JGI),NA,United States,WA,46.781206,-117.08462,9,Cropping,298103836,45.013679,5,NA,NA,NA,NA,NA,NA,NA,NA,NA,NA,NA,NA,NA,NA,NA,NA,NA,NA,NA,NA,NA,NA,NA,NA,NA,NA
MANAGE_02769,Joint Genome Institute (JGI),DOE Joint Genome Institute  (JGI),NA,United States,WA,46.781883,-117.0835,9,Cropping,304543980,45.986141,1,NA,NA,NA,NA,NA,NA,NA,NA,NA,NA,NA,NA,NA,NA,NA,NA,NA,NA,NA,NA,NA,NA,NA,NA,NA,NA
MANAGE_02770,Joint Genome Institute (JGI),DOE Joint Genome Institute  (JGI),NA,United States,WA,46.779637,-117.08617,9,Cropping,237369668,35.84282,4,NA,NA,NA,NA,NA,NA,NA,NA,NA,NA,NA,NA,NA,NA,NA,NA,NA,NA,NA,NA,NA,NA,NA,NA,NA,NA
MANAGE_02771,Joint Genome Institute (JGI),DOE Joint Genome Institute  (JGI),NA,United States,WA,46.781301,-117.08253,9,Cropping,207669068,31.358029,2,NA,NA,NA,NA,NA,NA,NA,NA,NA,NA,NA,NA,NA,NA,NA,NA,NA,NA,NA,NA,NA,NA,NA,NA,NA,NA
MANAGE_02772,Joint Genome Institute (JGI),DOE Joint Genome Institute  (JGI),NA,United States,WA,46.781883,-117.0835,9,Cropping,319633152,48.264606,2,NA,NA,NA,NA,NA,NA,NA,NA,NA,NA,NA,NA,NA,NA,NA,NA,NA,NA,NA,NA,NA,NA,NA,NA,NA,NA
MANAGE_02773,Joint Genome Institute (JGI),DOE Joint Genome Institute  (JGI),NA,United States,WA,46.7811534,-117.08046,9,Cropping,355838734,53.731649,1,NA,NA,NA,NA,NA,NA,NA,NA,NA,NA,NA,NA,NA,NA,NA,NA,NA,NA,NA,NA,NA,NA,NA,NA,NA,NA
MANAGE_02774,Joint Genome Institute (JGI),DOE Joint Genome Institute  (JGI),NA,United States,WA,46.781524,-117.08469,9,Cropping,493854530,74.572034,3,NA,NA,NA,NA,NA,NA,NA,NA,NA,NA,NA,NA,NA,NA,NA,NA,NA,NA,NA,NA,NA,NA,NA,NA,NA,NA
MANAGE_02775,Joint Genome Institute (JGI),DOE Joint Genome Institute  (JGI),NA,United States,WA,46.781524,-117.08469,9,Cropping,444615018,67.136868,2,NA,NA,NA,NA,NA,NA,NA,NA,NA,NA,NA,NA,NA,NA,NA,NA,NA,NA,NA,NA,NA,NA,NA,NA,NA,NA
MANAGE_02776,Joint Genome Institute (JGI),DOE Joint Genome Institute  (JGI),NA,United States,WA,46.779637,-117.08617,9,Cropping,307814038,46.47992,3,NA,NA,NA,NA,NA,NA,NA,NA,NA,NA,NA,NA,NA,NA,NA,NA,NA,NA,NA,NA,NA,NA,NA,NA,NA,NA
MANAGE_02777,Joint Genome Institute (JGI),DOE Joint Genome Institute  (JGI),NA,United States,WA,46.781416,-117.08482,9,Cropping,333498408,50.35826,2,NA,NA,NA,NA,NA,NA,NA,NA,NA,NA,NA,NA,NA,NA,NA,NA,NA,NA,NA,NA,NA,NA,NA,NA,NA,NA
MANAGE_02778,Joint Genome Institute (JGI),DOE Joint Genome Institute  (JGI),NA,United States,WA,46.781194,-117.08473,9,Cropping,316668808,47.81699,1,NA,NA,NA,NA,NA,NA,NA,NA,NA,NA,NA,NA,NA,NA,NA,NA,NA,NA,NA,NA,NA,NA,NA,NA,NA,NA
MANAGE_02779,Joint Genome Institute (JGI),DOE Joint Genome Institute  (JGI),NA,United States,WA,46.781049,-117.08624,9,Cropping,282459404,42.65137,2,NA,NA,NA,NA,NA,NA,NA,NA,NA,NA,NA,NA,NA,NA,NA,NA,NA,NA,NA,NA,NA,NA,NA,NA,NA,NA
MANAGE_02780,Joint Genome Institute (JGI),DOE Joint Genome Institute  (JGI),NA,United States,WA,46.781206,-117.08462,9,Cropping,326594082,49.315706,0,NA,NA,NA,NA,NA,NA,NA,NA,NA,NA,NA,NA,NA,NA,NA,NA,NA,NA,NA,NA,NA,NA,NA,NA,NA,NA
MANAGE_02781,Joint Genome Institute (JGI),DOE Joint Genome Institute  (JGI),NA,United States,WA,46.781049,-117.08624,9,Cropping,246765398,37.261575,0,NA,NA,NA,NA,NA,NA,NA,NA,NA,NA,NA,NA,NA,NA,NA,NA,NA,NA,NA,NA,NA,NA,NA,NA,NA,NA
MANAGE_02782,Joint Genome Institute (JGI),DOE Joint Genome Institute  (JGI),NA,United States,WA,46.781206,-117.08462,9,Cropping,295936302,44.686382,1,NA,NA,NA,NA,NA,NA,NA,NA,NA,NA,NA,NA,NA,NA,NA,NA,NA,NA,NA,NA,NA,NA,NA,NA,NA,NA
MANAGE_02783,Joint Genome Institute (JGI),DOE Joint Genome Institute  (JGI),NA,United States,WA,46.781524,-117.08469,9,Cropping,375243134,56.661713,0,NA,NA,NA,NA,NA,NA,NA,NA,NA,NA,NA,NA,NA,NA,NA,NA,NA,NA,NA,NA,NA,NA,NA,NA,NA,NA
MANAGE_02784,Joint Genome Institute (JGI),DOE Joint Genome Institute  (JGI),NA,United States,WA,46.781049,-117.08624,9,Cropping,304536574,45.985023,1,NA,NA,NA,NA,NA,NA,NA,NA,NA,NA,NA,NA,NA,NA,NA,NA,NA,NA,NA,NA,NA,NA,NA,NA,NA,NA
MANAGE_02785,Joint Genome Institute (JGI),DOE Joint Genome Institute  (JGI),NA,United States,WA,46.25,-119.73,9,Grazing,420937996,63.561637,11,NA,NA,NA,NA,NA,NA,NA,NA,NA,NA,NA,NA,NA,NA,NA,NA,NA,NA,NA,NA,NA,NA,NA,NA,NA,NA
MANAGE_02786,Joint Genome Institute (JGI),DOE Joint Genome Institute  (JGI),NA,United States,WA,46.781492,-117.08503,9,Cropping,385850072,58.263361,5,NA,NA,NA,NA,NA,NA,NA,NA,NA,NA,NA,NA,NA,NA,NA,NA,NA,NA,NA,NA,NA,NA,NA,NA,NA,NA
MANAGE_02787,Joint Genome Institute (JGI),DOE Joint Genome Institute  (JGI),NA,United States,WA,46.781883,-117.0835,9,Cropping,296273534,44.737304,1,NA,NA,NA,NA,NA,NA,NA,NA,NA,NA,NA,NA,NA,NA,NA,NA,NA,NA,NA,NA,NA,NA,NA,NA,NA,NA
MANAGE_02788,Joint Genome Institute (JGI),DOE Joint Genome Institute  (JGI),NA,United States,WA,46.781194,-117.08473,9,Cropping,360444408,54.427106,2,NA,NA,NA,NA,NA,NA,NA,NA,NA,NA,NA,NA,NA,NA,NA,NA,NA,NA,NA,NA,NA,NA,NA,NA,NA,NA
MANAGE_02789,Joint Genome Institute (JGI),DOE Joint Genome Institute  (JGI),NA,United States,WA,46.781416,-117.08482,9,Cropping,360610486,54.452183,2,NA,NA,NA,NA,NA,NA,NA,NA,NA,NA,NA,NA,NA,NA,NA,NA,NA,NA,NA,NA,NA,NA,NA,NA,NA,NA
MANAGE_02790,Joint Genome Institute (JGI),DOE Joint Genome Institute  (JGI),NA,United States,WA,46.7811534,-117.08046,9,Cropping,360320914,54.408458,4,NA,NA,NA,NA,NA,NA,NA,NA,NA,NA,NA,NA,NA,NA,NA,NA,NA,NA,NA,NA,NA,NA,NA,NA,NA,NA
MANAGE_02791,Joint Genome Institute (JGI),DOE Joint Genome Institute  (JGI),NA,United States,WA,46.781308,-117.0847,9,Cropping,254484112,38.427101,0,NA,NA,NA,NA,NA,NA,NA,NA,NA,NA,NA,NA,NA,NA,NA,NA,NA,NA,NA,NA,NA,NA,NA,NA,NA,NA
MANAGE_02792,Joint Genome Institute (JGI),DOE Joint Genome Institute  (JGI),NA,United States,WA,46.25,-119.73,9,Cropping,NA,NA,1,NA,NA,NA,NA,NA,NA,NA,NA,NA,NA,NA,NA,NA,NA,NA,NA,NA,NA,NA,NA,NA,NA,NA,NA,NA,NA
MANAGE_02793,Joint Genome Institute (JGI),DOE Joint Genome Institute  (JGI),NA,United States,WA,46.25,-119.73,9,Cropping,488446704,73.755452,2,NA,NA,NA,NA,NA,NA,NA,NA,NA,NA,NA,NA,NA,NA,NA,NA,NA,NA,NA,NA,NA,NA,NA,NA,NA,NA
MANAGE_02794,Joint Genome Institute (JGI),DOE Joint Genome Institute  (JGI),NA,United States,WA,46.25,-119.73,9,Cropping,NA,NA,3,NA,NA,NA,NA,NA,NA,NA,NA,NA,NA,NA,NA,NA,NA,NA,NA,NA,NA,NA,NA,NA,NA,NA,NA,NA,NA
MANAGE_02795,Joint Genome Institute (JGI),DOE Joint Genome Institute  (JGI),NA,United States,WA,46.7811534,-117.08046,9,Cropping,321059540,48.479991,4,NA,NA,NA,NA,NA,NA,NA,NA,NA,NA,NA,NA,NA,NA,NA,NA,NA,NA,NA,NA,NA,NA,NA,NA,NA,NA
MANAGE_02796,Joint Genome Institute (JGI),DOE Joint Genome Institute  (JGI),NA,United States,WA,46.781416,-117.08482,9,Cropping,346148164,52.268373,4,NA,NA,NA,NA,NA,NA,NA,NA,NA,NA,NA,NA,NA,NA,NA,NA,NA,NA,NA,NA,NA,NA,NA,NA,NA,NA
MANAGE_02797,Joint Genome Institute (JGI),DOE Joint Genome Institute  (JGI),NA,United States,WA,46.781416,-117.08482,9,Cropping,277328542,41.87661,6,NA,NA,NA,NA,NA,NA,NA,NA,NA,NA,NA,NA,NA,NA,NA,NA,NA,NA,NA,NA,NA,NA,NA,NA,NA,NA
MANAGE_02798,Joint Genome Institute (JGI),DOE Joint Genome Institute  (JGI),NA,United States,WA,46.781416,-117.08482,9,Cropping,245588450,37.083856,2,NA,NA,NA,NA,NA,NA,NA,NA,NA,NA,NA,NA,NA,NA,NA,NA,NA,NA,NA,NA,NA,NA,NA,NA,NA,NA
MANAGE_02799,Joint Genome Institute (JGI),DOE Joint Genome Institute  (JGI),NA,United States,WA,46.781416,-117.08482,9,Cropping,459018192,69.311747,7,NA,NA,NA,NA,NA,NA,NA,NA,NA,NA,NA,NA,NA,NA,NA,NA,NA,NA,NA,NA,NA,NA,NA,NA,NA,NA
MANAGE_02800,Joint Genome Institute (JGI),DOE Joint Genome Institute  (JGI),NA,United States,WA,46.781301,-117.08253,9,Cropping,297275234,44.88856,7,NA,NA,NA,NA,NA,NA,NA,NA,NA,NA,NA,NA,NA,NA,NA,NA,NA,NA,NA,NA,NA,NA,NA,NA,NA,NA
MANAGE_02801,Joint Genome Institute (JGI),DOE Joint Genome Institute  (JGI),NA,United States,WA,46.781308,-117.0847,9,Cropping,316156750,47.739669,1,NA,NA,NA,NA,NA,NA,NA,NA,NA,NA,NA,NA,NA,NA,NA,NA,NA,NA,NA,NA,NA,NA,NA,NA,NA,NA
MANAGE_02802,Joint Genome Institute (JGI),DOE Joint Genome Institute  (JGI),NA,United States,WA,46.781883,-117.0835,9,Cropping,345428170,52.159654,0,NA,NA,NA,NA,NA,NA,NA,NA,NA,NA,NA,NA,NA,NA,NA,NA,NA,NA,NA,NA,NA,NA,NA,NA,NA,NA
MANAGE_02803,Joint Genome Institute (JGI),DOE Joint Genome Institute  (JGI),NA,United States,WA,46.781308,-117.0847,9,Cropping,276896842,41.811423,0,NA,NA,NA,NA,NA,NA,NA,NA,NA,NA,NA,NA,NA,NA,NA,NA,NA,NA,NA,NA,NA,NA,NA,NA,NA,NA
MANAGE_02804,Joint Genome Institute (JGI),DOE Joint Genome Institute  (JGI),NA,United States,WA,46.781524,-117.08469,9,Cropping,321179630,48.498124,2,NA,NA,NA,NA,NA,NA,NA,NA,NA,NA,NA,NA,NA,NA,NA,NA,NA,NA,NA,NA,NA,NA,NA,NA,NA,NA
MANAGE_02805,Joint Genome Institute (JGI),DOE Joint Genome Institute  (JGI),NA,United States,WA,46.781194,-117.08473,9,Cropping,324768132,49.039988,0,NA,NA,NA,NA,NA,NA,NA,NA,NA,NA,NA,NA,NA,NA,NA,NA,NA,NA,NA,NA,NA,NA,NA,NA,NA,NA
MANAGE_02806,Joint Genome Institute (JGI),DOE Joint Genome Institute  (JGI),NA,United States,WA,46.781523,-117.08453,9,Cropping,304879840,46.036856,3,NA,NA,NA,NA,NA,NA,NA,NA,NA,NA,NA,NA,NA,NA,NA,NA,NA,NA,NA,NA,NA,NA,NA,NA,NA,NA
MANAGE_02807,Joint Genome Institute (JGI),DOE Joint Genome Institute  (JGI),NA,United States,WA,46.781308,-117.0847,9,Cropping,230353682,34.783406,1,NA,NA,NA,NA,NA,NA,NA,NA,NA,NA,NA,NA,NA,NA,NA,NA,NA,NA,NA,NA,NA,NA,NA,NA,NA,NA
MANAGE_02808,Joint Genome Institute (JGI),DOE Joint Genome Institute  (JGI),NA,United States,WA,46.779637,-117.08617,9,Cropping,331296524,50.025775,1,NA,NA,NA,NA,NA,NA,NA,NA,NA,NA,NA,NA,NA,NA,NA,NA,NA,NA,NA,NA,NA,NA,NA,NA,NA,NA
MANAGE_02809,Joint Genome Institute (JGI),DOE Joint Genome Institute  (JGI),NA,United States,WA,46.781206,-117.08462,9,Cropping,214924946,32.453667,4,NA,NA,NA,NA,NA,NA,NA,NA,NA,NA,NA,NA,NA,NA,NA,NA,NA,NA,NA,NA,NA,NA,NA,NA,NA,NA
MANAGE_02810,Joint Genome Institute (JGI),DOE Joint Genome Institute  (JGI),NA,United States,WA,46.781883,-117.0835,9,Cropping,302604262,45.693244,7,NA,NA,NA,NA,NA,NA,NA,NA,NA,NA,NA,NA,NA,NA,NA,NA,NA,NA,NA,NA,NA,NA,NA,NA,NA,NA
MANAGE_02811,Joint Genome Institute (JGI),DOE Joint Genome Institute  (JGI),NA,United States,WA,46.781416,-117.08482,9,Cropping,410693388,62.014702,5,NA,NA,NA,NA,NA,NA,NA,NA,NA,NA,NA,NA,NA,NA,NA,NA,NA,NA,NA,NA,NA,NA,NA,NA,NA,NA
MANAGE_02812,Joint Genome Institute (JGI),DOE Joint Genome Institute  (JGI),NA,United States,WA,46.25,-119.73,9,Grazing,454650582,68.652238,12,NA,NA,NA,NA,NA,NA,NA,NA,NA,NA,NA,NA,NA,NA,NA,NA,NA,NA,NA,NA,NA,NA,NA,NA,NA,NA
MANAGE_02813,Joint Genome Institute (JGI),DOE Joint Genome Institute  (JGI),NA,United States,WA,46.781049,-117.08624,9,Cropping,288888022,43.622091,0,NA,NA,NA,NA,NA,NA,NA,NA,NA,NA,NA,NA,NA,NA,NA,NA,NA,NA,NA,NA,NA,NA,NA,NA,NA,NA
MANAGE_02814,Joint Genome Institute (JGI),DOE Joint Genome Institute  (JGI),NA,United States,WA,46.781524,-117.08469,9,Cropping,428830502,64.753406,1,NA,NA,NA,NA,NA,NA,NA,NA,NA,NA,NA,NA,NA,NA,NA,NA,NA,NA,NA,NA,NA,NA,NA,NA,NA,NA
MANAGE_02815,Joint Genome Institute (JGI),DOE Joint Genome Institute  (JGI),NA,United States,WA,46.7811534,-117.08046,9,Cropping,331992860,50.130922,0,NA,NA,NA,NA,NA,NA,NA,NA,NA,NA,NA,NA,NA,NA,NA,NA,NA,NA,NA,NA,NA,NA,NA,NA,NA,NA
MANAGE_02816,Joint Genome Institute (JGI),DOE Joint Genome Institute  (JGI),NA,United States,WA,46.781194,-117.08473,9,Cropping,324293030,48.968248,0,NA,NA,NA,NA,NA,NA,NA,NA,NA,NA,NA,NA,NA,NA,NA,NA,NA,NA,NA,NA,NA,NA,NA,NA,NA,NA
MANAGE_02817,Joint Genome Institute (JGI),DOE Joint Genome Institute  (JGI),NA,United States,WA,46.781524,-117.08469,9,Cropping,338056560,51.046541,6,NA,NA,NA,NA,NA,NA,NA,NA,NA,NA,NA,NA,NA,NA,NA,NA,NA,NA,NA,NA,NA,NA,NA,NA,NA,NA
MANAGE_02818,Joint Genome Institute (JGI),DOE Joint Genome Institute  (JGI),NA,United States,WA,46.781308,-117.0847,9,Cropping,240719758,36.348683,0,NA,NA,NA,NA,NA,NA,NA,NA,NA,NA,NA,NA,NA,NA,NA,NA,NA,NA,NA,NA,NA,NA,NA,NA,NA,NA
MANAGE_02819,Joint Genome Institute (JGI),DOE Joint Genome Institute  (JGI),NA,United States,WA,46.7811534,-117.08046,9,Cropping,295169918,44.570658,7,NA,NA,NA,NA,NA,NA,NA,NA,NA,NA,NA,NA,NA,NA,NA,NA,NA,NA,NA,NA,NA,NA,NA,NA,NA,NA
MANAGE_02820,Joint Genome Institute (JGI),DOE Joint Genome Institute  (JGI),NA,United States,WA,46.781308,-117.0847,9,Cropping,299488628,45.222783,0,NA,NA,NA,NA,NA,NA,NA,NA,NA,NA,NA,NA,NA,NA,NA,NA,NA,NA,NA,NA,NA,NA,NA,NA,NA,NA
MANAGE_02821,Joint Genome Institute (JGI),DOE Joint Genome Institute  (JGI),NA,United States,WA,46.25,-119.73,9,Cropping,345866886,52.2259,20,NA,NA,NA,NA,NA,NA,NA,NA,NA,NA,NA,NA,NA,NA,NA,NA,NA,NA,NA,NA,NA,NA,NA,NA,NA,NA
MANAGE_02822,Joint Genome Institute (JGI),DOE Joint Genome Institute  (JGI),NA,United States,WA,46.781301,-117.08253,9,Cropping,305083522,46.067612,1,NA,NA,NA,NA,NA,NA,NA,NA,NA,NA,NA,NA,NA,NA,NA,NA,NA,NA,NA,NA,NA,NA,NA,NA,NA,NA
MANAGE_02823,Joint Genome Institute (JGI),DOE Joint Genome Institute  (JGI),NA,United States,WA,46.25,-119.73,9,Grazing,462056884,69.770589,30,NA,NA,NA,NA,NA,NA,NA,NA,NA,NA,NA,NA,NA,NA,NA,NA,NA,NA,NA,NA,NA,NA,NA,NA,NA,NA
MANAGE_02824,Joint Genome Institute (JGI),DOE Joint Genome Institute  (JGI),NA,United States,WA,46.781206,-117.08462,9,Cropping,241086544,36.404068,0,NA,NA,NA,NA,NA,NA,NA,NA,NA,NA,NA,NA,NA,NA,NA,NA,NA,NA,NA,NA,NA,NA,NA,NA,NA,NA
MANAGE_02825,Joint Genome Institute (JGI),DOE Joint Genome Institute  (JGI),NA,United States,WA,46.7811534,-117.08046,9,Cropping,268345624,40.520189,2,NA,NA,NA,NA,NA,NA,NA,NA,NA,NA,NA,NA,NA,NA,NA,NA,NA,NA,NA,NA,NA,NA,NA,NA,NA,NA
MANAGE_02826,Joint Genome Institute (JGI),DOE Joint Genome Institute  (JGI),NA,United States,WA,46.25,-119.73,9,Grazing,363176826,54.839701,19,NA,NA,NA,NA,NA,NA,NA,NA,NA,NA,NA,NA,NA,NA,NA,NA,NA,NA,NA,NA,NA,NA,NA,NA,NA,NA
MANAGE_02827,Joint Genome Institute (JGI),DOE Joint Genome Institute  (JGI),NA,United States,WA,46.781049,-117.08624,9,Cropping,336374242,50.792511,1,NA,NA,NA,NA,NA,NA,NA,NA,NA,NA,NA,NA,NA,NA,NA,NA,NA,NA,NA,NA,NA,NA,NA,NA,NA,NA
MANAGE_02828,Joint Genome Institute (JGI),DOE Joint Genome Institute  (JGI),NA,United States,WA,46.779637,-117.08617,9,Cropping,237608246,35.878845,2,NA,NA,NA,NA,NA,NA,NA,NA,NA,NA,NA,NA,NA,NA,NA,NA,NA,NA,NA,NA,NA,NA,NA,NA,NA,NA
MANAGE_02829,Joint Genome Institute (JGI),DOE Joint Genome Institute  (JGI),NA,United States,WA,46.781416,-117.08482,9,Cropping,408806178,61.729733,1,NA,NA,NA,NA,NA,NA,NA,NA,NA,NA,NA,NA,NA,NA,NA,NA,NA,NA,NA,NA,NA,NA,NA,NA,NA,NA
MANAGE_02830,Joint Genome Institute (JGI),DOE Joint Genome Institute  (JGI),NA,United States,WA,46.781524,-117.08469,9,Cropping,439811566,66.411546,4,NA,NA,NA,NA,NA,NA,NA,NA,NA,NA,NA,NA,NA,NA,NA,NA,NA,NA,NA,NA,NA,NA,NA,NA,NA,NA
MANAGE_02831,Joint Genome Institute (JGI),DOE Joint Genome Institute  (JGI),NA,United States,WA,46.25,-119.73,9,Grazing,446422842,67.409849,34,NA,NA,NA,NA,NA,NA,NA,NA,NA,NA,NA,NA,NA,NA,NA,NA,NA,NA,NA,NA,NA,NA,NA,NA,NA,NA
MANAGE_02832,Joint Genome Institute (JGI),DOE Joint Genome Institute  (JGI),NA,United States,WA,46.781194,-117.08473,9,Cropping,385504636,58.2112,1,NA,NA,NA,NA,NA,NA,NA,NA,NA,NA,NA,NA,NA,NA,NA,NA,NA,NA,NA,NA,NA,NA,NA,NA,NA,NA
MANAGE_02833,Joint Genome Institute (JGI),DOE Joint Genome Institute  (JGI),NA,United States,WA,46.781416,-117.08482,9,Cropping,965038252,145.720776,8,NA,NA,NA,NA,NA,NA,NA,NA,NA,NA,NA,NA,NA,NA,NA,NA,NA,NA,NA,NA,NA,NA,NA,NA,NA,NA
MANAGE_02834,Joint Genome Institute (JGI),DOE Joint Genome Institute  (JGI),NA,United States,WA,46.781206,-117.08462,9,Cropping,185107980,27.951305,0,NA,NA,NA,NA,NA,NA,NA,NA,NA,NA,NA,NA,NA,NA,NA,NA,NA,NA,NA,NA,NA,NA,NA,NA,NA,NA
MANAGE_02835,Joint Genome Institute (JGI),DOE Joint Genome Institute  (JGI),NA,United States,WA,46.781194,-117.08473,9,Cropping,362470096,54.732984,2,NA,NA,NA,NA,NA,NA,NA,NA,NA,NA,NA,NA,NA,NA,NA,NA,NA,NA,NA,NA,NA,NA,NA,NA,NA,NA
MANAGE_02836,Joint Genome Institute (JGI),DOE Joint Genome Institute  (JGI),NA,United States,WA,46.778855,-117.08297,9,Cropping,277885978,41.960783,7,NA,NA,NA,NA,NA,NA,NA,NA,NA,NA,NA,NA,NA,NA,NA,NA,NA,NA,NA,NA,NA,NA,NA,NA,NA,NA
MANAGE_02837,Joint Genome Institute (JGI),DOE Joint Genome Institute  (JGI),NA,United States,WA,46.781049,-117.08624,9,Cropping,301967758,45.597131,5,NA,NA,NA,NA,NA,NA,NA,NA,NA,NA,NA,NA,NA,NA,NA,NA,NA,NA,NA,NA,NA,NA,NA,NA,NA,NA
MANAGE_02838,Joint Genome Institute (JGI),DOE Joint Genome Institute  (JGI),NA,United States,WA,46.781416,-117.08482,9,Cropping,309952156,46.802776,1,NA,NA,NA,NA,NA,NA,NA,NA,NA,NA,NA,NA,NA,NA,NA,NA,NA,NA,NA,NA,NA,NA,NA,NA,NA,NA
MANAGE_02839,Joint Genome Institute (JGI),DOE Joint Genome Institute  (JGI),NA,United States,WA,46.779637,-117.08617,9,Cropping,258331630,39.008076,4,NA,NA,NA,NA,NA,NA,NA,NA,NA,NA,NA,NA,NA,NA,NA,NA,NA,NA,NA,NA,NA,NA,NA,NA,NA,NA
MANAGE_02840,Joint Genome Institute (JGI),DOE Joint Genome Institute  (JGI),NA,United States,WA,46.781301,-117.08253,9,Cropping,331090990,49.994739,3,NA,NA,NA,NA,NA,NA,NA,NA,NA,NA,NA,NA,NA,NA,NA,NA,NA,NA,NA,NA,NA,NA,NA,NA,NA,NA
MANAGE_02841,Joint Genome Institute (JGI),DOE Joint Genome Institute  (JGI),NA,United States,WA,46.25,-119.73,9,Cropping,325603898,49.166189,0,NA,NA,NA,NA,NA,NA,NA,NA,NA,NA,NA,NA,NA,NA,NA,NA,NA,NA,NA,NA,NA,NA,NA,NA,NA,NA
MANAGE_02842,Joint Genome Institute (JGI),DOE Joint Genome Institute  (JGI),NA,United States,WA,46.781524,-117.08469,9,Cropping,430155382,64.953463,2,NA,NA,NA,NA,NA,NA,NA,NA,NA,NA,NA,NA,NA,NA,NA,NA,NA,NA,NA,NA,NA,NA,NA,NA,NA,NA
MANAGE_02843,Joint Genome Institute (JGI),DOE Joint Genome Institute  (JGI),NA,United States,WA,46.779637,-117.08617,9,Cropping,285539214,43.116421,0,NA,NA,NA,NA,NA,NA,NA,NA,NA,NA,NA,NA,NA,NA,NA,NA,NA,NA,NA,NA,NA,NA,NA,NA,NA,NA
MANAGE_02844,Joint Genome Institute (JGI),DOE Joint Genome Institute  (JGI),NA,United States,WA,46.781301,-117.08253,9,Cropping,225301842,34.020578,0,NA,NA,NA,NA,NA,NA,NA,NA,NA,NA,NA,NA,NA,NA,NA,NA,NA,NA,NA,NA,NA,NA,NA,NA,NA,NA
MANAGE_02845,Joint Genome Institute (JGI),DOE Joint Genome Institute  (JGI),NA,United States,WA,46.781308,-117.0847,9,Cropping,302974026,45.749078,1,NA,NA,NA,NA,NA,NA,NA,NA,NA,NA,NA,NA,NA,NA,NA,NA,NA,NA,NA,NA,NA,NA,NA,NA,NA,NA
MANAGE_02846,Joint Genome Institute (JGI),DOE Joint Genome Institute  (JGI),NA,United States,WA,46.781117,-117.08051,9,Cropping,377896010,57.062298,19,NA,NA,NA,NA,NA,NA,NA,NA,NA,NA,NA,NA,NA,NA,NA,NA,NA,NA,NA,NA,NA,NA,NA,NA,NA,NA
MANAGE_02847,Joint Genome Institute (JGI),DOE Joint Genome Institute  (JGI),NA,United States,WA,46.781049,-117.08624,9,Cropping,344712520,52.051591,2,NA,NA,NA,NA,NA,NA,NA,NA,NA,NA,NA,NA,NA,NA,NA,NA,NA,NA,NA,NA,NA,NA,NA,NA,NA,NA
MANAGE_02848,Joint Genome Institute (JGI),DOE Joint Genome Institute  (JGI),NA,United States,WA,46.781883,-117.0835,9,Cropping,301757824,45.565431,3,NA,NA,NA,NA,NA,NA,NA,NA,NA,NA,NA,NA,NA,NA,NA,NA,NA,NA,NA,NA,NA,NA,NA,NA,NA,NA
MANAGE_02849,Joint Genome Institute (JGI),DOE Joint Genome Institute  (JGI),NA,United States,WA,46.781206,-117.08462,9,Cropping,271084398,40.933744,2,NA,NA,NA,NA,NA,NA,NA,NA,NA,NA,NA,NA,NA,NA,NA,NA,NA,NA,NA,NA,NA,NA,NA,NA,NA,NA
MANAGE_02850,Joint Genome Institute (JGI),DOE Joint Genome Institute  (JGI),NA,United States,WA,46.781883,-117.0835,9,Cropping,409880422,61.891944,4,NA,NA,NA,NA,NA,NA,NA,NA,NA,NA,NA,NA,NA,NA,NA,NA,NA,NA,NA,NA,NA,NA,NA,NA,NA,NA
MANAGE_02851,Joint Genome Institute (JGI),DOE Joint Genome Institute  (JGI),NA,United States,WA,46.781416,-117.08482,9,Cropping,253048316,38.210296,4,NA,NA,NA,NA,NA,NA,NA,NA,NA,NA,NA,NA,NA,NA,NA,NA,NA,NA,NA,NA,NA,NA,NA,NA,NA,NA
MANAGE_02852,Joint Genome Institute (JGI),DOE Joint Genome Institute  (JGI),NA,United States,WA,46.781308,-117.0847,9,Cropping,298752830,45.111677,0,NA,NA,NA,NA,NA,NA,NA,NA,NA,NA,NA,NA,NA,NA,NA,NA,NA,NA,NA,NA,NA,NA,NA,NA,NA,NA
MANAGE_02853,Joint Genome Institute (JGI),DOE Joint Genome Institute  (JGI),NA,United States,WA,46.25,-119.73,9,Grazing,450494260,68.024633,20,NA,NA,NA,NA,NA,NA,NA,NA,NA,NA,NA,NA,NA,NA,NA,NA,NA,NA,NA,NA,NA,NA,NA,NA,NA,NA
MANAGE_02854,Joint Genome Institute (JGI),DOE Joint Genome Institute  (JGI),NA,United States,WA,46.781524,-117.08469,9,Cropping,298323522,45.046852,1,NA,NA,NA,NA,NA,NA,NA,NA,NA,NA,NA,NA,NA,NA,NA,NA,NA,NA,NA,NA,NA,NA,NA,NA,NA,NA
MANAGE_02855,Joint Genome Institute (JGI),DOE Joint Genome Institute  (JGI),NA,United States,WA,46.781206,-117.08462,9,Cropping,299290764,45.192905,1,NA,NA,NA,NA,NA,NA,NA,NA,NA,NA,NA,NA,NA,NA,NA,NA,NA,NA,NA,NA,NA,NA,NA,NA,NA,NA
MANAGE_02856,Joint Genome Institute (JGI),DOE Joint Genome Institute  (JGI),NA,United States,WA,46.781883,-117.0835,9,Cropping,245938720,37.136747,1,NA,NA,NA,NA,NA,NA,NA,NA,NA,NA,NA,NA,NA,NA,NA,NA,NA,NA,NA,NA,NA,NA,NA,NA,NA,NA
MANAGE_02857,Joint Genome Institute (JGI),DOE Joint Genome Institute  (JGI),NA,United States,WA,46.781524,-117.08469,9,Cropping,294115454,44.411434,1,NA,NA,NA,NA,NA,NA,NA,NA,NA,NA,NA,NA,NA,NA,NA,NA,NA,NA,NA,NA,NA,NA,NA,NA,NA,NA
MANAGE_02858,Joint Genome Institute (JGI),DOE Joint Genome Institute  (JGI),NA,United States,WA,46.779637,-117.08617,9,Cropping,328554374,49.61171,1,NA,NA,NA,NA,NA,NA,NA,NA,NA,NA,NA,NA,NA,NA,NA,NA,NA,NA,NA,NA,NA,NA,NA,NA,NA,NA
MANAGE_02859,Joint Genome Institute (JGI),DOE Joint Genome Institute  (JGI),NA,United States,WA,46.781206,-117.08462,9,Cropping,270587284,40.85868,0,NA,NA,NA,NA,NA,NA,NA,NA,NA,NA,NA,NA,NA,NA,NA,NA,NA,NA,NA,NA,NA,NA,NA,NA,NA,NA
MANAGE_02860,Joint Genome Institute (JGI),DOE Joint Genome Institute  (JGI),NA,United States,WA,46.7811534,-117.08046,9,Cropping,512968824,77.458292,13,NA,NA,NA,NA,NA,NA,NA,NA,NA,NA,NA,NA,NA,NA,NA,NA,NA,NA,NA,NA,NA,NA,NA,NA,NA,NA
MANAGE_02861,Joint Genome Institute (JGI),DOE Joint Genome Institute  (JGI),NA,United States,WA,46.781301,-117.08253,9,Cropping,224033740,33.829095,2,NA,NA,NA,NA,NA,NA,NA,NA,NA,NA,NA,NA,NA,NA,NA,NA,NA,NA,NA,NA,NA,NA,NA,NA,NA,NA
MANAGE_02862,Joint Genome Institute (JGI),DOE Joint Genome Institute  (JGI),NA,United States,WA,46.781524,-117.08469,9,Cropping,238774546,36.054956,1,NA,NA,NA,NA,NA,NA,NA,NA,NA,NA,NA,NA,NA,NA,NA,NA,NA,NA,NA,NA,NA,NA,NA,NA,NA,NA
MANAGE_02863,Joint Genome Institute (JGI),DOE Joint Genome Institute  (JGI),NA,United States,WA,46.7811534,-117.08046,9,Cropping,298000756,44.998114,2,NA,NA,NA,NA,NA,NA,NA,NA,NA,NA,NA,NA,NA,NA,NA,NA,NA,NA,NA,NA,NA,NA,NA,NA,NA,NA
MANAGE_02864,Joint Genome Institute (JGI),DOE Joint Genome Institute  (JGI),NA,United States,WA,46.781416,-117.08482,9,Cropping,369873804,55.850944,3,NA,NA,NA,NA,NA,NA,NA,NA,NA,NA,NA,NA,NA,NA,NA,NA,NA,NA,NA,NA,NA,NA,NA,NA,NA,NA
MANAGE_02865,Joint Genome Institute (JGI),DOE Joint Genome Institute  (JGI),NA,United States,WA,46.781883,-117.0835,9,Cropping,330485696,49.90334,1,NA,NA,NA,NA,NA,NA,NA,NA,NA,NA,NA,NA,NA,NA,NA,NA,NA,NA,NA,NA,NA,NA,NA,NA,NA,NA
MANAGE_02866,Joint Genome Institute (JGI),DOE Joint Genome Institute  (JGI),NA,United States,WA,46.7811534,-117.08046,9,Cropping,309589418,46.748002,0,NA,NA,NA,NA,NA,NA,NA,NA,NA,NA,NA,NA,NA,NA,NA,NA,NA,NA,NA,NA,NA,NA,NA,NA,NA,NA
MANAGE_02867,Joint Genome Institute (JGI),DOE Joint Genome Institute  (JGI),NA,United States,WA,46.781206,-117.08462,9,Cropping,301048516,45.458326,1,NA,NA,NA,NA,NA,NA,NA,NA,NA,NA,NA,NA,NA,NA,NA,NA,NA,NA,NA,NA,NA,NA,NA,NA,NA,NA
MANAGE_02868,Joint Genome Institute (JGI),DOE Joint Genome Institute  (JGI),NA,United States,WA,46.781883,-117.0835,9,Cropping,308039366,46.513944,2,NA,NA,NA,NA,NA,NA,NA,NA,NA,NA,NA,NA,NA,NA,NA,NA,NA,NA,NA,NA,NA,NA,NA,NA,NA,NA
MANAGE_02869,Joint Genome Institute (JGI),DOE Joint Genome Institute  (JGI),NA,United States,WA,46.781524,-117.08469,9,Cropping,312034582,47.117222,0,NA,NA,NA,NA,NA,NA,NA,NA,NA,NA,NA,NA,NA,NA,NA,NA,NA,NA,NA,NA,NA,NA,NA,NA,NA,NA
MANAGE_02870,Joint Genome Institute (JGI),DOE Joint Genome Institute  (JGI),NA,United States,WA,46.25,-119.73,9,Grazing,429242654,64.815641,10,NA,NA,NA,NA,NA,NA,NA,NA,NA,NA,NA,NA,NA,NA,NA,NA,NA,NA,NA,NA,NA,NA,NA,NA,NA,NA
MANAGE_02871,Joint Genome Institute (JGI),DOE Joint Genome Institute  (JGI),NA,United States,WA,46.781308,-117.0847,9,Cropping,270869240,40.901255,0,NA,NA,NA,NA,NA,NA,NA,NA,NA,NA,NA,NA,NA,NA,NA,NA,NA,NA,NA,NA,NA,NA,NA,NA,NA,NA
MANAGE_02872,Joint Genome Institute (JGI),DOE Joint Genome Institute  (JGI),NA,United States,WA,46.781049,-117.08624,9,Cropping,234708250,35.440946,4,NA,NA,NA,NA,NA,NA,NA,NA,NA,NA,NA,NA,NA,NA,NA,NA,NA,NA,NA,NA,NA,NA,NA,NA,NA,NA
MANAGE_02873,Joint Genome Institute (JGI),DOE Joint Genome Institute  (JGI),NA,United States,WA,46.781049,-117.08624,9,Cropping,266421040,40.229577,1,NA,NA,NA,NA,NA,NA,NA,NA,NA,NA,NA,NA,NA,NA,NA,NA,NA,NA,NA,NA,NA,NA,NA,NA,NA,NA
MANAGE_02874,Joint Genome Institute (JGI),DOE Joint Genome Institute  (JGI),NA,United States,WA,46.781194,-117.08473,9,Cropping,362458066,54.731168,0,NA,NA,NA,NA,NA,NA,NA,NA,NA,NA,NA,NA,NA,NA,NA,NA,NA,NA,NA,NA,NA,NA,NA,NA,NA,NA
MANAGE_02875,Joint Genome Institute (JGI),DOE Joint Genome Institute  (JGI),NA,United States,WA,46.781206,-117.08462,9,Cropping,294419370,44.457325,1,NA,NA,NA,NA,NA,NA,NA,NA,NA,NA,NA,NA,NA,NA,NA,NA,NA,NA,NA,NA,NA,NA,NA,NA,NA,NA
MANAGE_02876,Joint Genome Institute (JGI),DOE Joint Genome Institute  (JGI),NA,United States,WA,46.25,-119.73,9,Grazing,555365824,83.860239000000007,25,NA,NA,NA,NA,NA,NA,NA,NA,NA,NA,NA,NA,NA,NA,NA,NA,NA,NA,NA,NA,NA,NA,NA,NA,NA,NA
MANAGE_02877,Joint Genome Institute (JGI),DOE Joint Genome Institute  (JGI),NA,United States,WA,46.781049,-117.08624,9,Cropping,255699530,38.610629,4,NA,NA,NA,NA,NA,NA,NA,NA,NA,NA,NA,NA,NA,NA,NA,NA,NA,NA,NA,NA,NA,NA,NA,NA,NA,NA
MANAGE_02878,Joint Genome Institute (JGI),DOE Joint Genome Institute  (JGI),NA,United States,WA,46.781194,-117.08473,9,Cropping,399517306,60.327113,1,NA,NA,NA,NA,NA,NA,NA,NA,NA,NA,NA,NA,NA,NA,NA,NA,NA,NA,NA,NA,NA,NA,NA,NA,NA,NA
MANAGE_02879,Joint Genome Institute (JGI),DOE Joint Genome Institute  (JGI),NA,United States,WA,46.781194,-117.08473,9,Cropping,394924028,59.633528,0,NA,NA,NA,NA,NA,NA,NA,NA,NA,NA,NA,NA,NA,NA,NA,NA,NA,NA,NA,NA,NA,NA,NA,NA,NA,NA
MANAGE_02880,Joint Genome Institute (JGI),DOE Joint Genome Institute  (JGI),NA,United States,WA,46.781416,-117.08482,9,Cropping,257828066,38.932038,3,NA,NA,NA,NA,NA,NA,NA,NA,NA,NA,NA,NA,NA,NA,NA,NA,NA,NA,NA,NA,NA,NA,NA,NA,NA,NA
MANAGE_02881,Joint Genome Institute (JGI),DOE Joint Genome Institute  (JGI),NA,United States,WA,46.781883,-117.0835,9,Cropping,281849928,42.559339,2,NA,NA,NA,NA,NA,NA,NA,NA,NA,NA,NA,NA,NA,NA,NA,NA,NA,NA,NA,NA,NA,NA,NA,NA,NA,NA
MANAGE_02882,Joint Genome Institute (JGI),DOE Joint Genome Institute  (JGI),NA,United States,WA,46.781416,-117.08482,9,Cropping,383893340,57.967894,2,NA,NA,NA,NA,NA,NA,NA,NA,NA,NA,NA,NA,NA,NA,NA,NA,NA,NA,NA,NA,NA,NA,NA,NA,NA,NA
MANAGE_02883,Joint Genome Institute (JGI),DOE Joint Genome Institute  (JGI),NA,United States,WA,46.781206,-117.08462,9,Cropping,279868620,42.260162,1,NA,NA,NA,NA,NA,NA,NA,NA,NA,NA,NA,NA,NA,NA,NA,NA,NA,NA,NA,NA,NA,NA,NA,NA,NA,NA
MANAGE_02884,Joint Genome Institute (JGI),DOE Joint Genome Institute  (JGI),NA,United States,WA,46.781524,-117.08469,9,Cropping,416419232,62.879304,1,NA,NA,NA,NA,NA,NA,NA,NA,NA,NA,NA,NA,NA,NA,NA,NA,NA,NA,NA,NA,NA,NA,NA,NA,NA,NA
MANAGE_02885,Joint Genome Institute (JGI),DOE Joint Genome Institute  (JGI),NA,United States,WA,46.781883,-117.0835,9,Cropping,300542166,45.381867,2,NA,NA,NA,NA,NA,NA,NA,NA,NA,NA,NA,NA,NA,NA,NA,NA,NA,NA,NA,NA,NA,NA,NA,NA,NA,NA
MANAGE_02886,Joint Genome Institute (JGI),DOE Joint Genome Institute  (JGI),NA,United States,WA,46.785703,-117.07925,9,Cropping,366369390,55.321778,15,NA,NA,NA,NA,NA,NA,NA,NA,NA,NA,NA,NA,NA,NA,NA,NA,NA,NA,NA,NA,NA,NA,NA,NA,NA,NA
MANAGE_02887,Joint Genome Institute (JGI),DOE Joint Genome Institute  (JGI),NA,United States,WA,46.781049,-117.08624,9,Cropping,233072020,35.193875,7,NA,NA,NA,NA,NA,NA,NA,NA,NA,NA,NA,NA,NA,NA,NA,NA,NA,NA,NA,NA,NA,NA,NA,NA,NA,NA
MANAGE_02888,Joint Genome Institute (JGI),DOE Joint Genome Institute  (JGI),NA,United States,WA,46.781194,-117.08473,9,Cropping,349273074,52.740234,0,NA,NA,NA,NA,NA,NA,NA,NA,NA,NA,NA,NA,NA,NA,NA,NA,NA,NA,NA,NA,NA,NA,NA,NA,NA,NA
MANAGE_02889,Joint Genome Institute (JGI),DOE Joint Genome Institute  (JGI),NA,United States,WA,46.7811534,-117.08046,9,Cropping,391625616,59.135468,5,NA,NA,NA,NA,NA,NA,NA,NA,NA,NA,NA,NA,NA,NA,NA,NA,NA,NA,NA,NA,NA,NA,NA,NA,NA,NA
MANAGE_02890,Joint Genome Institute (JGI),DOE Joint Genome Institute  (JGI),NA,United States,WA,46.781206,-117.08462,9,Cropping,285944540,43.177626,1,NA,NA,NA,NA,NA,NA,NA,NA,NA,NA,NA,NA,NA,NA,NA,NA,NA,NA,NA,NA,NA,NA,NA,NA,NA,NA
MANAGE_02891,Joint Genome Institute (JGI),DOE Joint Genome Institute  (JGI),NA,United States,WA,46.781883,-117.0835,9,Cropping,313851362,47.391556,1,NA,NA,NA,NA,NA,NA,NA,NA,NA,NA,NA,NA,NA,NA,NA,NA,NA,NA,NA,NA,NA,NA,NA,NA,NA,NA
MANAGE_02892,Joint Genome Institute (JGI),DOE Joint Genome Institute  (JGI),NA,United States,WA,46.781416,-117.08482,9,Cropping,394711556,59.601445,4,NA,NA,NA,NA,NA,NA,NA,NA,NA,NA,NA,NA,NA,NA,NA,NA,NA,NA,NA,NA,NA,NA,NA,NA,NA,NA
MANAGE_02893,Joint Genome Institute (JGI),DOE Joint Genome Institute  (JGI),NA,United States,WA,46.25,-119.73,9,Cropping,474891246,71.708578,3,NA,NA,NA,NA,NA,NA,NA,NA,NA,NA,NA,NA,NA,NA,NA,NA,NA,NA,NA,NA,NA,NA,NA,NA,NA,NA
MANAGE_02894,Joint Genome Institute (JGI),DOE Joint Genome Institute  (JGI),NA,United States,WA,46.781206,-117.08462,9,Cropping,337715864,50.995095,4,NA,NA,NA,NA,NA,NA,NA,NA,NA,NA,NA,NA,NA,NA,NA,NA,NA,NA,NA,NA,NA,NA,NA,NA,NA,NA
MANAGE_02895,Joint Genome Institute (JGI),DOE Joint Genome Institute  (JGI),NA,United States,WA,46.781524,-117.08469,9,Cropping,374906496,56.610881,0,NA,NA,NA,NA,NA,NA,NA,NA,NA,NA,NA,NA,NA,NA,NA,NA,NA,NA,NA,NA,NA,NA,NA,NA,NA,NA
MANAGE_02896,Joint Genome Institute (JGI),DOE Joint Genome Institute  (JGI),NA,United States,WA,46.781049,-117.08624,9,Cropping,207106596,31.273096,3,NA,NA,NA,NA,NA,NA,NA,NA,NA,NA,NA,NA,NA,NA,NA,NA,NA,NA,NA,NA,NA,NA,NA,NA,NA,NA
MANAGE_02897,Joint Genome Institute (JGI),DOE Joint Genome Institute  (JGI),NA,United States,WA,46.781524,-117.08469,9,Cropping,349116160,52.71654,3,NA,NA,NA,NA,NA,NA,NA,NA,NA,NA,NA,NA,NA,NA,NA,NA,NA,NA,NA,NA,NA,NA,NA,NA,NA,NA
MANAGE_02898,Joint Genome Institute (JGI),DOE Joint Genome Institute  (JGI),NA,United States,WA,46.779637,-117.08617,9,Cropping,270377200,40.826957,4,NA,NA,NA,NA,NA,NA,NA,NA,NA,NA,NA,NA,NA,NA,NA,NA,NA,NA,NA,NA,NA,NA,NA,NA,NA,NA
MANAGE_02899,Joint Genome Institute (JGI),DOE Joint Genome Institute  (JGI),NA,United States,WA,46.781308,-117.0847,9,Cropping,318800200,48.13883,0,NA,NA,NA,NA,NA,NA,NA,NA,NA,NA,NA,NA,NA,NA,NA,NA,NA,NA,NA,NA,NA,NA,NA,NA,NA,NA
MANAGE_02900,Joint Genome Institute (JGI),DOE Joint Genome Institute  (JGI),NA,United States,WA,46.781194,-117.08473,9,Cropping,385318384,58.183076,1,NA,NA,NA,NA,NA,NA,NA,NA,NA,NA,NA,NA,NA,NA,NA,NA,NA,NA,NA,NA,NA,NA,NA,NA,NA,NA
MANAGE_02901,Joint Genome Institute (JGI),DOE Joint Genome Institute  (JGI),NA,United States,WA,46.7811534,-117.08046,9,Cropping,347438328,52.463188,3,NA,NA,NA,NA,NA,NA,NA,NA,NA,NA,NA,NA,NA,NA,NA,NA,NA,NA,NA,NA,NA,NA,NA,NA,NA,NA
MANAGE_02902,Joint Genome Institute (JGI),DOE Joint Genome Institute  (JGI),NA,United States,WA,46.25,-119.73,9,Grazing,359513170,54.286489,11,NA,NA,NA,NA,NA,NA,NA,NA,NA,NA,NA,NA,NA,NA,NA,NA,NA,NA,NA,NA,NA,NA,NA,NA,NA,NA
MANAGE_02903,Joint Genome Institute (JGI),DOE Joint Genome Institute  (JGI),NA,United States,WA,46.781049,-117.08624,9,Cropping,150827824,22.775001,0,NA,NA,NA,NA,NA,NA,NA,NA,NA,NA,NA,NA,NA,NA,NA,NA,NA,NA,NA,NA,NA,NA,NA,NA,NA,NA
MANAGE_02904,Joint Genome Institute (JGI),DOE Joint Genome Institute  (JGI),NA,United States,WA,46.781194,-117.08473,9,Cropping,330438618,49.896231,0,NA,NA,NA,NA,NA,NA,NA,NA,NA,NA,NA,NA,NA,NA,NA,NA,NA,NA,NA,NA,NA,NA,NA,NA,NA,NA
MANAGE_02905,Joint Genome Institute (JGI),DOE Joint Genome Institute  (JGI),NA,United States,WA,46.781416,-117.08482,9,Cropping,348749402,52.66116,1,NA,NA,NA,NA,NA,NA,NA,NA,NA,NA,NA,NA,NA,NA,NA,NA,NA,NA,NA,NA,NA,NA,NA,NA,NA,NA
MANAGE_02906,Joint Genome Institute (JGI),DOE Joint Genome Institute  (JGI),NA,United States,WA,46.781524,-117.08469,9,Cropping,464136754,70.08465,3,NA,NA,NA,NA,NA,NA,NA,NA,NA,NA,NA,NA,NA,NA,NA,NA,NA,NA,NA,NA,NA,NA,NA,NA,NA,NA
MANAGE_02907,Joint Genome Institute (JGI),DOE Joint Genome Institute  (JGI),NA,United States,WA,46.781206,-117.08462,9,Cropping,354596374,53.544052,2,NA,NA,NA,NA,NA,NA,NA,NA,NA,NA,NA,NA,NA,NA,NA,NA,NA,NA,NA,NA,NA,NA,NA,NA,NA,NA
MANAGE_02908,Joint Genome Institute (JGI),DOE Joint Genome Institute  (JGI),NA,United States,WA,46.779637,-117.08617,9,Cropping,319827096,48.293891,8,NA,NA,NA,NA,NA,NA,NA,NA,NA,NA,NA,NA,NA,NA,NA,NA,NA,NA,NA,NA,NA,NA,NA,NA,NA,NA
MANAGE_02909,Joint Genome Institute (JGI),DOE Joint Genome Institute  (JGI),NA,United States,WA,46.781883,-117.0835,9,Cropping,292760842,44.206887,2,NA,NA,NA,NA,NA,NA,NA,NA,NA,NA,NA,NA,NA,NA,NA,NA,NA,NA,NA,NA,NA,NA,NA,NA,NA,NA
MANAGE_02910,Joint Genome Institute (JGI),DOE Joint Genome Institute  (JGI),NA,United States,WA,46.781524,-117.08469,9,Cropping,371353898,56.074439,1,NA,NA,NA,NA,NA,NA,NA,NA,NA,NA,NA,NA,NA,NA,NA,NA,NA,NA,NA,NA,NA,NA,NA,NA,NA,NA
MANAGE_02911,Joint Genome Institute (JGI),DOE Joint Genome Institute  (JGI),NA,United States,WA,46.781194,-117.08473,9,Cropping,480324692,72.529028,0,NA,NA,NA,NA,NA,NA,NA,NA,NA,NA,NA,NA,NA,NA,NA,NA,NA,NA,NA,NA,NA,NA,NA,NA,NA,NA
MANAGE_02912,Joint Genome Institute (JGI),DOE Joint Genome Institute  (JGI),NA,United States,WA,46.7811534,-117.08046,9,Cropping,343401052,51.853559,1,NA,NA,NA,NA,NA,NA,NA,NA,NA,NA,NA,NA,NA,NA,NA,NA,NA,NA,NA,NA,NA,NA,NA,NA,NA,NA
MANAGE_02913,Joint Genome Institute (JGI),DOE Joint Genome Institute  (JGI),NA,United States,WA,46.781301,-117.08253,9,Cropping,241670830,36.492295,0,NA,NA,NA,NA,NA,NA,NA,NA,NA,NA,NA,NA,NA,NA,NA,NA,NA,NA,NA,NA,NA,NA,NA,NA,NA,NA
MANAGE_02914,Joint Genome Institute (JGI),DOE Joint Genome Institute  (JGI),NA,United States,WA,46.781194,-117.08473,9,Cropping,446432298,67.411277,2,NA,NA,NA,NA,NA,NA,NA,NA,NA,NA,NA,NA,NA,NA,NA,NA,NA,NA,NA,NA,NA,NA,NA,NA,NA,NA
MANAGE_02915,Joint Genome Institute (JGI),DOE Joint Genome Institute  (JGI),NA,United States,WA,46.781883,-117.0835,9,Cropping,279150426,42.151714,0,NA,NA,NA,NA,NA,NA,NA,NA,NA,NA,NA,NA,NA,NA,NA,NA,NA,NA,NA,NA,NA,NA,NA,NA,NA,NA
MANAGE_02916,Joint Genome Institute (JGI),DOE Joint Genome Institute  (JGI),NA,United States,WA,46.779637,-117.08617,9,Cropping,316076024,47.72748,1,NA,NA,NA,NA,NA,NA,NA,NA,NA,NA,NA,NA,NA,NA,NA,NA,NA,NA,NA,NA,NA,NA,NA,NA,NA,NA
MANAGE_02917,Joint Genome Institute (JGI),DOE Joint Genome Institute  (JGI),NA,United States,WA,46.781301,-117.08253,9,Cropping,243225050,36.726983,1,NA,NA,NA,NA,NA,NA,NA,NA,NA,NA,NA,NA,NA,NA,NA,NA,NA,NA,NA,NA,NA,NA,NA,NA,NA,NA
MANAGE_02918,Joint Genome Institute (JGI),DOE Joint Genome Institute  (JGI),NA,United States,WA,46.781049,-117.08624,9,Cropping,342820264,51.765860000000004,2,NA,NA,NA,NA,NA,NA,NA,NA,NA,NA,NA,NA,NA,NA,NA,NA,NA,NA,NA,NA,NA,NA,NA,NA,NA,NA
MANAGE_02919,Joint Genome Institute (JGI),DOE Joint Genome Institute  (JGI),NA,United States,WA,46.7811534,-117.08046,9,Cropping,293252020,44.281055,3,NA,NA,NA,NA,NA,NA,NA,NA,NA,NA,NA,NA,NA,NA,NA,NA,NA,NA,NA,NA,NA,NA,NA,NA,NA,NA
MANAGE_02920,Joint Genome Institute (JGI),DOE Joint Genome Institute  (JGI),NA,United States,WA,46.25,-119.73,9,Grazing,444500726,67.11961,25,NA,NA,NA,NA,NA,NA,NA,NA,NA,NA,NA,NA,NA,NA,NA,NA,NA,NA,NA,NA,NA,NA,NA,NA,NA,NA
MANAGE_02921,Joint Genome Institute (JGI),DOE Joint Genome Institute  (JGI),NA,United States,WA,46.781416,-117.08482,9,Cropping,371397360,56.081001,1,NA,NA,NA,NA,NA,NA,NA,NA,NA,NA,NA,NA,NA,NA,NA,NA,NA,NA,NA,NA,NA,NA,NA,NA,NA,NA
MANAGE_02922,Joint Genome Institute (JGI),DOE Joint Genome Institute  (JGI),NA,United States,WA,46.781308,-117.0847,9,Cropping,240579690,36.327533,0,NA,NA,NA,NA,NA,NA,NA,NA,NA,NA,NA,NA,NA,NA,NA,NA,NA,NA,NA,NA,NA,NA,NA,NA,NA,NA
MANAGE_02923,Joint Genome Institute (JGI),DOE Joint Genome Institute  (JGI),NA,United States,WA,46.781049,-117.08624,9,Cropping,201217148,30.383789,0,NA,NA,NA,NA,NA,NA,NA,NA,NA,NA,NA,NA,NA,NA,NA,NA,NA,NA,NA,NA,NA,NA,NA,NA,NA,NA
MANAGE_02924,Joint Genome Institute (JGI),DOE Joint Genome Institute  (JGI),NA,United States,WA,46.781222,-117.08488,9,Cropping,454297178,68.598874,8,NA,NA,NA,NA,NA,NA,NA,NA,NA,NA,NA,NA,NA,NA,NA,NA,NA,NA,NA,NA,NA,NA,NA,NA,NA,NA
MANAGE_02925,Joint Genome Institute (JGI),DOE Joint Genome Institute  (JGI),NA,United States,WA,46.781308,-117.0847,9,Cropping,238469000,36.008819,1,NA,NA,NA,NA,NA,NA,NA,NA,NA,NA,NA,NA,NA,NA,NA,NA,NA,NA,NA,NA,NA,NA,NA,NA,NA,NA
MANAGE_02926,Joint Genome Institute (JGI),DOE Joint Genome Institute  (JGI),NA,United States,WA,46.779637,-117.08617,9,Cropping,531526800,80.260547,22,NA,NA,NA,NA,NA,NA,NA,NA,NA,NA,NA,NA,NA,NA,NA,NA,NA,NA,NA,NA,NA,NA,NA,NA,NA,NA
MANAGE_02927,Joint Genome Institute (JGI),DOE Joint Genome Institute  (JGI),NA,United States,WA,46.781049,-117.08624,9,Cropping,328418638,49.591214,6,NA,NA,NA,NA,NA,NA,NA,NA,NA,NA,NA,NA,NA,NA,NA,NA,NA,NA,NA,NA,NA,NA,NA,NA,NA,NA
MANAGE_02928,Joint Genome Institute (JGI),DOE Joint Genome Institute  (JGI),NA,United States,WA,46.779637,-117.08617,9,Cropping,304239498,45.940164,1,NA,NA,NA,NA,NA,NA,NA,NA,NA,NA,NA,NA,NA,NA,NA,NA,NA,NA,NA,NA,NA,NA,NA,NA,NA,NA
MANAGE_02929,Joint Genome Institute (JGI),DOE Joint Genome Institute  (JGI),NA,United States,WA,46.781301,-117.08253,9,Cropping,264806596,39.985796,1,NA,NA,NA,NA,NA,NA,NA,NA,NA,NA,NA,NA,NA,NA,NA,NA,NA,NA,NA,NA,NA,NA,NA,NA,NA,NA
MANAGE_02930,Joint Genome Institute (JGI),DOE Joint Genome Institute  (JGI),NA,United States,WA,46.7811534,-117.08046,9,Cropping,376127066,56.795187,6,NA,NA,NA,NA,NA,NA,NA,NA,NA,NA,NA,NA,NA,NA,NA,NA,NA,NA,NA,NA,NA,NA,NA,NA,NA,NA
MANAGE_02931,Joint Genome Institute (JGI),DOE Joint Genome Institute  (JGI),NA,United States,WA,46.25,-119.73,9,Grazing,264616510,39.957093,24,NA,NA,NA,NA,NA,NA,NA,NA,NA,NA,NA,NA,NA,NA,NA,NA,NA,NA,NA,NA,NA,NA,NA,NA,NA,NA
MANAGE_02932,Joint Genome Institute (JGI),DOE Joint Genome Institute  (JGI),NA,United States,WA,46.781194,-117.08473,9,Cropping,326792238,49.345628,1,NA,NA,NA,NA,NA,NA,NA,NA,NA,NA,NA,NA,NA,NA,NA,NA,NA,NA,NA,NA,NA,NA,NA,NA,NA,NA
MANAGE_02933,Joint Genome Institute (JGI),DOE Joint Genome Institute  (JGI),NA,United States,WA,46.779637,-117.08617,9,Cropping,205074958,30.966319,4,NA,NA,NA,NA,NA,NA,NA,NA,NA,NA,NA,NA,NA,NA,NA,NA,NA,NA,NA,NA,NA,NA,NA,NA,NA,NA
MANAGE_02934,Joint Genome Institute (JGI),DOE Joint Genome Institute  (JGI),NA,United States,WA,46.781308,-117.0847,9,Cropping,298698766,45.103514,0,NA,NA,NA,NA,NA,NA,NA,NA,NA,NA,NA,NA,NA,NA,NA,NA,NA,NA,NA,NA,NA,NA,NA,NA,NA,NA
MANAGE_02935,Joint Genome Institute (JGI),DOE Joint Genome Institute  (JGI),NA,United States,WA,46.7811534,-117.08046,9,Cropping,117371030,17.723026,1,NA,NA,NA,NA,NA,NA,NA,NA,NA,NA,NA,NA,NA,NA,NA,NA,NA,NA,NA,NA,NA,NA,NA,NA,NA,NA
MANAGE_02936,Joint Genome Institute (JGI),DOE Joint Genome Institute  (JGI),NA,United States,WA,46.25,-119.73,9,Grazing,339242768,51.225658,20,NA,NA,NA,NA,NA,NA,NA,NA,NA,NA,NA,NA,NA,NA,NA,NA,NA,NA,NA,NA,NA,NA,NA,NA,NA,NA
MANAGE_02937,Joint Genome Institute (JGI),DOE Joint Genome Institute  (JGI),NA,United States,WA,46.7811534,-117.08046,9,Cropping,386574364,58.372729,4,NA,NA,NA,NA,NA,NA,NA,NA,NA,NA,NA,NA,NA,NA,NA,NA,NA,NA,NA,NA,NA,NA,NA,NA,NA,NA
MANAGE_02938,Joint Genome Institute (JGI),DOE Joint Genome Institute  (JGI),NA,United States,WA,46.781534,-117.08419,9,Cropping,361158004,54.534859,13,NA,NA,NA,NA,NA,NA,NA,NA,NA,NA,NA,NA,NA,NA,NA,NA,NA,NA,NA,NA,NA,NA,NA,NA,NA,NA
MANAGE_02939,Joint Genome Institute (JGI),DOE Joint Genome Institute  (JGI),NA,United States,WA,46.781206,-117.08462,9,Cropping,332980718,50.280088,0,NA,NA,NA,NA,NA,NA,NA,NA,NA,NA,NA,NA,NA,NA,NA,NA,NA,NA,NA,NA,NA,NA,NA,NA,NA,NA
MANAGE_02940,Joint Genome Institute (JGI),DOE Joint Genome Institute  (JGI),NA,United States,WA,46.7811534,-117.08046,9,Cropping,254226376,38.388183,0,NA,NA,NA,NA,NA,NA,NA,NA,NA,NA,NA,NA,NA,NA,NA,NA,NA,NA,NA,NA,NA,NA,NA,NA,NA,NA
MANAGE_02941,Joint Genome Institute (JGI),DOE Joint Genome Institute  (JGI),NA,United States,WA,46.781049,-117.08624,9,Cropping,347437886,52.463121,4,NA,NA,NA,NA,NA,NA,NA,NA,NA,NA,NA,NA,NA,NA,NA,NA,NA,NA,NA,NA,NA,NA,NA,NA,NA,NA
MANAGE_02942,Joint Genome Institute (JGI),DOE Joint Genome Institute  (JGI),NA,United States,WA,46.781194,-117.08473,9,Cropping,411298748,62.106111,0,NA,NA,NA,NA,NA,NA,NA,NA,NA,NA,NA,NA,NA,NA,NA,NA,NA,NA,NA,NA,NA,NA,NA,NA,NA,NA
MANAGE_02943,Joint Genome Institute (JGI),DOE Joint Genome Institute  (JGI),NA,United States,WA,46.779637,-117.08617,9,Cropping,337757776,51.001424,1,NA,NA,NA,NA,NA,NA,NA,NA,NA,NA,NA,NA,NA,NA,NA,NA,NA,NA,NA,NA,NA,NA,NA,NA,NA,NA
MANAGE_02944,Joint Genome Institute (JGI),DOE Joint Genome Institute  (JGI),NA,United States,WA,46.781524,-117.08469,9,Cropping,323917004,48.911468,2,NA,NA,NA,NA,NA,NA,NA,NA,NA,NA,NA,NA,NA,NA,NA,NA,NA,NA,NA,NA,NA,NA,NA,NA,NA,NA
MANAGE_02945,Joint Genome Institute (JGI),DOE Joint Genome Institute  (JGI),NA,United States,WA,46.781883,-117.0835,9,Cropping,355637482,53.70126,2,NA,NA,NA,NA,NA,NA,NA,NA,NA,NA,NA,NA,NA,NA,NA,NA,NA,NA,NA,NA,NA,NA,NA,NA,NA,NA
MANAGE_02946,Joint Genome Institute (JGI),DOE Joint Genome Institute  (JGI),NA,United States,WA,46.781308,-117.0847,9,Cropping,242515026,36.619769,3,NA,NA,NA,NA,NA,NA,NA,NA,NA,NA,NA,NA,NA,NA,NA,NA,NA,NA,NA,NA,NA,NA,NA,NA,NA,NA
MANAGE_02947,Joint Genome Institute (JGI),DOE Joint Genome Institute  (JGI),NA,United States,WA,46.781049,-117.08624,9,Cropping,370328550,55.919611,2,NA,NA,NA,NA,NA,NA,NA,NA,NA,NA,NA,NA,NA,NA,NA,NA,NA,NA,NA,NA,NA,NA,NA,NA,NA,NA
MANAGE_02948,Joint Genome Institute (JGI),DOE Joint Genome Institute  (JGI),NA,United States,WA,46.779637,-117.08617,9,Cropping,309805050,46.780563,2,NA,NA,NA,NA,NA,NA,NA,NA,NA,NA,NA,NA,NA,NA,NA,NA,NA,NA,NA,NA,NA,NA,NA,NA,NA,NA
MANAGE_02949,Joint Genome Institute (JGI),DOE Joint Genome Institute  (JGI),NA,United States,WA,46.781308,-117.0847,9,Cropping,353983702,53.451539,2,NA,NA,NA,NA,NA,NA,NA,NA,NA,NA,NA,NA,NA,NA,NA,NA,NA,NA,NA,NA,NA,NA,NA,NA,NA,NA
MANAGE_02950,Joint Genome Institute (JGI),DOE Joint Genome Institute  (JGI),NA,United States,WA,46.781416,-117.08482,9,Cropping,315251708,47.603008,4,NA,NA,NA,NA,NA,NA,NA,NA,NA,NA,NA,NA,NA,NA,NA,NA,NA,NA,NA,NA,NA,NA,NA,NA,NA,NA
MANAGE_02951,Joint Genome Institute (JGI),DOE Joint Genome Institute  (JGI),NA,United States,WA,46.781049,-117.08624,9,Cropping,193029088,29.147392,0,NA,NA,NA,NA,NA,NA,NA,NA,NA,NA,NA,NA,NA,NA,NA,NA,NA,NA,NA,NA,NA,NA,NA,NA,NA,NA
MANAGE_02952,Joint Genome Institute (JGI),DOE Joint Genome Institute  (JGI),NA,United States,WA,46.781206,-117.08462,9,Cropping,273842822,41.350266,1,NA,NA,NA,NA,NA,NA,NA,NA,NA,NA,NA,NA,NA,NA,NA,NA,NA,NA,NA,NA,NA,NA,NA,NA,NA,NA
MANAGE_02953,Joint Genome Institute (JGI),DOE Joint Genome Institute  (JGI),NA,United States,WA,46.781524,-117.08469,9,Cropping,288772542,43.604654,4,NA,NA,NA,NA,NA,NA,NA,NA,NA,NA,NA,NA,NA,NA,NA,NA,NA,NA,NA,NA,NA,NA,NA,NA,NA,NA
MANAGE_02954,Joint Genome Institute (JGI),DOE Joint Genome Institute  (JGI),NA,United States,WA,46.781301,-117.08253,9,Cropping,225322818,34.023746,0,NA,NA,NA,NA,NA,NA,NA,NA,NA,NA,NA,NA,NA,NA,NA,NA,NA,NA,NA,NA,NA,NA,NA,NA,NA,NA
MANAGE_02955,Joint Genome Institute (JGI),DOE Joint Genome Institute  (JGI),NA,United States,WA,46.781308,-117.0847,9,Cropping,332820458,50.255889,0,NA,NA,NA,NA,NA,NA,NA,NA,NA,NA,NA,NA,NA,NA,NA,NA,NA,NA,NA,NA,NA,NA,NA,NA,NA,NA
MANAGE_02956,Joint Genome Institute (JGI),DOE Joint Genome Institute  (JGI),NA,United States,WA,46.781416,-117.08482,9,Cropping,287725834,43.446601,1,NA,NA,NA,NA,NA,NA,NA,NA,NA,NA,NA,NA,NA,NA,NA,NA,NA,NA,NA,NA,NA,NA,NA,NA,NA,NA
MANAGE_02957,Joint Genome Institute (JGI),DOE Joint Genome Institute  (JGI),NA,United States,WA,46.781308,-117.0847,9,Cropping,184555072,27.867816,3,NA,NA,NA,NA,NA,NA,NA,NA,NA,NA,NA,NA,NA,NA,NA,NA,NA,NA,NA,NA,NA,NA,NA,NA,NA,NA
MANAGE_02958,Joint Genome Institute (JGI),DOE Joint Genome Institute  (JGI),NA,United States,WA,46.781049,-117.08624,9,Cropping,296380942,44.753522,2,NA,NA,NA,NA,NA,NA,NA,NA,NA,NA,NA,NA,NA,NA,NA,NA,NA,NA,NA,NA,NA,NA,NA,NA,NA,NA
MANAGE_02959,Joint Genome Institute (JGI),DOE Joint Genome Institute  (JGI),NA,United States,WA,46.781416,-117.08482,9,Cropping,429825672,64.903676,2,NA,NA,NA,NA,NA,NA,NA,NA,NA,NA,NA,NA,NA,NA,NA,NA,NA,NA,NA,NA,NA,NA,NA,NA,NA,NA
MANAGE_02960,Joint Genome Institute (JGI),DOE Joint Genome Institute  (JGI),NA,United States,WA,46.781206,-117.08462,9,Cropping,408427042,61.672483,9,NA,NA,NA,NA,NA,NA,NA,NA,NA,NA,NA,NA,NA,NA,NA,NA,NA,NA,NA,NA,NA,NA,NA,NA,NA,NA
MANAGE_02961,Joint Genome Institute (JGI),DOE Joint Genome Institute  (JGI),NA,United States,WA,46.781194,-117.08473,9,Cropping,367286680,55.460289,3,NA,NA,NA,NA,NA,NA,NA,NA,NA,NA,NA,NA,NA,NA,NA,NA,NA,NA,NA,NA,NA,NA,NA,NA,NA,NA
MANAGE_02962,Joint Genome Institute (JGI),DOE Joint Genome Institute  (JGI),NA,United States,WA,46.781524,-117.08469,9,Cropping,475191176,71.753868,2,NA,NA,NA,NA,NA,NA,NA,NA,NA,NA,NA,NA,NA,NA,NA,NA,NA,NA,NA,NA,NA,NA,NA,NA,NA,NA
MANAGE_02963,Joint Genome Institute (JGI),DOE Joint Genome Institute  (JGI),NA,United States,WA,46.7811534,-117.08046,9,Cropping,339706132,51.295626,4,NA,NA,NA,NA,NA,NA,NA,NA,NA,NA,NA,NA,NA,NA,NA,NA,NA,NA,NA,NA,NA,NA,NA,NA,NA,NA
MANAGE_02964,Joint Genome Institute (JGI),DOE Joint Genome Institute  (JGI),NA,United States,WA,46.781883,-117.0835,9,Cropping,267143944,40.338736,8,NA,NA,NA,NA,NA,NA,NA,NA,NA,NA,NA,NA,NA,NA,NA,NA,NA,NA,NA,NA,NA,NA,NA,NA,NA,NA
MANAGE_02965,Joint Genome Institute (JGI),DOE Joint Genome Institute  (JGI),NA,United States,WA,46.781524,-117.08469,9,Cropping,371840676,56.147942,1,NA,NA,NA,NA,NA,NA,NA,NA,NA,NA,NA,NA,NA,NA,NA,NA,NA,NA,NA,NA,NA,NA,NA,NA,NA,NA
MANAGE_02966,Joint Genome Institute (JGI),DOE Joint Genome Institute  (JGI),NA,United States,WA,46.7811534,-117.08046,9,Cropping,350458230,52.919193,5,NA,NA,NA,NA,NA,NA,NA,NA,NA,NA,NA,NA,NA,NA,NA,NA,NA,NA,NA,NA,NA,NA,NA,NA,NA,NA
MANAGE_02967,Joint Genome Institute (JGI),DOE Joint Genome Institute  (JGI),NA,United States,WA,46.781049,-117.08624,9,Cropping,364988294,55.113232000000004,3,NA,NA,NA,NA,NA,NA,NA,NA,NA,NA,NA,NA,NA,NA,NA,NA,NA,NA,NA,NA,NA,NA,NA,NA,NA,NA
MANAGE_02968,Joint Genome Institute (JGI),DOE Joint Genome Institute  (JGI),NA,United States,WA,46.781524,-117.08469,9,Cropping,377246470,56.964217,0,NA,NA,NA,NA,NA,NA,NA,NA,NA,NA,NA,NA,NA,NA,NA,NA,NA,NA,NA,NA,NA,NA,NA,NA,NA,NA
MANAGE_02969,Joint Genome Institute (JGI),DOE Joint Genome Institute  (JGI),NA,United States,WA,46.7811534,-117.08046,9,Cropping,306782398,46.324142,1,NA,NA,NA,NA,NA,NA,NA,NA,NA,NA,NA,NA,NA,NA,NA,NA,NA,NA,NA,NA,NA,NA,NA,NA,NA,NA
MANAGE_02970,Joint Genome Institute (JGI),DOE Joint Genome Institute  (JGI),NA,United States,WA,46.781524,-117.08469,9,Cropping,324421366,48.987626,0,NA,NA,NA,NA,NA,NA,NA,NA,NA,NA,NA,NA,NA,NA,NA,NA,NA,NA,NA,NA,NA,NA,NA,NA,NA,NA
MANAGE_02971,Joint Genome Institute (JGI),DOE Joint Genome Institute  (JGI),NA,United States,WA,46.781206,-117.08462,9,Cropping,211162004,31.885463,0,NA,NA,NA,NA,NA,NA,NA,NA,NA,NA,NA,NA,NA,NA,NA,NA,NA,NA,NA,NA,NA,NA,NA,NA,NA,NA
MANAGE_02972,Joint Genome Institute (JGI),DOE Joint Genome Institute  (JGI),NA,United States,WA,46.779637,-117.08617,9,Cropping,315009780,47.566477,0,NA,NA,NA,NA,NA,NA,NA,NA,NA,NA,NA,NA,NA,NA,NA,NA,NA,NA,NA,NA,NA,NA,NA,NA,NA,NA
MANAGE_02973,Joint Genome Institute (JGI),DOE Joint Genome Institute  (JGI),NA,United States,WA,46.781206,-117.08462,9,Cropping,297660788,44.946779,2,NA,NA,NA,NA,NA,NA,NA,NA,NA,NA,NA,NA,NA,NA,NA,NA,NA,NA,NA,NA,NA,NA,NA,NA,NA,NA
MANAGE_02974,Joint Genome Institute (JGI),DOE Joint Genome Institute  (JGI),NA,United States,WA,46.25,-119.73,9,Cropping,623910326,94.210459,0,NA,NA,NA,NA,NA,NA,NA,NA,NA,NA,NA,NA,NA,NA,NA,NA,NA,NA,NA,NA,NA,NA,NA,NA,NA,NA
MANAGE_02975,Joint Genome Institute (JGI),DOE Joint Genome Institute  (JGI),NA,United States,WA,46.781883,-117.0835,9,Cropping,300547976,45.382744,0,NA,NA,NA,NA,NA,NA,NA,NA,NA,NA,NA,NA,NA,NA,NA,NA,NA,NA,NA,NA,NA,NA,NA,NA,NA,NA
MANAGE_02976,Joint Genome Institute (JGI),DOE Joint Genome Institute  (JGI),NA,United States,WA,46.781883,-117.0835,9,Cropping,283481654,42.80573,2,NA,NA,NA,NA,NA,NA,NA,NA,NA,NA,NA,NA,NA,NA,NA,NA,NA,NA,NA,NA,NA,NA,NA,NA,NA,NA
MANAGE_02977,Joint Genome Institute (JGI),DOE Joint Genome Institute  (JGI),NA,United States,WA,46.781301,-117.08253,9,Cropping,267435938,40.382827,5,NA,NA,NA,NA,NA,NA,NA,NA,NA,NA,NA,NA,NA,NA,NA,NA,NA,NA,NA,NA,NA,NA,NA,NA,NA,NA
MANAGE_02978,Joint Genome Institute (JGI),DOE Joint Genome Institute  (JGI),NA,United States,WA,46.25,-119.73,9,Grazing,432870820,65.363494,25,NA,NA,NA,NA,NA,NA,NA,NA,NA,NA,NA,NA,NA,NA,NA,NA,NA,NA,NA,NA,NA,NA,NA,NA,NA,NA
MANAGE_02979,Joint Genome Institute (JGI),DOE Joint Genome Institute  (JGI),NA,United States,WA,46.779637,-117.08617,9,Cropping,300150848,45.322778,1,NA,NA,NA,NA,NA,NA,NA,NA,NA,NA,NA,NA,NA,NA,NA,NA,NA,NA,NA,NA,NA,NA,NA,NA,NA,NA
MANAGE_02980,Joint Genome Institute (JGI),DOE Joint Genome Institute  (JGI),NA,United States,WA,46.781301,-117.08253,9,Cropping,273987490,41.372111,3,NA,NA,NA,NA,NA,NA,NA,NA,NA,NA,NA,NA,NA,NA,NA,NA,NA,NA,NA,NA,NA,NA,NA,NA,NA,NA
MANAGE_02981,Joint Genome Institute (JGI),DOE Joint Genome Institute  (JGI),NA,United States,WA,46.781194,-117.08473,9,Cropping,388898960,58.723743,9,NA,NA,NA,NA,NA,NA,NA,NA,NA,NA,NA,NA,NA,NA,NA,NA,NA,NA,NA,NA,NA,NA,NA,NA,NA,NA
MANAGE_02982,Joint Genome Institute (JGI),DOE Joint Genome Institute  (JGI),NA,United States,WA,46.25,-119.73,9,Grazing,424933800,64.165004,38,NA,NA,NA,NA,NA,NA,NA,NA,NA,NA,NA,NA,NA,NA,NA,NA,NA,NA,NA,NA,NA,NA,NA,NA,NA,NA
MANAGE_02983,Joint Genome Institute (JGI),DOE Joint Genome Institute  (JGI),NA,United States,WA,46.25,-119.73,9,Cropping,NA,NA,5,NA,NA,NA,NA,NA,NA,NA,NA,NA,NA,NA,NA,NA,NA,NA,NA,NA,NA,NA,NA,NA,NA,NA,NA,NA,NA
MANAGE_02984,Joint Genome Institute (JGI),DOE Joint Genome Institute  (JGI),NA,United States,WA,46.781301,-117.08253,9,Cropping,208683794,31.511253,0,NA,NA,NA,NA,NA,NA,NA,NA,NA,NA,NA,NA,NA,NA,NA,NA,NA,NA,NA,NA,NA,NA,NA,NA,NA,NA
MANAGE_02985,Joint Genome Institute (JGI),DOE Joint Genome Institute  (JGI),NA,United States,WA,46.781354,-117.08481,9,Cropping,325586394,49.163545,1,NA,NA,NA,NA,NA,NA,NA,NA,NA,NA,NA,NA,NA,NA,NA,NA,NA,NA,NA,NA,NA,NA,NA,NA,NA,NA
MANAGE_02986,Joint Genome Institute (JGI),DOE Joint Genome Institute  (JGI),NA,United States,WA,46.781883,-117.0835,9,Cropping,296728640,44.806025,2,NA,NA,NA,NA,NA,NA,NA,NA,NA,NA,NA,NA,NA,NA,NA,NA,NA,NA,NA,NA,NA,NA,NA,NA,NA,NA
MANAGE_02987,Joint Genome Institute (JGI),DOE Joint Genome Institute  (JGI),NA,United States,WA,46.781883,-117.0835,9,Cropping,321085456,48.483904,0,NA,NA,NA,NA,NA,NA,NA,NA,NA,NA,NA,NA,NA,NA,NA,NA,NA,NA,NA,NA,NA,NA,NA,NA,NA,NA
MANAGE_02988,Joint Genome Institute (JGI),DOE Joint Genome Institute  (JGI),NA,United States,WA,46.25,-119.73,9,Grazing,315557528,47.649187,16,NA,NA,NA,NA,NA,NA,NA,NA,NA,NA,NA,NA,NA,NA,NA,NA,NA,NA,NA,NA,NA,NA,NA,NA,NA,NA
MANAGE_02989,Joint Genome Institute (JGI),DOE Joint Genome Institute  (JGI),NA,United States,WA,46.781308,-117.0847,9,Cropping,242074154,36.553197,0,NA,NA,NA,NA,NA,NA,NA,NA,NA,NA,NA,NA,NA,NA,NA,NA,NA,NA,NA,NA,NA,NA,NA,NA,NA,NA
MANAGE_02990,Joint Genome Institute (JGI),DOE Joint Genome Institute  (JGI),NA,United States,WA,46.781194,-117.08473,9,Cropping,374756518,56.588234,2,NA,NA,NA,NA,NA,NA,NA,NA,NA,NA,NA,NA,NA,NA,NA,NA,NA,NA,NA,NA,NA,NA,NA,NA,NA,NA
MANAGE_02991,Joint Genome Institute (JGI),DOE Joint Genome Institute  (JGI),NA,United States,WA,46.7805,-117.08543,9,Cropping,350038746,52.855851,4,NA,NA,NA,NA,NA,NA,NA,NA,NA,NA,NA,NA,NA,NA,NA,NA,NA,NA,NA,NA,NA,NA,NA,NA,NA,NA
MANAGE_02992,Joint Genome Institute (JGI),DOE Joint Genome Institute  (JGI),NA,United States,WA,46.781301,-117.08253,9,Cropping,281846080,42.558758,0,NA,NA,NA,NA,NA,NA,NA,NA,NA,NA,NA,NA,NA,NA,NA,NA,NA,NA,NA,NA,NA,NA,NA,NA,NA,NA
MANAGE_02993,Joint Genome Institute (JGI),DOE Joint Genome Institute  (JGI),NA,United States,WA,46.779637,-117.08617,9,Cropping,413701096,62.468865,6,NA,NA,NA,NA,NA,NA,NA,NA,NA,NA,NA,NA,NA,NA,NA,NA,NA,NA,NA,NA,NA,NA,NA,NA,NA,NA
MANAGE_02994,Joint Genome Institute (JGI),DOE Joint Genome Institute  (JGI),NA,United States,WA,46.781308,-117.0847,9,Cropping,257362796,38.861782,0,NA,NA,NA,NA,NA,NA,NA,NA,NA,NA,NA,NA,NA,NA,NA,NA,NA,NA,NA,NA,NA,NA,NA,NA,NA,NA
MANAGE_02995,Joint Genome Institute (JGI),DOE Joint Genome Institute  (JGI),NA,United States,WA,46.781206,-117.08462,9,Cropping,306122632,46.224517,5,NA,NA,NA,NA,NA,NA,NA,NA,NA,NA,NA,NA,NA,NA,NA,NA,NA,NA,NA,NA,NA,NA,NA,NA,NA,NA
MANAGE_02996,Joint Genome Institute (JGI),Cornell University,NA,United States,WA,46.32,-120.01,10,Cropping,NA,NA,0,NA,NA,NA,NA,NA,NA,NA,NA,NA,NA,NA,NA,NA,NA,NA,NA,NA,NA,NA,NA,NA,NA,NA,NA,NA,NA
MANAGE_02997,Joint Genome Institute (JGI),U.S. Food and Drug Administration (FDA),NA,United States,NA,NA,NA,NA,Cropping,NA,NA,0,NA,NA,NA,NA,NA,NA,NA,NA,NA,NA,NA,NA,NA,NA,NA,NA,NA,NA,NA,NA,NA,NA,NA,NA,NA,NA
MANAGE_02998,Joint Genome Institute (JGI),U.S. Food and Drug Administration (FDA),NA,United States,NA,NA,NA,NA,Cropping,NA,NA,0,NA,NA,NA,NA,NA,NA,NA,NA,NA,NA,NA,NA,NA,NA,NA,NA,NA,NA,NA,NA,NA,NA,NA,NA,NA,NA
MANAGE_02999,Joint Genome Institute (JGI),DOE Joint Genome Institute  (JGI),NA,United States,NA,NA,NA,NA,Cropping,64349884,9.6524825,1,NA,NA,NA,NA,NA,NA,NA,NA,NA,NA,NA,NA,NA,NA,NA,NA,NA,NA,NA,NA,NA,NA,NA,NA,NA,NA
MANAGE_03000,Joint Genome Institute (JGI),DOE Joint Genome Institute  (JGI),NA,United States,NA,NA,NA,NA,Grazing,67203710,10.0805568,1,NA,NA,NA,NA,NA,NA,NA,NA,NA,NA,NA,NA,NA,NA,NA,NA,NA,NA,NA,NA,NA,NA,NA,NA,NA,NA
MANAGE_03001,Joint Genome Institute (JGI),DOE Joint Genome Institute  (JGI),NA,United States,NA,NA,NA,NA,Cropping,66113770,9.917066,1,NA,NA,NA,NA,NA,NA,NA,NA,NA,NA,NA,NA,NA,NA,NA,NA,NA,NA,NA,NA,NA,NA,NA,NA,NA,NA
MANAGE_03002,Joint Genome Institute (JGI),DOE Joint Genome Institute  (JGI),NA,United States,NA,NA,NA,NA,Grazing,69878708,10.481806,1,NA,NA,NA,NA,NA,NA,NA,NA,NA,NA,NA,NA,NA,NA,NA,NA,NA,NA,NA,NA,NA,NA,NA,NA,NA,NA
MANAGE_03003,Joint Genome Institute (JGI),DOE Joint Genome Institute  (JGI),NA,United States,NA,NA,NA,NA,Grazing,71478774,10.721816,1,NA,NA,NA,NA,NA,NA,NA,NA,NA,NA,NA,NA,NA,NA,NA,NA,NA,NA,NA,NA,NA,NA,NA,NA,NA,NA
MANAGE_03004,Joint Genome Institute (JGI),DOE Joint Genome Institute  (JGI),NA,United States,NA,NA,NA,NA,Grazing,64952054,9.742808,1,NA,NA,NA,NA,NA,NA,NA,NA,NA,NA,NA,NA,NA,NA,NA,NA,NA,NA,NA,NA,NA,NA,NA,NA,NA,NA
MANAGE_03005,Joint Genome Institute (JGI),DOE Joint Genome Institute  (JGI),NA,United States,NA,NA,NA,NA,Grazing,38585762,5.787864,1,NA,NA,NA,NA,NA,NA,NA,NA,NA,NA,NA,NA,NA,NA,NA,NA,NA,NA,NA,NA,NA,NA,NA,NA,NA,NA
MANAGE_03006,Joint Genome Institute (JGI),DOE Joint Genome Institute  (JGI),NA,United States,NA,NA,NA,NA,Grazing,69059936,10.358991,1,NA,NA,NA,NA,NA,NA,NA,NA,NA,NA,NA,NA,NA,NA,NA,NA,NA,NA,NA,NA,NA,NA,NA,NA,NA,NA
MANAGE_03007,Joint Genome Institute (JGI),DOE Joint Genome Institute  (JGI),NA,United States,NA,NA,NA,NA,Grazing,61478552,9.221782,1,NA,NA,NA,NA,NA,NA,NA,NA,NA,NA,NA,NA,NA,NA,NA,NA,NA,NA,NA,NA,NA,NA,NA,NA,NA,NA
MANAGE_03008,Joint Genome Institute (JGI),DOE Joint Genome Institute  (JGI),NA,United States,NA,NA,NA,NA,Grazing,30382030,4.557305,1,NA,NA,NA,NA,NA,NA,NA,NA,NA,NA,NA,NA,NA,NA,NA,NA,NA,NA,NA,NA,NA,NA,NA,NA,NA,NA
MANAGE_03009,Joint Genome Institute (JGI),DOE Joint Genome Institute  (JGI),NA,United States,NA,NA,NA,NA,Cropping,31013518,4.652028,1,NA,NA,NA,NA,NA,NA,NA,NA,NA,NA,NA,NA,NA,NA,NA,NA,NA,NA,NA,NA,NA,NA,NA,NA,NA,NA
MANAGE_03010,Joint Genome Institute (JGI),DOE Joint Genome Institute  (JGI),NA,United States,NA,NA,NA,NA,Grazing,43398764,6.509815,1,NA,NA,NA,NA,NA,NA,NA,NA,NA,NA,NA,NA,NA,NA,NA,NA,NA,NA,NA,NA,NA,NA,NA,NA,NA,NA
MANAGE_03011,Joint Genome Institute (JGI),DOE Joint Genome Institute  (JGI),NA,United States,NA,NA,NA,NA,Grazing,17386196,2.607929,1,NA,NA,NA,NA,NA,NA,NA,NA,NA,NA,NA,NA,NA,NA,NA,NA,NA,NA,NA,NA,NA,NA,NA,NA,NA,NA
MANAGE_03012,Joint Genome Institute (JGI),DOE Joint Genome Institute  (JGI),NA,United States,NA,NA,NA,NA,Cropping,39683336,5.9525,1,NA,NA,NA,NA,NA,NA,NA,NA,NA,NA,NA,NA,NA,NA,NA,NA,NA,NA,NA,NA,NA,NA,NA,NA,NA,NA
MANAGE_03013,Joint Genome Institute (JGI),DOE Joint Genome Institute  (JGI),NA,United States,NA,NA,NA,NA,Grazing,30509020,4.576353,1,NA,NA,NA,NA,NA,NA,NA,NA,NA,NA,NA,NA,NA,NA,NA,NA,NA,NA,NA,NA,NA,NA,NA,NA,NA,NA
MANAGE_03014,Joint Genome Institute (JGI),DOE Joint Genome Institute  (JGI),NA,United States,NA,NA,NA,NA,Grazing,36226356,5.433953,1,NA,NA,NA,NA,NA,NA,NA,NA,NA,NA,NA,NA,NA,NA,NA,NA,NA,NA,NA,NA,NA,NA,NA,NA,NA,NA
MANAGE_03015,Joint Genome Institute (JGI),DOE Joint Genome Institute  (JGI),NA,United States,NA,NA,NA,NA,Grazing,23750950,3.562643,1,NA,NA,NA,NA,NA,NA,NA,NA,NA,NA,NA,NA,NA,NA,NA,NA,NA,NA,NA,NA,NA,NA,NA,NA,NA,NA
MANAGE_03016,Joint Genome Institute (JGI),DOE Joint Genome Institute  (JGI),NA,United States,NA,NA,NA,NA,Grazing,37011256,5.551689,1,NA,NA,NA,NA,NA,NA,NA,NA,NA,NA,NA,NA,NA,NA,NA,NA,NA,NA,NA,NA,NA,NA,NA,NA,NA,NA
MANAGE_03017,Joint Genome Institute (JGI),DOE Joint Genome Institute  (JGI),NA,United States,NA,NA,NA,NA,Grazing,55359270,8.30389,1,NA,NA,NA,NA,NA,NA,NA,NA,NA,NA,NA,NA,NA,NA,NA,NA,NA,NA,NA,NA,NA,NA,NA,NA,NA,NA
MANAGE_03018,Joint Genome Institute (JGI),DOE Joint Genome Institute  (JGI),NA,United States,NA,NA,NA,NA,Grazing,49544656,7.431699,1,NA,NA,NA,NA,NA,NA,NA,NA,NA,NA,NA,NA,NA,NA,NA,NA,NA,NA,NA,NA,NA,NA,NA,NA,NA,NA
MANAGE_03019,Joint Genome Institute (JGI),DOE Joint Genome Institute  (JGI),NA,United States,NA,NA,NA,NA,Grazing,37178204,5.57673,1,NA,NA,NA,NA,NA,NA,NA,NA,NA,NA,NA,NA,NA,NA,NA,NA,NA,NA,NA,NA,NA,NA,NA,NA,NA,NA
MANAGE_03020,Joint Genome Institute (JGI),DOE Joint Genome Institute  (JGI),NA,United States,NA,NA,NA,NA,Grazing,39485368,5.922806,1,NA,NA,NA,NA,NA,NA,NA,NA,NA,NA,NA,NA,NA,NA,NA,NA,NA,NA,NA,NA,NA,NA,NA,NA,NA,NA
MANAGE_03021,Joint Genome Institute (JGI),DOE Joint Genome Institute  (JGI),NA,United States,NA,NA,NA,NA,Grazing,46914358,7.037154,1,NA,NA,NA,NA,NA,NA,NA,NA,NA,NA,NA,NA,NA,NA,NA,NA,NA,NA,NA,NA,NA,NA,NA,NA,NA,NA
MANAGE_03022,Joint Genome Institute (JGI),DOE Joint Genome Institute  (JGI),NA,United States,NA,NA,NA,NA,Grazing,38086444,5.712967,1,NA,NA,NA,NA,NA,NA,NA,NA,NA,NA,NA,NA,NA,NA,NA,NA,NA,NA,NA,NA,NA,NA,NA,NA,NA,NA
MANAGE_03023,Joint Genome Institute (JGI),DOE Joint Genome Institute  (JGI),NA,United States,NA,NA,NA,NA,Grazing,62161930,9.32429,1,NA,NA,NA,NA,NA,NA,NA,NA,NA,NA,NA,NA,NA,NA,NA,NA,NA,NA,NA,NA,NA,NA,NA,NA,NA,NA
MANAGE_03024,Joint Genome Institute (JGI),DOE Joint Genome Institute  (JGI),NA,United States,NA,NA,NA,NA,Grazing,24419092,3.687283,1,NA,NA,NA,NA,NA,NA,NA,NA,NA,NA,NA,NA,NA,NA,NA,NA,NA,NA,NA,NA,NA,NA,NA,NA,NA,NA
MANAGE_03025,Joint Genome Institute (JGI),Pacific Biosciences,NA,United States,MO,39.0902,-94.5707,1,Cropping,NA,NA,0,NA,NA,NA,NA,NA,NA,NA,NA,NA,NA,NA,NA,NA,NA,NA,NA,NA,NA,NA,NA,NA,NA,NA,NA,NA,NA
MANAGE_03026,Joint Genome Institute (JGI),"U.S. Department of Agriculture, Agricultural Research Service, Donald Danforth Plant Science Center",NA,United States,MS,32.95,-90.51,1,Cropping,NA,NA,0,NA,NA,NA,NA,NA,NA,NA,NA,NA,NA,NA,NA,NA,NA,NA,NA,NA,NA,NA,NA,NA,NA,NA,NA,NA,NA
MANAGE_03027,Joint Genome Institute (JGI),"Center for Food Safety and Applied Nutrition, FDA (FDA/CFSAN)",NA,United States,NA,NA,NA,NA,Cropping,NA,NA,0,NA,NA,NA,NA,NA,NA,NA,NA,NA,NA,NA,NA,NA,NA,NA,NA,NA,NA,NA,NA,NA,NA,NA,NA,NA,NA
MANAGE_03028,Joint Genome Institute (JGI),DOE Joint Genome Institute  (JGI),NA,United States,MI,42.3956,-85.3757,9,Cropping,NA,NA,1,NA,NA,NA,NA,NA,NA,NA,NA,NA,NA,NA,NA,NA,NA,NA,NA,NA,NA,NA,NA,NA,NA,NA,NA,NA,NA
MANAGE_03029,Joint Genome Institute (JGI),DOE Joint Genome Institute  (JGI),NA,United States,NA,NA,NA,NA,Cropping,NA,NA,1,NA,NA,NA,NA,NA,NA,NA,NA,NA,NA,NA,NA,NA,NA,NA,NA,NA,NA,NA,NA,NA,NA,NA,NA,NA,NA
MANAGE_03030,Joint Genome Institute (JGI),DOE Joint Genome Institute  (JGI),NA,United States,WI,43.073,-89.4011,3,Grazing,16567084,2.50163,11,NA,NA,NA,NA,NA,NA,NA,NA,NA,NA,NA,NA,NA,NA,NA,NA,NA,NA,NA,NA,NA,NA,NA,NA,NA,NA
MANAGE_03031,Joint Genome Institute (JGI),DOE Joint Genome Institute  (JGI),NA,United States,CO,40.822,-104.7128,2,Grazing,91178448,13.767946,6,NA,NA,NA,NA,NA,NA,NA,NA,NA,NA,NA,NA,NA,NA,NA,NA,NA,NA,NA,NA,NA,NA,NA,NA,NA,NA
MANAGE_03032,Joint Genome Institute (JGI),DOE Joint Genome Institute  (JGI),NA,United States,CO,40.6529,-104.9995,2,Cropping,2360749832,356.473225,113,NA,NA,NA,NA,NA,NA,NA,NA,NA,NA,NA,NA,NA,NA,NA,NA,NA,NA,NA,NA,NA,NA,NA,NA,NA,NA
MANAGE_03033,MANAGE Research Network,DOE Joint Genome Institute  (JGI),NA,United States,MA,41.551919,-70.635356,NA,Grazing,393421190,59.4066,1,15.8,NA,NA,NA,NA,0.1,NA,NA,NA,NA,0.05,0.24,0.64,0.7,0.07,0.5,153,0.3,11,0.23,4.56,NA,NA,72,10,18
MANAGE_03034,Joint Genome Institute (JGI),DOE Joint Genome Institute  (JGI),NA,United States,WA,46.9045,-120.6241,2,Grazing,229850124,34.707369,0,NA,NA,NA,NA,NA,NA,NA,NA,NA,NA,NA,NA,NA,NA,NA,NA,NA,NA,NA,NA,7.16,NA,NA,NA,NA,NA
MANAGE_03035,MANAGE Research Network,DOE Joint Genome Institute  (JGI),NA,United States,OR,44.6542,-121.7196,11,Grazing,546061146,82.455233,16,51.3,NA,NA,NA,NA,0.1,1.3,15.03,NA,3.47,0.2,0.39,2.68,22.5,0.07,0.4,15,0.2,5,0.08,6.8,NA,NA,73.64,8.11,18.25
MANAGE_03036,MANAGE Research Network,DOE Joint Genome Institute  (JGI),NA,United States,OR,44.6464,-121.7101,11,Grazing,520729060,78.630088,12,32.4,NA,NA,NA,NA,0.12,1.56,3.91,NA,7.55,0.1,0.2,1.3,1,0.03,0.3,12,0.3,4,0.07,6.51,NA,NA,74.93,8.36,16.72
MANAGE_03037,MANAGE Research Network,DOE Joint Genome Institute  (JGI),NA,United States,WA,46.251755,-119.72884,9,Cropping,798168260,120.523407,23,2.5,NA,NA,NA,NA,0.04,8.6,0.69,NA,NA,0.92,2.02,11.44,7.8,0.1,1.8,15,0.6,5,0.92,8.58,NA,NA,54.02,10,35.99
MANAGE_03038,MANAGE Research Network,DOE Joint Genome Institute  (JGI),NA,United States,OR,44.6663,-121.7191,11,Grazing,435132264,65.704972,7,69.3,NA,NA,NA,NA,0.2,1.25,1.72,NA,3.39,0.38,0.48,2.6,17.1,0.06,1.3,76,0.2,11,0.07,6.22,NA,NA,67.49,8.13,24.38
MANAGE_03039,MANAGE Research Network,DOE Joint Genome Institute  (JGI),NA,United States,WA,46.251743,-119.72873,9,Cropping,435888210,65.81912,19,23.1,NA,NA,NA,NA,0.23,8.44,1.31,NA,NA,1.42,2.68,15.3,3.4,0.1,0.6,10,0.6,2,0.35,7.71,NA,NA,60.09,11.97,27.94
MANAGE_03040,MANAGE Research Network,DOE Joint Genome Institute  (JGI),NA,United States,MA,41.553175,-70.639839,NA,Grazing,438342184,66.18967,15,21.9,NA,NA,NA,NA,0.22,NA,NA,NA,NA,0.14,0.95,3.61,6.1,0.09,1,95,0.5,10,0.2,5.81,NA,NA,42.01,18,39.99
MANAGE_03041,MANAGE Research Network,DOE Joint Genome Institute  (JGI),NA,United States,WA,46.9045,-120.6241,2,Grazing,473515794,71.500885,19,14.8,NA,NA,NA,NA,0.19,1.64,21.2,NA,35.39,3.12,1.86,6.53,13.3,0.09,1.6,33,0.7,5,0.77,7.34,NA,NA,64.06,13.98,21.96
MANAGE_03042,MANAGE Research Network,DOE Joint Genome Institute  (JGI),NA,United States,WA,46.9045,-120.6241,2,Grazing,370469846,55.940947,12,7.6,NA,NA,NA,NA,0.13,5.85,0.76,NA,8.23,1.41,2.33,6.67,3.4,0.08,0.01,17,0.7,3,0.21,7.16,NA,NA,56.03,15.99,27.98
MANAGE_03043,MANAGE Research Network,DOE Joint Genome Institute  (JGI),NA,United States,WA,46.9216469,-120.65864,2,Grazing,308541714,46.589799,2,9.4,NA,NA,NA,NA,0.1,NA,NA,NA,NA,1.44,2.2,6.29,4.1,0.04,0.2,16,0.3,2,0.25,6.73,NA,NA,55.3,16.25,28.44
MANAGE_03044,Joint Genome Institute (JGI),DOE Joint Genome Institute  (JGI),NA,United States,IL,41.836701,-88.239708,9,Cropping,NA,NA,0,NA,NA,NA,NA,NA,NA,NA,NA,NA,NA,NA,NA,NA,NA,NA,NA,NA,NA,NA,NA,NA,NA,NA,NA,NA,NA
MANAGE_03045,MANAGE Research Network,DOE Joint Genome Institute  (JGI),NA,United States,WA,46.251755,-119.72884,9,Cropping,393855002,59.472105,8,17.3,NA,NA,NA,NA,0.18,4.36,2.01,NA,NA,3.84,2.49,9.98,4.8,0.09,1.4,15,0.6,11,0.76,8.09,NA,NA,56.1,11.97,31.93
MANAGE_03046,MANAGE Research Network,DOE Joint Genome Institute  (JGI),NA,United States,MA,41.553175,-70.639839,NA,Grazing,393279878,59.385262,29,12.6,NA,NA,NA,NA,0.14,NA,NA,NA,NA,0.03,0.64,3.64,10.2,0.1,1.6,40,0.7,10,0.31,6.42,NA,NA,40.11,17.97,41.92
MANAGE_03047,MANAGE Research Network,DOE Joint Genome Institute  (JGI),NA,United States,WA,46.9216469,-120.65864,2,Grazing,469813982,70.941911,5,18,NA,NA,NA,NA,0.17,NA,NA,NA,NA,1.33,2.3,7.85,8.4,0.04,1.4,28,0.4,5,0.29,6.62,NA,NA,60.06,15.98,23.97
MANAGE_03048,MANAGE Research Network,DOE Joint Genome Institute  (JGI),NA,United States,MA,41.551919,-70.635356,NA,Grazing,412207652,62.243355,28,169.4,NA,NA,NA,NA,0.74,NA,NA,NA,NA,0.25,0.84,0.9,1.1,0.2,1.2,35,0.1,2,0.36,3.72,NA,NA,69.11,8.83,22.07
MANAGE_03049,MANAGE Research Network,DOE Joint Genome Institute  (JGI),NA,United States,WA,46.251743,-119.72873,9,Cropping,901265656,136.091114,1,8.5,NA,NA,NA,NA,0.09,1.17,1.52,NA,NA,1.53,1.74,11.13,3.9,0.15,4.6,16,2.5,8,0.51,7.75,NA,NA,58.02,10,31.99
MANAGE_03050,Joint Genome Institute (JGI),DOE Joint Genome Institute  (JGI),NA,United States,TX,33.40613,-97.594,10,Grazing,495452602,74.813343,28,NA,NA,NA,NA,NA,NA,NA,NA,NA,NA,NA,NA,NA,NA,NA,NA,NA,NA,NA,NA,NA,NA,NA,NA,NA,NA
MANAGE_03051,Joint Genome Institute (JGI),DOE Joint Genome Institute  (JGI),NA,United States,NM,32.6661472,-106.83768,10,Cropping,347434930,52.462674,28,NA,NA,NA,NA,NA,NA,NA,NA,NA,NA,NA,NA,NA,NA,NA,NA,NA,NA,NA,NA,NA,NA,NA,NA,NA,NA
MANAGE_03052,Joint Genome Institute (JGI),Battelle Memorial Institute,NA,United States,PR,18.022074,-67.075175,NA,Cropping,NA,NA,0,NA,NA,NA,NA,NA,NA,NA,NA,NA,NA,NA,NA,NA,NA,NA,NA,NA,NA,NA,NA,NA,NA,NA,NA,NA,NA
MANAGE_03053,Joint Genome Institute (JGI),DOE Joint Genome Institute  (JGI),NA,United States,ND,47.16231,-99.110281,3,Cropping,679102180,102.544429,8,NA,NA,NA,NA,NA,NA,NA,NA,NA,NA,NA,NA,NA,NA,NA,NA,NA,NA,NA,NA,NA,NA,NA,NA,NA,NA
MANAGE_03054,Joint Genome Institute (JGI),Indigo Agriculture,NA,United States,NA,NA,NA,NA,Cropping,NA,NA,0,NA,NA,NA,NA,NA,NA,NA,NA,NA,NA,NA,NA,NA,NA,NA,NA,NA,NA,NA,NA,NA,NA,NA,NA,NA,NA
MANAGE_03055,Joint Genome Institute (JGI),Wadsworth Center,NA,United States,NA,NA,NA,NA,Cropping,NA,NA,0,NA,NA,NA,NA,NA,NA,NA,NA,NA,NA,NA,NA,NA,NA,NA,NA,NA,NA,NA,NA,NA,NA,NA,NA,NA,NA
MANAGE_03056,Joint Genome Institute (JGI),Oregon State University,NA,United States,NA,NA,NA,NA,Cropping,NA,NA,0,NA,NA,NA,NA,NA,NA,NA,NA,NA,NA,NA,NA,NA,NA,NA,NA,NA,NA,NA,NA,NA,NA,NA,NA,NA,NA
MANAGE_03057,Joint Genome Institute (JGI),Mississippi State University,NA,United States,MS,33.8,-90.34,1,Cropping,NA,NA,0,NA,NA,NA,NA,NA,NA,NA,NA,NA,NA,NA,NA,NA,NA,NA,NA,NA,NA,NA,NA,NA,NA,NA,NA,NA,NA
MANAGE_03058,Joint Genome Institute (JGI),U.S. Food and Drug Administration (FDA),NA,United States,NA,NA,NA,NA,Cropping,NA,NA,0,NA,NA,NA,NA,NA,NA,NA,NA,NA,NA,NA,NA,NA,NA,NA,NA,NA,NA,NA,NA,NA,NA,NA,NA,NA,NA
MANAGE_03059,MANAGE Research Network,Colorado State University Sequencing Core,NA,United States,NA,NA,NA,NA,Cropping,41675414,6.262795,1,36,32.48,5.6,NA,NA,0.31,24.18,2.29,77.2,51,1621,431,2999,NA,246,5.63,15.61,NA,NA,NA,8,NA,Sandy Loam,56.67,12.74,30.58
MANAGE_03060,MANAGE Research Network,Colorado State University Sequencing Core,NA,United States,CO,40.5179096,-102.61095,2,Cropping,45200258,6.70979,0,11.3205,10.9392,1.9,NA,NA,1.13205,3.171247357,0.674157303,24.15751408,3.982454378,311.1759275,72.42016239,439.7485402,0.401168133,0.349000183,0,6.917169253,1.817762961,NA,0,7.3,1.578331978,Sandy Loam,57,18.4,24.6
MANAGE_03061,MANAGE Research Network,Colorado State University Sequencing Core,NA,United States,CO,40.5179096,-102.61095,2,Cropping,46817338,6.954427,0,10.4867,10.4867,1.8,NA,NA,0.110072,4.809725159,2.02247191,25.39032642,10.22159548,561.5527519,211.4990283,430.101021,19.96353856,0,0,15.85453822,1.703886117,NA,0,6.27,1.388497832,Loam,44,22.4,33.6
MANAGE_03062,MANAGE Research Network,Colorado State University Sequencing Core,NA,United States,WY,41.4366952,-104.1324,2,Cropping,47824159,7.104837,2,11.4298,11.4298,2,NA,NA,0.119378,7.714285714,0,35.78772232,2.514196134,380.405618,124.6267201,352.9444511,28.08192163,1.47340097,0,13.7233182,1.236580403,NA,0,5.91,1.288173283,Sandy Loam,57,17,26
MANAGE_03063,MANAGE Research Network,Colorado State University Sequencing Core,NA,United States,NM,34.6009768,-103.22004,9,Cropping,49619262,7.354008,1,9.82087,9.82087,1.7,NA,NA,0.106801,21.28571429,2.168674699,18.64010664,0,358.976141,355.7300829,332.7762582,5.193455071,41.6816051,0,8.273384889,2.05807249,NA,0,7.4,1.088100031,Clay Loam,42,30,28
MANAGE_03064,MANAGE Research Network,Colorado State University Sequencing Core,NA,United States,CO,38.3098376,-108.59401,2,Cropping,50397512,7.54935,1,22.59,25.462,4.4,NA,NA,0.186,19.23,3.85,16.4,0,311,239,3352,NA,4,13.18,12.25,NA,NA,NA,7.8,NA,Sandy Clay Loam,46.44,28.06,25.5
MANAGE_03065,MANAGE Research Network,Colorado State University Sequencing Core,NA,United States,CO,39.2798,-107.035,8,Cropping,50939720,7.570989,2,65.96,53.534,9.2,NA,NA,0.522,8.64,0,85.6,13,309,403,5583,NA,20,4.46,46.89,NA,NA,NA,7.8,NA,Clay Loam,30.57,30.86,38.57
MANAGE_03066,MANAGE Research Network,Colorado State University Sequencing Core,NA,United States,CO,40.8556385,-102.15755,2,Cropping,51609776,7.646641,0,11.0869,11.0869,1.9,NA,NA,0.122149,27.94577685,1.408450704,16.05204424,17.31566667,779.3051927,140.2827763,455.8281284,51.70147694,0,0,38.42386966,1.311974261,NA,0,5.7,1.257119306,Loam,39.33333333,19.86666667,40.8
MANAGE_03067,MANAGE Research Network,Colorado State University Sequencing Core,NA,United States,CO,40.5179096,-102.61095,2,Cropping,52513808,7.800433,0,8.34704,8.34704,1.4,NA,NA,0.834704,6.078224101,1.573033708,14.18175358,10.8472532,473.4872558,237.1092812,408.7738534,31.60441861,0,0,21.43703815,1.875767285,NA,0,6.05,1.531314897,Loam,46,22.4,31.6
MANAGE_03068,MANAGE Research Network,Colorado State University Sequencing Core,NA,United States,NA,NA,NA,NA,Cropping,53081598,7.955334,1,21.25,21.576,3.7,NA,NA,0.195,14.68,4.02,6.5,24,370,309,3139,NA,31,3.37,5.96,NA,NA,NA,7.7,NA,Sandy Clay Loam,61.79,20.38,17.83
MANAGE_03069,MANAGE Research Network,Colorado State University Sequencing Core,NA,United States,NA,NA,NA,NA,Cropping,53514740,7.960022,0,10.4,14.268,2.5,NA,NA,0.1,1.65,0,45.6,14,938,542,3758,NA,121,0.32,5.16,NA,NA,NA,8.1,NA,Silty Loam,36.56,27.19,36.25
MANAGE_03070,MANAGE Research Network,Colorado State University Sequencing Core,NA,United States,CO,37.3461659,-108.25673,8,Cropping,53974864,8.10336,1,39.53,39.556,6.8,NA,NA,0.333,11.65,0,54.8,20,347,448,3280,NA,18,0.48,39.92,NA,NA,NA,7.8,NA,Loam,43.85,21.7,34.46
MANAGE_03071,MANAGE Research Network,Colorado State University Sequencing Core,NA,United States,CO,39.5516324,-106.76237,2,Cropping,54162594,8.145103,1,32.22,31.552,5.4,NA,NA,0.253,10.6,3.27,109.7,13,691,246,2921,NA,7,1.82,34.08,NA,NA,NA,7.6,NA,Loam,45.68,15.52,38.8
MANAGE_03072,MANAGE Research Network,Colorado State University Sequencing Core,NA,United States,CO,40.8508386,-102.25937,2,Cropping,55166474,8.180607,0,12.7262,12.7262,2.2,NA,NA,0.131552,50.10427529,1.509054326,11.52503875,13.66026578,689.5209771,175.6378795,403.026857,57.13971907,0,0,34.87526627,1.528440306,NA,0,5.72,1.231725118,Loam,32.66666667,22.93333333,44.4
MANAGE_03073,MANAGE Research Network,Colorado State University Sequencing Core,NA,United States,CO,37.3573964,-108.24303,2,Cropping,54661840,8.195422,6,41.3,28.42,4.9,NA,NA,0.327,4.68,0,21.4,1,541,605,3571,NA,102,1.27,21.68,NA,NA,NA,7.9,NA,Silty Clay,11.46,49.48,39.06
MANAGE_03074,MANAGE Research Network,Colorado State University Sequencing Core,NA,United States,CO,40.6079163,-105.08039,2,Cropping,54845722,8.215608,2,44.6,35.206,6.1,NA,NA,0.33,1.01,8.56,86.1,50,3520,376,3184,NA,61,3.01,8.53,NA,NA,NA,7.8,NA,Loam,45,15,40
MANAGE_03075,MANAGE Research Network,Colorado State University Sequencing Core,NA,United States,CO,37.596536,-108.79789,2,Cropping,55975006,8.389237,0,14.5,13.34,2.3,NA,NA,0.12,2.07,1.05,0,20,224,679,7639,NA,96,0.53,5,NA,NA,NA,8.3,NA,Sandy Clay Loam,48.97,28.07,22.97
MANAGE_03076,MANAGE Research Network,Colorado State University Sequencing Core,NA,United States,CO,38.0398034,-103.69003,9,Cropping,56973308,8.426993,0,19.7749,14.5954,2.5,NA,NA,0.153115,28.46715328,2.213279678,24.30662843,2.52579279,193.2788813,412.1503491,345.8133219,8.116268905,79.49866542,3.195940269,25.70427279,5.437178422,NA,0,7.58,1.176588454,Clay Loam,34.66666667,34.93333333,30.4
MANAGE_03077,MANAGE Research Network,Colorado State University Sequencing Core,NA,United States,CO,39.1794061,-108.69694,2,Cropping,59752164,8.427323,0,27.2393,18.2236,3.1,NA,NA,0.129561,0,1.011235955,7.783367465,11.60482132,162.6891052,219.0614292,397.7867212,0,123.6214429,0,27.47156685,3.788199406,NA,0,7.83,1.368847168,Loam,35.33333333,23.46666667,41.2
MANAGE_03078,MANAGE Research Network,Colorado State University Sequencing Core,NA,United States,CO,40.1293336,-105.09289,2,Cropping,56916138,8.534659,1,15.98,16.182,2.8,NA,NA,0.125,32.22,1.47,0,45,1027,516,2707,NA,34,1.61,10.58,NA,NA,NA,7.8,NA,Loam,43.86,28.07,28.07
MANAGE_03079,MANAGE Research Network,Colorado State University Sequencing Core,NA,United States,CO,39.5312792,-107.60439,8,Cropping,57610488,8.537294,0,11.76,11.136,1.9,NA,NA,0.094,0.82,1.14,0,0,649,371,2660,NA,0,0.27,2.69,NA,NA,NA,8.3,NA,Loam,35.09,22.91,42
MANAGE_03080,MANAGE Research Network,Colorado State University Sequencing Core,NA,United States,NA,NA,NA,NA,Cropping,58298734,8.631384,0,NA,NA,NA,NA,NA,NA,NA,NA,NA,NA,NA,NA,NA,NA,NA,NA,NA,NA,NA,NA,NA,NA,NA,NA,NA,NA
MANAGE_03081,MANAGE Research Network,Colorado State University Sequencing Core,NA,United States,CO,40.8508386,-102.25937,2,Cropping,59244410,8.718073,0,15.3106,15.3106,2.6,NA,NA,0.154425,37.0177268,2.112676056,21.60347848,17.38048299,645.0915202,155.6559229,400.4482609,62.44060073,0,0,45.62559962,1.747121161,NA,0,5.67,1.147898498,Loam,27.33333333,25.86666667,46.8
MANAGE_03082,MANAGE Research Network,Colorado State University Sequencing Core,NA,United States,CO,40.8556385,-102.15755,2,Cropping,59060472,8.734853,0,17.9799,17.9799,3.1,NA,NA,0.175774,23.04483837,1.810865191,19.38877553,28.87755656,747.9186665,124.0304654,401.9169131,59.6924703,0,0,55.4665614,2.105315308,NA,0,5.78,1.151321385,Clay Loam,25.33333333,29.86666667,44.8
MANAGE_03083,MANAGE Research Network,Colorado State University Sequencing Core,NA,United States,CO,38.0309526,-103.71107,2,Cropping,58673270,8.791777,3,9.8,12.876,2.2,NA,NA,0.07,0,0,9.8,13,1024,2511,5200,NA,4198,0.51,0.31,NA,NA,NA,8.2,NA,Clay Loam,38.13,38.67,23.2
MANAGE_03084,MANAGE Research Network,Colorado State University Sequencing Core,NA,United States,CO,40.9609839,-103.15508,2,Cropping,59398210,8.814425,0,10.47,13.862,2.4,NA,NA,0.108,25.98,0,2.1,34,1262,220,1202,NA,0,0.61,30.66,NA,NA,NA,6.3,NA,Sandy Loam,56.72,15.28,28.01
MANAGE_03085,MANAGE Research Network,Colorado State University Sequencing Core,NA,United States,CO,39.057114,-108.41908,2,Cropping,59150476,8.872223,0,23.5,14.616,2.5,NA,NA,0.12,10.69,1.8,25.8,23,625,462,2600,NA,411,6.05,4.21,NA,NA,NA,8.2,NA,Loam,45.78,25.82,28.4
MANAGE_03086,MANAGE Research Network,Colorado State University Sequencing Core,NA,United States,NM,32.2019599,-106.74286,10,Cropping,60207852,8.929979,1,17.7523,10.9731,1.9,NA,NA,0.118068,0.904761905,0,17.44162413,0,376.5668627,431.8714441,328.1687198,0,289.2060808,0,20.46203638,5.737823608,NA,0.041773392,7.83,1.277496148,Clay,31,50,19
MANAGE_03087,MANAGE Research Network,Colorado State University Sequencing Core,NA,United States,CO,37.2104633,-105.4896,2,Cropping,60354822,8.943423,1,17.03,18.212,3.1,NA,NA,0.151,6.37,2.94,21.9,8,537,622,3055,NA,23,0.82,12.31,NA,NA,NA,7.9,NA,Sandy Clay Loam,54.01,22.99,22.99
MANAGE_03088,MANAGE Research Network,Colorado State University Sequencing Core,NA,United States,CO,40.4466569,-102.66185,2,Cropping,60485820,8.960745,0,7.88959,7.88959,1.4,NA,NA,0.0905709,3.22410148,1.348314607,16.91859137,13.17840156,453.4754603,149.8552683,462.2069596,23.66079061,0,0,34.55146415,2.429665714,NA,0,5.61,1.458791118,Loam,52,18.4,29.6
MANAGE_03089,MANAGE Research Network,Colorado State University Sequencing Core,NA,United States,NA,NA,NA,NA,Cropping,59847638,8.963814,0,9.27,10.092,1.7,NA,NA,0.112,10,0,54.4,23,154,198,1783,NA,17,1.68,4.93,NA,NA,NA,7.9,NA,Sandy Loam,79.79,11.37,8.84
MANAGE_03090,MANAGE Research Network,Colorado State University Sequencing Core,NA,United States,CO,37.5821643,-106.19019,2,Cropping,59813496,8.976399,0,12.93,15.544,2.7,NA,NA,0.163,25.35,0,91.1,7,379,235,2623,NA,48,2.04,7.9,NA,NA,NA,7,NA,Sandy Clay Loam,58.91,20.54,20.54
MANAGE_03091,MANAGE Research Network,Colorado State University Sequencing Core,NA,United States,CO,38.0395604,-103.69008,9,Cropping,61682094,9.005563,0,25.6977,19.4731,3.4,NA,NA,0.19098,31.28258603,3.621730382,20.77055756,7.214544319,279.5202227,539.6166226,311.2823633,5.342662749,90.68972676,4.503005206,32.89208339,6.399624551,NA,0,7.6,1.186190374,Clay,24.66666667,50.93333333,24.4
MANAGE_03092,MANAGE Research Network,Colorado State University Sequencing Core,NA,United States,CO,39.4826333,-107.94432,2,Cropping,60833344,9.008365,1,15.81,16.878,2.9,NA,NA,0.158,4.37,1.46,51.6,3,96,303,3095,NA,13,0.36,7.42,NA,NA,NA,8.1,NA,Loam,40.58,25.84,33.59
MANAGE_03093,MANAGE Research Network,Colorado State University Sequencing Core,NA,United States,CO,40.8556385,-102.15755,2,Cropping,61106824,9.016111,0,13.6149,13.6149,2.3,NA,NA,0.1341,36.54848801,1.307847082,13.25302849,10.03775645,705.8073953,233.0114567,401.2020787,35.42552031,0,0,17.9244849,1.636733687,NA,0,6.09,1.234649545,Loam,31.33333333,25.86666667,42.8
MANAGE_03094,MANAGE Research Network,Colorado State University Sequencing Core,NA,United States,CO,40.0444526,-105.14301,2,Cropping,60908728,9.016292,2,21.66,23.2,4,NA,NA,0.175,0.8,2.36,16.6,18,1207,570,1729,NA,58,1.23,42.59,NA,NA,NA,7.8,NA,Sandy Loam,72.21,15.16,12.63
MANAGE_03095,MANAGE Research Network,Colorado State University Sequencing Core,NA,United States,CO,40.1232247,-105.22647,2,Cropping,60235312,9.016798,2,14.18,19.72,3.4,NA,NA,0.144,0,3.56,36.2,29,851,383,2655,NA,0,1.04,20.48,NA,NA,NA,7.5,NA,Loam,48.87,20.45,30.68
MANAGE_03096,MANAGE Research Network,Colorado State University Sequencing Core,NA,United States,CO,37.4224068,-108.47889,2,Cropping,60848768,9.047953,2,15.53,21.634,3.7,NA,NA,0.153,52.38,1.53,29.6,9,119,416,4855,NA,24,0.81,10.23,NA,NA,NA,7.6,NA,Clay Loam,38.66,30.67,30.67
MANAGE_03097,MANAGE Research Network,Colorado State University Sequencing Core,NA,United States,CO,37.4850016,-105.85295,2,Cropping,60372166,9.060408,3,10.79,12.296,2.1,NA,NA,0.11,20.31,0,54.6,12,1985,185,1479,NA,111,0.44,4.63,NA,NA,NA,7.5,NA,Clay Loam,31.49,39.52,28.98
MANAGE_03098,MANAGE Research Network,Colorado State University Sequencing Core,NA,United States,CO,40.8556385,-102.15755,2,Cropping,61546244,9.09683,0,10.8216,10.8216,1.9,NA,NA,0.125491,30.86548488,1.106639839,11.34868688,12.89726267,599.1960957,284.8072169,384.5254136,36.99278872,0,0,27.4121399,1.417570581,NA,0,5.7,1.407465398,Loam,33.33333333,25.86666667,40.8
MANAGE_03099,MANAGE Research Network,Colorado State University Sequencing Core,NA,United States,CO,39.9197023,-103.00527,2,Cropping,61144936,9.128113,0,8.85,12.586,2.2,NA,NA,0.112,15.13,0,43.4,29,1307,258,1281,NA,28,0.7,39.74,NA,NA,NA,6.4,NA,Loam,36.12,23,40.88
MANAGE_03100,MANAGE Research Network,Colorado State University Sequencing Core,NA,United States,CO,38.38243,-107.79863,2,Cropping,61106818,9.155856,0,63.25,15.776,2.7,NA,NA,0.199,2,0.11,1.1,0,384,691,4110,NA,815,3.34,17.2,NA,NA,NA,7,NA,Clay,26.3,43.2,30.5
MANAGE_03101,MANAGE Research Network,Colorado State University Sequencing Core,NA,United States,CO,37.9282199,-103.78347,2,Cropping,61232512,9.160511,1,NA,NA,NA,NA,NA,NA,NA,NA,NA,NA,NA,NA,NA,NA,NA,NA,NA,NA,NA,NA,NA,NA,NA,NA,NA,NA
MANAGE_03102,MANAGE Research Network,Colorado State University Sequencing Core,NA,United States,CO,37.7365978,-105.85967,2,Cropping,61311494,9.193353,2,5.52,4.582,0.8,NA,NA,0.046,8.7,1.09,36.4,0,792,253,1505,NA,208,1.11,3.17,NA,NA,NA,8.8,NA,Loamy Sand,88.68,10.06,1.26
MANAGE_03103,MANAGE Research Network,Colorado State University Sequencing Core,NA,United States,NA,NA,NA,NA,Cropping,61437766,9.218396,2,15.99,15.138,2.6,NA,NA,0.149,16.53,0,10.2,12,60,396,2927,NA,28,1.86,2.59,NA,NA,NA,7.7,NA,Sandy Loam,66.54,16.73,16.73
MANAGE_03104,MANAGE Research Network,Colorado State University Sequencing Core,NA,United States,NM,34.6009804,-103.21948,9,Cropping,62194794,9.224234,1,9.92917,9.92917,1.7,NA,NA,0.116143,30.38095238,0.843373494,31.88432388,20.33163096,553.0185278,435.8515529,405.0157483,13.44854935,85.95309062,0,9.725584416,2.63369998,NA,0,7.34,1.153672057,Clay Loam,43,30,27
MANAGE_03105,MANAGE Research Network,Colorado State University Sequencing Core,NA,United States,CO,39.5739105,-102.20664,9,Cropping,61541960,9.228299,0,9.43,9.454,1.6,NA,NA,0.08,4.3,1.82,2,19,636,532,1724,NA,77,3.02,9.92,NA,NA,NA,8,NA,Sandy Loam,77.12,11.44,11.44
MANAGE_03106,MANAGE Research Network,Colorado State University Sequencing Core,NA,United States,CO,39.6271554,-106.77607,2,Cropping,61631008,9.24112,2,30.99,28.246,4.9,NA,NA,0.269,10.48,0,46.3,17,356,303,3421,NA,50,0.83,14.71,NA,NA,NA,7.8,NA,Sandy Loam,57.7,18.51,23.79
MANAGE_03107,MANAGE Research Network,Colorado State University Sequencing Core,NA,United States,CO,40.8556385,-102.15755,2,Cropping,62548694,9.250881,0,10.077,10.077,1.7,NA,NA,0.113078,25.65172054,1.609657948,17.13106316,6.236899817,455.1685248,136.2041218,396.3093239,25.79174909,0,0,16.06133056,1.425979568,NA,0,6.37,1.329335845,Loam,43.33333333,21.46666667,35.2
MANAGE_03108,MANAGE Research Network,Colorado State University Sequencing Core,NA,United States,CO,39.043656,-108.43294,2,Cropping,61809084,9.269328,3,29.4,18.27,3.2,NA,NA,0.14,8.19,6.21,0.4,12,365,268,5353,NA,403,2.13,6.74,NA,NA,NA,7.7,NA,Sandy Clay Loam,54.14,20.38,25.48
MANAGE_03109,MANAGE Research Network,Colorado State University Sequencing Core,NA,United States,CO,38.0398034,-103.69003,9,Cropping,62799714,9.270697,0,18.465,13.5981,2.3,NA,NA,0.141125,21.22002086,2.213279678,20.28961656,2.438334922,216.9203995,418.3951107,348.2761219,5.133126123,76.16301632,2.707837656,21.81326444,4.786855387,NA,0,7.67,1.245502726,Clay Loam,38.66666667,32.93333333,28.4
MANAGE_03110,MANAGE Research Network,Colorado State University Sequencing Core,NA,United States,CO,38.1179039,-103.46975,9,Cropping,61978228,9.286619,1,17.8,15.08,2.6,NA,NA,0.18,6.09,0.29,23.8,10,503,438,2314,NA,92,2.31,12.33,NA,NA,NA,8.5,NA,Sandy Clay Loam,56.67,25.49,17.84
MANAGE_03111,MANAGE Research Network,Colorado State University Sequencing Core,NA,United States,CO,40.8508386,-102.25937,2,Cropping,63156312,9.295339,0,12.4382,12.4382,2.1,NA,NA,0.131109,49.21793535,4.929577465,15.60304292,9.945710937,556.2558046,190.6328765,390.678995,35.12257284,0,0,31.24033763,1.312736266,NA,0,5.52,1.260336656,Loam,35.33333333,23.86666667,40.8
MANAGE_03112,MANAGE Research Network,Colorado State University Sequencing Core,NA,United States,CO,37.5040358,-108.79458,2,Cropping,61995816,9.295923,1,10.48,13.746,2.4,NA,NA,0.112,17.58,8.38,28.2,8,196,365,3221,NA,33,0.54,7.13,NA,NA,NA,7.5,NA,Loam,46.59,22.89,30.52
MANAGE_03113,MANAGE Research Network,Colorado State University Sequencing Core,NA,United States,NM,32.2016618,-106.74324,10,Cropping,62801692,9.301666,1,18.3184,10.4225,1.8,NA,NA,0.128852,0.952380952,0.722891566,25.68020018,0,296.6575012,418.9730884,307.0529002,0,245.560326,0,17.96380084,5.476492833,NA,0,7.79,1.166212435,Clay,30,48,22
MANAGE_03114,MANAGE Research Network,Colorado State University Sequencing Core,NA,United States,CO,40.4466569,-102.66185,2,Cropping,62696228,9.306753,0,13.6578,13.6578,2.4,NA,NA,0.152484,1.268498943,2.808988764,22.74211797,26.26275839,611.1079953,177.3510914,433.881105,38.93541081,0,0,56.39011998,1.954323744,NA,0,5.53,1.177011097,Loam,28,26.4,45.6
MANAGE_03115,MANAGE Research Network,Colorado State University Sequencing Core,NA,United States,CO,37.3955534,-108.62201,2,Cropping,62700648,9.39562,4,30.67,32.538,5.6,NA,NA,0.283,4.93,0,51.7,13,189,563,4079,NA,59,1.15,19.51,NA,NA,NA,7.4,NA,Clay Loam,32.71,31.06,36.23
MANAGE_03116,MANAGE Research Network,Colorado State University Sequencing Core,NA,United States,CO,39.5017667,-107.62897,2,Cropping,63519138,9.407287,3,20.15,21.576,3.7,NA,NA,0.207,51.53,0.81,45.2,52,1545,483,2843,NA,66,1.51,20.34,NA,NA,NA,8.6,NA,Clay Loam,41.1,26.89,32.01
MANAGE_03117,MANAGE Research Network,Colorado State University Sequencing Core,NA,United States,CO,38.8128321,-107.76497,2,Cropping,62958772,9.434325,0,22,21.112,3.6,NA,NA,0.199,1.8,4.96,44.6,8,751,530,4110,NA,32,0.47,8.24,NA,NA,NA,7.8,NA,Clay Loam,33.16,30.85,35.99
MANAGE_03118,MANAGE Research Network,Colorado State University Sequencing Core,NA,United States,CO,38.0395604,-103.69008,9,Cropping,64374200,9.447513,0,16.4405,13.2889,2.3,NA,NA,0.140662,41.91866528,2.716297787,17.38712113,2.021930036,155.4527461,351.5765567,384.7302664,9.312907826,71.92740157,0,13.62413899,4.409951928,NA,0,7.65,1.150751189,Sandy Clay Loam,48.66666667,30.93333333,20.4
MANAGE_03119,MANAGE Research Network,Colorado State University Sequencing Core,NA,United States,CO,37.1668015,-108.15868,2,Grazing,64398456,9.500147,0,8.24437,8.24437,1.4,NA,NA,0.083917,0.729927007,2.615694165,8.318618488,0.679148671,149.9889752,401.9010582,445.2114375,0,5.64848691,0,14.56239115,1.761604394,NA,0,7.19,1.491220397,Clay Loam,30.33333333,31.46666667,38.2
MANAGE_03120,MANAGE Research Network,Colorado State University Sequencing Core,NA,United States,CO,40.4466569,-102.66185,2,Cropping,64169570,9.507358,0,10.0227,10.0227,1.7,NA,NA,0.115256,5.761099366,2.02247191,24.03926729,8.94108299,419.4887954,291.6416317,390.5680325,12.81838915,0,0,24.25475357,1.791172386,NA,0,6.34,1.381570771,Loam,47,22.4,30.6
MANAGE_03121,MANAGE Research Network,Colorado State University Sequencing Core,NA,United States,CO,40.8556385,-102.15755,2,Cropping,64210458,9.518837,0,13.7667,13.7667,2.4,NA,NA,0.148453,52.55474453,2.213279678,18.28975683,28.13693274,719.751631,125.0741412,431.238341,85.14043937,0,0,63.86011497,1.700547025,NA,0,5.13,1.119091974,Loam,31.33333333,21.86666667,46.8
MANAGE_03122,MANAGE Research Network,Colorado State University Sequencing Core,NA,United States,UT,39.3056582,-112.57141,2,Cropping,64444438,9.528232,1,54.6347,19.6892,3.4,NA,NA,0.214047,12.61904762,0,45.97030536,39.43484375,453.8551635,803.8942786,355.5063061,0.011237446,211.4586888,0,15.08522174,3.0491062,NA,0.3359144,7.87,1.246439112,Clay,23,44,33
MANAGE_03123,MANAGE Research Network,Colorado State University Sequencing Core,NA,United States,NA,NA,NA,NA,Cropping,63653072,9.549356,0,23.03,17.342,3,NA,NA,0.205,62.87,0.99,1.6,33,414,283,2773,NA,37,2.86,3.82,NA,NA,NA,7.7,NA,Sandy Loam,64.26,17.87,17.87
MANAGE_03124,MANAGE Research Network,Colorado State University Sequencing Core,NA,United States,ID,42.955824,-112.8278,2,Cropping,64578152,9.553474,0,20.6321,7.75449,1.3,NA,NA,0.090403,0,1.91011236,12.67665041,17.18003426,260.1081262,242.8810021,376.9151306,23.37617843,27.2039559,0,10.665074,3.45321592,NA,0.032672984,8.02,1.45293518,Loam,37,22.4,40.6
MANAGE_03125,MANAGE Research Network,Colorado State University Sequencing Core,NA,United States,NA,NA,NA,NA,Cropping,63756858,9.553731,0,22.39,20.242,3.5,NA,NA,0.213,37.22,8.45,14.1,16,352,319,2805,NA,21,3.34,4.1,NA,NA,NA,7.8,NA,Sandy Loam,64.15,17.93,17.93
MANAGE_03126,MANAGE Research Network,Colorado State University Sequencing Core,NA,United States,CO,38.6274367,-107.95548,2,Cropping,63850586,9.57408,0,35.09,22.388,3.9,NA,NA,0.144,6.52,3.87,0.5,18,560,437,8696,NA,75,2.72,14.09,NA,NA,NA,7.6,NA,Silty Clay,15.54,40.95,43.51
MANAGE_03127,MANAGE Research Network,Colorado State University Sequencing Core,NA,United States,CO,37.2977968,-106.07318,2,Cropping,64169872,9.599249,1,18.73,18.734,3.2,NA,NA,0.138,7.32,0.39,66.8,8,156,201,1761,NA,15,1.95,4.38,NA,NA,NA,6.8,NA,Loamy Sand,82.23,10.15,7.62
MANAGE_03128,MANAGE Research Network,Colorado State University Sequencing Core,NA,United States,CO,40.4466569,-102.66185,2,Cropping,65075496,9.620996,0,8.06901,8.06901,1.4,NA,NA,0.092198,3.805496829,2.134831461,19.08025913,7.213714076,337.8811463,199.453798,389.7687851,11.78329196,0,0,20.71864193,1.597796745,NA,0,6.21,1.492889772,Sandy Loam,56,18.4,25.6
MANAGE_03129,MANAGE Research Network,Colorado State University Sequencing Core,NA,United States,NM,32.2021124,-106.74293,10,Cropping,65241698,9.659616,1,19.2615,12.2692,2.1,NA,NA,0.133222,1.428571429,0,20.64395607,0,337.6808182,386.6948331,348.0225942,0,198.3872125,0,17.04318516,5.341069262,NA,0,7.85,1.08479979,Clay,30,50,20
MANAGE_03130,MANAGE Research Network,Colorado State University Sequencing Core,NA,United States,CO,38.0398034,-103.69003,9,Cropping,65258778,9.661471,0,22.7446,17.9388,3.1,NA,NA,0.184261,21.84567258,2.3138833,25.41504547,4.934115777,284.7713716,490.4935959,347.2701763,9.802283633,86.04966083,2.542414903,22.18190903,5.241882241,NA,0,7.61,1.32296921,Clay Loam,32.66666667,38.93333333,28.4
MANAGE_03131,MANAGE Research Network,Colorado State University Sequencing Core,NA,United States,CO,38.4520488,-103.16356,2,Cropping,65216258,9.667538,2,11.23,13.804,2.4,NA,NA,0.129,2.4,12.68,42.9,17,616,332,3114,NA,39,0.67,14.33,NA,NA,NA,7.4,NA,Sandy Clay Loam,54.23,25.43,20.34
MANAGE_03132,MANAGE Research Network,Colorado State University Sequencing Core,NA,United States,NA,NA,NA,NA,Cropping,67954944,9.688447,0,13.06,18.154,3.1,NA,NA,0.155,4.13,2.52,26.2,9,346,704,3109,NA,144,1.36,5.79,NA,NA,NA,7.4,NA,Sandy Clay,45.69,38.8,15.52
MANAGE_03133,MANAGE Research Network,Colorado State University Sequencing Core,NA,United States,CO,37.9968118,-103.69201,2,Cropping,64657876,9.690553,1,20.8,11.252,1.9,NA,NA,0.14,67.5,5.16,99,53,563,541,3068,NA,167,2.65,7.49,NA,NA,NA,8,NA,Loam,46.35,25.55,28.1
MANAGE_03134,MANAGE Research Network,Colorado State University Sequencing Core,NA,United States,CO,40.7519431,-105.0012,2,Cropping,64727964,9.70336,1,28.3,26.332,4.5,NA,NA,0.23,107.34,1.84,117.7,21,2160,789,4295,NA,150,0.95,3.86,NA,NA,NA,7.2,NA,Sandy Clay Loam,44.25,25.93,29.82
MANAGE_03135,MANAGE Research Network,Colorado State University Sequencing Core,NA,United States,NA,NA,NA,NA,Cropping,64952274,9.730531,1,18.41,16.762,2.9,NA,NA,0.176,24.93,3.72,6.1,32,400,275,2633,NA,23,2.5,3.62,NA,NA,NA,7.8,NA,Sandy Loam,66.63,19.25,14.12
MANAGE_03136,MANAGE Research Network,Colorado State University Sequencing Core,NA,United States,CO,38.0398034,-103.69003,9,Cropping,65869716,9.743241,0,18.1761,13.6838,2.4,NA,NA,0.156835,69.96871741,2.3138833,20.90216804,3.558141014,201.4520063,326.0032011,322.6605116,9.361948642,41.69235666,0,14.18986561,4.106133645,NA,0,7.38,1.36863684,Clay Loam,42.66666667,32.93333333,24.4
MANAGE_03137,MANAGE Research Network,Colorado State University Sequencing Core,NA,United States,CO,40.5454005,-102.17701,9,Grazing,65476834,9.824044,1,9.78,10.962,1.9,NA,NA,0.081,3.17,0,6.5,30,954,152,994,NA,47,0.33,18.74,NA,NA,NA,7.06,NA,Sandy Loam,74.77,7.57,17.66
MANAGE_03138,MANAGE Research Network,Colorado State University Sequencing Core,NA,United States,CO,37.3686902,-108.26963,2,Cropping,65751762,9.843234,3,19.64,22.562,3.9,NA,NA,0.191,0.29,0.29,50.1,20,405,249,2602,NA,7,0.83,92.54,NA,NA,NA,6.4,NA,Loam,33.57,25.55,40.88
MANAGE_03139,MANAGE Research Network,Colorado State University Sequencing Core,NA,United States,CO,40.0113852,-105.15286,2,Cropping,66494340,9.849477,1,30.26,34.278,5.9,NA,NA,0.289,22.08,4.15,74.6,24,1089,460,3048,NA,0,1.62,18.43,NA,NA,NA,7.6,NA,Loam,46.09,25.67,28.24
MANAGE_03140,MANAGE Research Network,Colorado State University Sequencing Core,NA,United States,CO,39.6242986,-103.08107,9,Cropping,65907850,9.871904,0,11.14,12.586,2.2,NA,NA,0.102,9.17,0,36.8,2,984,253,2941,NA,31,0.34,2.63,NA,NA,NA,8.1,NA,Sandy Clay Loam,53.87,23.07,23.07
MANAGE_03141,MANAGE Research Network,Colorado State University Sequencing Core,NA,United States,CO,40.0392413,-105.15242,2,Cropping,66562470,9.880982,2,19.91,23.2,4,NA,NA,0.179,5.51,1.22,0,19,619,319,2003,NA,0,1.03,25.23,NA,NA,NA,7.4,NA,Sandy Loam,69.57,17.75,12.68
MANAGE_03142,MANAGE Research Network,Colorado State University Sequencing Core,NA,United States,CO,37.1668015,-108.15868,2,Grazing,67050916,9.881089,0,11.4203,11.4203,2,NA,NA,0.105778,2.763295099,2.816901408,12.31645399,5.224818992,183.5030644,181.4404087,476.5539823,1.786611119,0.081491951000000007,0,9.694337003,2.159984464,NA,0,7.6,1.383613566,Clay Loam,31.33333333,27.46666667,41.2
MANAGE_03143,MANAGE Research Network,Colorado State University Sequencing Core,NA,United States,CO,37.966233,-103.72081,9,Cropping,66011196,9.887162,2,29.2,21.866,3.8,NA,NA,0.18,1.93,1.31,20,43,1082,928,3912,NA,74,26.54,23.7,NA,NA,NA,8.1,NA,Clay,11.77,51.9,36.33
MANAGE_03144,MANAGE Research Network,Colorado State University Sequencing Core,NA,United States,CO,37.4076806,-105.51034,2,Cropping,66744710,9.888369,2,22.68,14.964,2.6,NA,NA,0.175,2.48,11.7,67.3,11,406,226,2603,NA,92,0.57,7.03,NA,NA,NA,8,NA,Sandy Clay Loam,61.41,23.15,15.44
MANAGE_03145,MANAGE Research Network,Colorado State University Sequencing Core,NA,United States,CO,40.8508386,-102.25937,2,Cropping,66890550,9.92904,0,12.1055,12.1055,2.1,NA,NA,0.132915,49.47862357,1.408450704,14.59935009,14.13170738,563.9631447,157.2747926,404.2479596,47.70510183,0,0,29.0093299,1.183638855,NA,0,5.71,1.216301145,Loam,39.66666667,18.93333333,41.4
MANAGE_03146,MANAGE Research Network,Colorado State University Sequencing Core,NA,United States,CO,39.4586538,-107.93504,8,Cropping,67049142,9.942729,0,26.58,27.028,4.7,NA,NA,0.216,9.12,2.88,33.2,1,240,390,4033,NA,7,0.38,12.35,NA,NA,NA,7.9,NA,Loam,27.82,28.36,43.83
MANAGE_03147,MANAGE Research Network,Colorado State University Sequencing Core,NA,United States,CO,37.719023,-106.11501,2,Cropping,66448730,9.954957,1,7.22,9.396,1.6,NA,NA,0.1,15.75,2.37,34.2,48,454,156,2225,NA,64,2.55,10.82,NA,NA,NA,7.2,NA,Sandy Loam,77.23,10.12,12.65
MANAGE_03148,MANAGE Research Network,Colorado State University Sequencing Core,NA,United States,UT,41.9775418,-111.90264,2,Cropping,67301344,9.97398,1,12.5933,12.5933,2.2,NA,NA,0.128589,8,0,38.22487918,40.85978461,380.5106914,286.2448019,447.5719685,8.370117437,43.31191488,5.673890263,11.38312634,2.404963587,NA,0.083485168,7.71,1.434336954,Sandy Loam,68,14,18
MANAGE_03149,MANAGE Research Network,Colorado State University Sequencing Core,NA,United States,CO,40.5179096,-102.61095,2,Cropping,67439136,9.991884,0,10.4978,10.4978,1.8,NA,NA,0.114874,5.285412262,2.134831461,18.15019897,14.61153815,538.3646439,159.6603723,413.7578834,13.47376078,0,0,19.45864511,1.521262301,NA,0,6.13,1.370233688,Loam,41,22.4,36.6
MANAGE_03150,MANAGE Research Network,Colorado State University Sequencing Core,NA,United States,CO,37.1689682,-108.15676,2,Grazing,67876342,10.040386,0,23.0096,10.871,1.9,NA,NA,0.090761,0,2.02247191,10.76061681,2.445851638,169.5854554,102.4243809,417.7700488,2.968931606,0.583320892,0,10.04591,1.979529484,NA,0,7.61,1.436504592,Clay Loam,35.33333333,29.46666667,35.2
MANAGE_03151,MANAGE Research Network,Colorado State University Sequencing Core,NA,United States,CO,37.5863924,-106.1874,2,Cropping,66950448,10.042892,0,21.9,23.142,4,NA,NA,0.203,28.84,0,67.4,53,720,208,3127,NA,43,4.15,20.03,NA,NA,NA,7,NA,Sandy Clay Loam,58.56,23.31,18.13
MANAGE_03152,MANAGE Research Network,Colorado State University Sequencing Core,NA,United States,CO,37.4679581,-108.6202,2,Cropping,67176820,10.076688,4,31.22,26.274,4.5,NA,NA,0.162,6.02,0,71.8,4,203,319,2931,NA,49,0.86,16.99,NA,NA,NA,7.8,NA,Clay Loam,40.1,33.86,26.05
MANAGE_03153,MANAGE Research Network,Colorado State University Sequencing Core,NA,United States,CO,40.8508386,-102.25937,2,Cropping,68199262,10.084268,0,9.71707,9.71707,1.7,NA,NA,0.11184,34.35870699,1.106639839,13.94019897,9.979671652,522.426774,247.4215763,403.5818763,38.22499888,0,0,19.65824477,1.120867627,NA,0,5.73,1.327011637,Loam,46.66666667,20.93333333,32.4
MANAGE_03154,MANAGE Research Network,Colorado State University Sequencing Core,NA,United States,CO,37.1689682,-108.15676,2,Grazing,68482400,10.100165,0,12.3797,12.3797,2.1,NA,NA,0.123968,0,1.307847082,7.747356083,16.84187651,278.962021,251.2819399,466.8958795,10.46037776,0.660951844,0,12.58672666,2.380590336,NA,0,6.95,1.305074641,Loam,37.33333333,23.46666667,39.2
MANAGE_03155,MANAGE Research Network,Colorado State University Sequencing Core,NA,United States,CO,37.9689418,-103.71203,9,Cropping,67393820,10.102362,0,32.9,25.288,4.4,NA,NA,0.25,11.83,0,37.7,3,702,876,3939,NA,229,0.73,3.1,NA,NA,NA,8.2,NA,Clay,14.79,51.64,33.57
MANAGE_03156,MANAGE Research Network,Colorado State University Sequencing Core,NA,United States,MT,45.8024444,-111.05517,2,Cropping,68172704,10.103552,1,22.7497,22.7497,3.9,NA,NA,0.206656,3.380952381,0,29.25820902,5.41524151,301.4996174,112.2778054,382.7656437,29.06478229,2.243331679,NA,49.47255428,3.178401183,NA,0,5.89,1.236408093,Clay,29,41,30
MANAGE_03157,MANAGE Research Network,Colorado State University Sequencing Core,NA,United States,CO,39.1794061,-108.69694,2,Cropping,68329522,10.113373,0,18.8688,11.2203,1.9,NA,NA,0.098435,0,1.573033708,15.76241812,13.31146904,108.4256221,258.3099721,425.4717089,0,96.40028826,0,28.50886225,3.003540459,NA,0,7.88,1.391587475,Loam,35.33333333,19.46666667,45.2
MANAGE_03158,MANAGE Research Network,Colorado State University Sequencing Core,NA,United States,WY,41.2149729,-104.86925,2,Cropping,68375294,10.15369,0,16.6866,16.6866,2.9,NA,NA,0.15894,0,0.963855422,30.0717766,3.205440179,174.1123586,78.73327504,429.3664492,0,2.291224731,NA,20.33203916,0.615832002,NA,0,6.43,1.258882257,Sandy Loam,77,11,12
MANAGE_03159,MANAGE Research Network,Colorado State University Sequencing Core,NA,United States,CO,39.6261151,-102.80223,2,Cropping,67753296,10.171223,0,6.87,8.642,1.5,NA,NA,0.089,22.58,0,10.3,21,883,177,1032,NA,97,0.34,29.55,NA,NA,NA,6.73,NA,Sandy Loam,61.94,15.22,22.84
MANAGE_03160,MANAGE Research Network,Colorado State University Sequencing Core,NA,United States,CO,38.426569,-107.93786,2,Cropping,67983168,10.185096,0,12.79,13.514,2.3,NA,NA,0.123,72.93,3.19,12,9,484,231,2208,NA,36,0.84,7.22,NA,NA,NA,7.9,NA,Sandy Clay Loam,62,22.8,15.2
MANAGE_03161,MANAGE Research Network,Colorado State University Sequencing Core,NA,United States,CO,37.5653137,-106.12348,2,Cropping,68013956,10.208033,2,14.93,14.732,2.5,NA,NA,0.143,14.93,0,75,29,782,314,2292,NA,50,0.76,11.06,NA,NA,NA,7.9,NA,Sandy Loam,64,15.43,20.57
MANAGE_03162,MANAGE Research Network,Colorado State University Sequencing Core,NA,United States,CO,37.4433322,-108.68766,2,Cropping,68192072,10.217621,2,21.46,26.158,4.5,NA,NA,0.22,5.2,0.3,49.2,13,274,389,3255,NA,39,1.09,16.87,NA,NA,NA,7.7,NA,Clay Loam,40.59,28.42,31
MANAGE_03163,MANAGE Research Network,Colorado State University Sequencing Core,NA,United States,CO,38.134911,-102.95677,2,Cropping,69122308,10.239233,0,27.99,21.634,3.7,NA,NA,0.182,7.71,1.2,31.5,6,1065,699,3411,NA,221,2.97,6.73,NA,NA,NA,8.1,NA,Clay Loam,30.63,38.54,30.83
MANAGE_03164,MANAGE Research Network,Colorado State University Sequencing Core,NA,United States,CO,39.2998381,-102.26755,9,Cropping,68479600,10.262457,0,17.1,21.634,3.7,NA,NA,0.15,1.44,0.84,41,13,1725,1626,4386,NA,120,1.54,1.85,NA,NA,NA,8.3,NA,Loam,37.75,27.23,35.01
MANAGE_03165,MANAGE Research Network,Colorado State University Sequencing Core,NA,United States,CO,38.1729749,-102.81893,2,Cropping,69427604,10.277145,0,25.07,17.516,3,NA,NA,0.191,98.96,5.16,80.9,7,1450,564,3289,NA,102,11,16.13,NA,NA,NA,8.1,NA,Silty Clay Loam,20.14,36.07,43.79
MANAGE_03166,MANAGE Research Network,Colorado State University Sequencing Core,NA,United States,NA,NA,NA,NA,Cropping,68788226,10.301192,0,18.7,18.676,3.2,NA,NA,0.14,0,27.11,71,24,1843,400,4621,NA,26,0.86,2,NA,NA,NA,8.1,NA,Loam,35.69,18.01,46.3
MANAGE_03167,MANAGE Research Network,Colorado State University Sequencing Core,NA,United States,CO,40.4466569,-102.66185,2,Cropping,69781868,10.317467,0,11.6156,11.6156,2,NA,NA,0.114258,6.606765328,1.91011236,20.58557865,21.13194393,491.0949409,133.8404217,457.9831395,56.43718193,0,0,44.19487737,1.416058172,NA,0,5.33,1.330838014,Loam,44,18.4,37.6
MANAGE_03168,MANAGE Research Network,Colorado State University Sequencing Core,NA,United States,CO,37.3756436,-108.42674,2,Cropping,68837124,10.325155,1,12,18.154,3.1,NA,NA,0.13,0,1.14,6.1,10,372,572,3799,NA,11,0.58,26.02,NA,NA,NA,7.7,NA,Clay Loam,38.1,30.95,30.95
MANAGE_03169,MANAGE Research Network,Colorado State University Sequencing Core,NA,United States,CO,37.889822,-106.20122,2,Cropping,68981982,10.329233,0,13.61,16.994,2.9,NA,NA,0.161,21.21,6.07,48.4,20,770,336,3276,NA,53,1.69,9.71,NA,NA,NA,7.6,NA,Sandy Clay Loam,56.64,20.4,22.95
MANAGE_03170,MANAGE Research Network,Colorado State University Sequencing Core,NA,United States,CO,38.0102574,-103.60041,9,Cropping,69016282,10.331959,2,22.6,16.472,2.8,NA,NA,0.13,14.54,0,31.2,28,535,711,3241,NA,324,3.95,10.81,NA,NA,NA,7.9,NA,Clay Loam,30.86,35.85,33.29
MANAGE_03171,MANAGE Research Network,Colorado State University Sequencing Core,NA,United States,CO,38.7770869,-107.76316,2,Cropping,69224608,10.358044,3,17.92,17.922,3.1,NA,NA,0.145,1.17,4.89,56.3,6,637,528,3874,NA,53,0.54,8.4,NA,NA,NA,8.2,NA,Sandy Clay Loam,51.42,25.57,23.01
MANAGE_03172,MANAGE Research Network,Colorado State University Sequencing Core,NA,United States,CO,38.025121,-103.48139,9,Cropping,70078216,10.372003,1,22,19.082,3.3,NA,NA,0.15,103.16,0,21,23,480,768,3412,NA,391,3.46,6.23,NA,NA,NA,7.5,NA,Clay Loam,38.21,30.89,30.89
MANAGE_03173,MANAGE Research Network,Colorado State University Sequencing Core,NA,United States,CO,37.6786,-106.47921,2,Cropping,69264572,10.385942,7,18.38,20.822,3.6,NA,NA,0.2,12.24,0,68,31,2091,314,2625,NA,66,5.29,8.9,NA,NA,NA,8.1,NA,Sandy Loam,64.17,17.92,17.92
MANAGE_03174,MANAGE Research Network,Colorado State University Sequencing Core,NA,United States,NA,NA,NA,NA,Cropping,69364062,10.387117,0,9.9,9.918,1.7,NA,NA,0.09,44.34,57.89,107.5,14,1292,225,3041,NA,26,0.24,2.33,NA,NA,NA,8.1,NA,Sandy Loam,63.19,16.5,20.31
MANAGE_03175,MANAGE Research Network,Colorado State University Sequencing Core,NA,United States,CO,37.7394084,-105.90351,2,Cropping,69303070,10.395941,2,6.11,6.554,1.1,NA,NA,0.086,6.35,15.9,87.5,8,1115,215,1622,NA,102,2.35,4.8,NA,NA,NA,8.1,NA,Sandy Loam,82.34,17.66,0
MANAGE_03176,MANAGE Research Network,Colorado State University Sequencing Core,NA,United States,MT,45.8024444,-111.05517,2,Cropping,70027598,10.401648,1,19.6337,19.6337,3.4,NA,NA,0.208209,27.95238095,12.40963855,15.88774127,3.98148875,212.8635654,81.26629295,395.7588229,13.39470319,2.324465829,NA,30.88512752,2.951993641,NA,0,6.67,1.202805736,Clay Loam,36,39,25
MANAGE_03177,MANAGE Research Network,Colorado State University Sequencing Core,NA,United States,CO,40.8508386,-102.25937,2,Cropping,70366438,10.425957,0,8.94588,8.94588,1.5,NA,NA,0.103646,27.1637122,1.609657948,11.21746442,8.596271645,539.3486266,232.1789075,375.1200718,48.32855903,0,0,28.02997089,1.354393654,NA,0,5.8,1.33560833,Loam,38.66666667,20.93333333,40.4
MANAGE_03178,MANAGE Research Network,Colorado State University Sequencing Core,NA,United States,CO,39.6100664,-107.76256,2,Cropping,70626594,10.439654,1,17.05,25.23,4.4,NA,NA,0.164,57.71,0.35,7.9,11,250,918,4016,NA,58,2.09,26.93,NA,NA,NA,7.6,NA,Clay Loam,36.69,32.3,31.01
MANAGE_03179,MANAGE Research Network,Colorado State University Sequencing Core,NA,United States,MT,45.8024444,-111.05517,2,Cropping,69938704,10.439725,3,11.8779,11.8779,2,NA,NA,0.113692,9.619047619,0,22.29060955,12.30288305,124.5330553,77.65323968,380.2147131,13.00228423,1.824407365,NA,97.79980205,4.494637098,NA,0,6.05,1.295762114,Sandy Loam,53,19,28
MANAGE_03180,MANAGE Research Network,Colorado State University Sequencing Core,NA,United States,CO,40.0346186,-105.17712,2,Cropping,70675196,10.447009,2,14.75,18.096,3.1,NA,NA,0.141,86.55,6.78,48.6,25,723,273,2459,NA,0,1.33,12.51,NA,NA,NA,7.7,NA,Sandy Clay Loam,59.42,25.36,15.22
MANAGE_03181,MANAGE Research Network,Colorado State University Sequencing Core,NA,United States,CO,39.4240833,-107.14282,2,Cropping,70428000,10.456558,3,18.51,20.764,3.6,NA,NA,0.201,8.23,0,10.3,14,254,243,2467,NA,10,0.88,23.23,NA,NA,NA,7.2,NA,Loam,36.19,22.97,40.84
MANAGE_03182,MANAGE Research Network,Colorado State University Sequencing Core,NA,United States,CO,37.1668015,-108.15868,2,Grazing,71038480,10.484245,0,8.75893,8.75893,1.5,NA,NA,0.089745,0.834202294,1.509054326,9.36806202,3.280147025,159.9515085,318.8470186,425.5204907,1.646336201,2.521283616,0,11.98719348,2.118603027,NA,0,7.25,1.376041249,Clay Loam,31.33333333,29.46666667,39.2
MANAGE_03183,MANAGE Research Network,Colorado State University Sequencing Core,NA,United States,CO,39.1794323,-108.69681,2,Cropping,70869302,10.496119,0,21.8319,12.8087,2.2,NA,NA,0.118616,0,0.786516854,9.153191044,13.21333281,129.8287007,239.4165821,414.2551036,0,108.7201078,0,27.4889446,3.559654849,NA,0,7.89,1.413757642,Loam,31.33333333,21.46666667,47.2
MANAGE_03184,MANAGE Research Network,Colorado State University Sequencing Core,NA,United States,CO,40.8556385,-102.15755,2,Cropping,71115474,10.516125,0,11.3957,11.3957,2,NA,NA,0.125179,35.55787278,1.710261569,13.30762596,15.39124923,642.30482,232.8917493,385.3991804,62.33601859,0,0,38.06221387,1.223605984,NA,0,5.33,1.281285241,Loam,31.33333333,23.86666667,44.8
MANAGE_03185,MANAGE Research Network,Colorado State University Sequencing Core,NA,United States,ID,42.9558197,-112.82772,2,Cropping,71044720,10.521809,0,21.215,7.40978,1.3,NA,NA,0.090919,0,0.898876404,12.0811821,14.61405812,232.7810542,231.6234749,388.97925300000003,1.404481763,25.03009239,0,7.867701959,3.030625543,NA,0.055371897,7.9,1.528667866,Loam,36,22.4,41.6
MANAGE_03186,MANAGE Research Network,Colorado State University Sequencing Core,NA,United States,CO,39.1105502,-108.38342,2,Cropping,70265466,10.533532,0,22.87,18.56,3.2,NA,NA,0.169,0,1.66,0.6,16,632,379,2218,NA,163,2.18,16.9,NA,NA,NA,8,NA,Loam,36.73,25.31,37.96
MANAGE_03187,MANAGE Research Network,Colorado State University Sequencing Core,NA,United States,CO,38.1420592,-102.91026,2,Cropping,71081820,10.535655,1,23.14,19.314,3.3,NA,NA,0.198,98.19,38.09,151.1,28,1008,590,3019,NA,144,16.96,22.39,NA,NA,NA,7.7,NA,Clay Loam,28.19,33.34,38.47
MANAGE_03188,MANAGE Research Network,Colorado State University Sequencing Core,NA,United States,ID,42.9559124,-112.8275,2,Cropping,71239424,10.551002,0,20.978,8.38836,1.4,NA,NA,0.095553,2.167019027,0,26.24506876,15.16843492,218.2542455,231.0812664,354.6438509,4.231604111,24.09070734,0,7.491814245,3.213484952,NA,0,7.57,1.321656984,Loam,38,20.4,41.6
MANAGE_03189,MANAGE Research Network,Colorado State University Sequencing Core,NA,United States,CO,38.5109364,-107.97674,2,Cropping,70423390,10.568781,5,14.6,23.896,4.1,NA,NA,0.108,22.89,5.34,86.2,10,1074,671,13996,NA,318,0.91,7.36,NA,NA,NA,7.8,NA,Clay,27.28,46.75,25.97
MANAGE_03190,MANAGE Research Network,Colorado State University Sequencing Core,NA,United States,CO,40.0291738,-103.24885,2,Cropping,70591618,10.579448,0,9.78,12.934,2.2,NA,NA,0.11,15.29,0,42.1,21,1605,380,2549,NA,31,1.11,8.01,NA,NA,NA,7.8,NA,Loam,48.49,24.47,27.04
MANAGE_03191,MANAGE Research Network,Colorado State University Sequencing Core,NA,United States,CO,39.1018784,-108.38964,2,Cropping,70528556,10.58138,1,21.7,15.37,2.7,NA,NA,0.18,1.3,0,5.6,7,633,400,2412,NA,236,11.15,10.43,NA,NA,NA,8.2,NA,Loam,29.35,25.23,45.42
MANAGE_03192,MANAGE Research Network,Colorado State University Sequencing Core,NA,United States,NA,NA,NA,NA,Cropping,70831874,10.611897,2,57.5,56.028,9.7,NA,NA,0.448,1.59,4.94,81.1,15,657,931,3995,NA,117,2.99,22.26,NA,NA,NA,7.7,NA,Clay Loam,44.71,28.96,26.33
MANAGE_03193,MANAGE Research Network,Colorado State University Sequencing Core,NA,United States,CO,39.02959,-108.47753,2,Cropping,71231212,10.683671,0,64.4,29.174,5,NA,NA,0.24,17.24,0,26.4,20,972,425,3312,NA,185,3.31,49.25,NA,NA,NA,7.6,NA,Clay Loam,36.35,29.28,34.37
MANAGE_03194,MANAGE Research Network,Colorado State University Sequencing Core,NA,United States,CO,39.0942318,-108.41794,2,Cropping,71487960,10.698886,1,28.88,21.75,3.8,NA,NA,0.202,2,0,23.2,98,1646,484,2312,NA,287,3.97,12.62,NA,NA,NA,8,NA,Clay Loam,28.94,29.19,41.88
MANAGE_03195,MANAGE Research Network,Colorado State University Sequencing Core,NA,United States,ID,42.9558805,-112.82799,2,Cropping,72124822,10.702797,0,20.5984,8.02735,1.4,NA,NA,0.09385,2.21987315,1.460674157,21.13992278,16.81819097,250.5869798,219.7775911,381.6324657,1.707390557,23.59548041,0,6.832294434,2.778448414,NA,0.002494899,7.85,1.533092293,Loam,36,22.4,41.6
MANAGE_03196,MANAGE Research Network,Colorado State University Sequencing Core,NA,United States,CO,39.2859243,-102.11071,2,Cropping,72177568,10.708455,2,13.46,13.456,2.3,NA,NA,0.08,7.94,25.35,23.9,18,1349,1174,2927,NA,44,0.22,5.82,NA,NA,NA,6.5,NA,Loam,47.37,20.54,32.09
MANAGE_03197,MANAGE Research Network,Colorado State University Sequencing Core,NA,United States,CO,37.1287521,-108.10903,2,Cropping,72300310,10.711377,0,14.57,14.558,2.5,NA,NA,0.099,3.55,0,56,14,175,466,2759,NA,2,2.04,30.89,NA,NA,NA,7.2,NA,Loam,33.72,25.49,40.79
MANAGE_03198,MANAGE Research Network,Colorado State University Sequencing Core,NA,United States,CO,37.6818118,-105.8342,2,Cropping,71519112,10.721846,1,7.15,7.308,1.3,NA,NA,0.067,8.08,1.16,39.2,5,1150,187,1579,NA,189,0.57,7.03,NA,NA,NA,8.1,NA,Loamy Sand,87.41,7.55,5.03
MANAGE_03199,MANAGE Research Network,Colorado State University Sequencing Core,NA,United States,CO,38.0395604,-103.69008,9,Cropping,72594986,10.726731,0,19.6361,13.9814,2.4,NA,NA,0.143959,36.33993743,3.521126761,24.49268559,1.712339063,165.5283331,396.8997968,333.3613109,9.618034432,63.33837418,2.996785346,20.22514039,5.749323724,NA,0,7.6,1.26708322,Clay Loam,38.66666667,32.93333333,28.4
MANAGE_03200,MANAGE Research Network,Colorado State University Sequencing Core,NA,United States,CO,37.8869682,-106.19516,2,Cropping,71654594,10.734092,0,19.53,17.806,3.1,NA,NA,0.191,26.21,0,90.6,8,1075,329,3186,NA,42,1.16,6.02,NA,NA,NA,8.3,NA,Sandy Clay Loam,56.62,20.41,22.96
MANAGE_03201,MANAGE Research Network,Colorado State University Sequencing Core,NA,United States,CO,40.5479056,-105.11613,2,Cropping,71704694,10.739466,2,40.1,32.48,5.6,NA,NA,0.37,30.93,5.89,54.7,68,1508,388,4722,NA,58,3.15,16.61,NA,NA,NA,7.6,NA,Clay Loam,38.42,33.35,28.22
MANAGE_03202,MANAGE Research Network,Colorado State University Sequencing Core,NA,United States,CO,37.774715,-106.01997,2,Cropping,71930550,10.778712,2,6.82,6.148,1.1,NA,NA,0.075,6.53,0,23.5,45,798,103,1603,NA,43,2.46,3.73,NA,NA,NA,8.4,NA,Sand,92.42,5.05,2.53
MANAGE_03203,MANAGE Research Network,Colorado State University Sequencing Core,NA,United States,CO,39.915045,-103.00001,2,Cropping,71938420,10.787683,0,7.19,12.296,2.1,NA,NA,0.089,6.27,0,16.6,11,1206,362,1992,NA,35,0.45,14,NA,NA,NA,7.1,NA,Loam,46.03,25.7,28.27
MANAGE_03204,MANAGE Research Network,Colorado State University Sequencing Core,NA,United States,CO,37.8195561,-106.08366,2,Cropping,71998204,10.788944,0,9.13,9.512,1.6,NA,NA,0.101,30.65,0,61.3,24,1118,257,1940,NA,74,0.32,6.37,NA,NA,NA,8,NA,Sandy Loam,79.66,10.17,10.17
MANAGE_03205,MANAGE Research Network,Colorado State University Sequencing Core,NA,United States,CO,37.513241,-105.8604,2,Cropping,72150580,10.808438,2,9.71,13.398,2.3,NA,NA,0.113,5.01,0.68,9.4,0.2,736,223,3579,NA,598,0.59,5.17,NA,NA,NA,8.5,NA,Sandy Clay Loam,64.21,25.56,10.22
MANAGE_03206,MANAGE Research Network,Colorado State University Sequencing Core,NA,United States,CO,40.4466569,-102.66185,2,Cropping,73776658,10.84417,0,10.994,10.994,1.9,NA,NA,0.109167,0,1.797752809,16.6701884,14.85472336,444.9338493,131.4569599,475.0676286,40.36771355,0,0,40.98355802,1.988682521,NA,0,5.59,1.479361981,Loam,48,18.4,33.6
MANAGE_03207,MANAGE Research Network,Colorado State University Sequencing Core,NA,United States,NA,NA,NA,NA,Cropping,72838684,10.919184,0,4.83,4.814,0.8,NA,NA,0.05,21.72,14.22,41,21,739,129,548,NA,13,0.51,15.66,NA,NA,NA,6.9,NA,Sand,89.96,7.53,2.51
MANAGE_03208,MANAGE Research Network,Colorado State University Sequencing Core,NA,United States,ID,42.9558315,-112.82787,2,Cropping,74199488,10.9559,0,18.3416,6.95757,1.2,NA,NA,0.082795,0,0,14.25567054,9.024170365,160.43041,211.1014209,405.6954623,0,32.09017086,0,8.024969327,3.425434632,NA,0.091184339,7.9,1.364988981,Loam,39,22,39
MANAGE_03209,MANAGE Research Network,Colorado State University Sequencing Core,NA,United States,NA,NA,NA,NA,Cropping,73233572,10.977111,0,20.7,39.672,6.8,NA,NA,0.193,4.37,5.79,99.5,13,296,320,3880,NA,285,1.36,2.94,NA,NA,NA,7.8,NA,Silty Clay,14.05,44.28,41.67
MANAGE_03210,MANAGE Research Network,Colorado State University Sequencing Core,NA,United States,CO,39.4392753,-107.16384,2,Cropping,73216670,10.981764,1,26.2,27.376,4.7,NA,NA,0.28,8.24,3.57,38.3,16,642,338,4184,NA,37,1,18.6,NA,NA,NA,7.8,NA,Loam,41,20.52,38.48
MANAGE_03211,MANAGE Research Network,Colorado State University Sequencing Core,NA,United States,CO,37.5460836,-106.12593,2,Cropping,73716246,11.057451,1,12.42,13.34,2.3,NA,NA,0.138,21.5,0.25,8.2,8,1067,303,3421,NA,50,0.86,3.4,NA,NA,NA,8.4,NA,Sandy Loam,57.88,18.43,23.69
MANAGE_03212,MANAGE Research Network,Colorado State University Sequencing Core,NA,United States,CO,37.5725688,-106.18085,2,Cropping,73818806,11.076401,3,18.99,18.328,3.2,NA,NA,0.16,18.91,0,0,10,568,386,3441,NA,67,1.37,10.59,NA,NA,NA,8,NA,Sandy Clay Loam,50.51,26.05,23.44
MANAGE_03213,MANAGE Research Network,Colorado State University Sequencing Core,NA,United States,CO,39.4386257,-107.64267,2,Cropping,75140456,11.127373,3,19.76,21.866,3.8,NA,NA,0.176,2.19,1.31,0,5,450,562,4171,NA,96,0.5,12.86,NA,NA,NA,8.2,NA,Clay Loam,30.54,33.45,36.02
MANAGE_03214,MANAGE Research Network,Colorado State University Sequencing Core,NA,United States,CO,40.6507267,-107.46125,2,Cropping,74368670,11.154539,3,17.91,27.666,4.8,NA,NA,0.206,52.21,2.61,137.8,52,317,618,3582,NA,67,3.5,63.67,NA,NA,NA,6.34,NA,Sandy Clay Loam,50.07,27.46,22.47
MANAGE_03215,MANAGE Research Network,Colorado State University Sequencing Core,NA,United States,CO,37.945109,-103.75124,2,Cropping,74652036,11.183965,2,27.2,19.024,3.3,NA,NA,0.17,19.22,0,34.3,10,410,766,3539,NA,163,11.15,10.43,NA,NA,NA,7.9,NA,Clay Loam,33.39,38.43,28.18
MANAGE_03216,MANAGE Research Network,Colorado State University Sequencing Core,NA,United States,CO,40.4466569,-102.66185,2,Cropping,75873394,11.240422,0,12.6655,12.6655,2.2,NA,NA,0.143862,4.281183932,3.370786517,21.26962345,28.50533969,558.3863398,168.1599937,471.5224048,49.13368494,0,0,58.8724739,2.526767793,NA,0,5.65,1.22186558,Loam,34,24.4,41.6
MANAGE_03217,MANAGE Research Network,Colorado State University Sequencing Core,NA,United States,UT,41.21003,-112.08635,7,Cropping,75971108,11.247351,0,9.87216,9.87216,1.7,NA,NA,0.103,7.761904762,0,25.61393996,24.9304124,107.3129289,167.8705876,437.5505758,9.716001494,28.89507012,0,22.48677939,4.710932922,NA,0,7.55,1.523903206,Sandy Loam,72,12,16
MANAGE_03218,MANAGE Research Network,Colorado State University Sequencing Core,NA,United States,CO,37.2982361,-106.08022,2,Cropping,75445042,11.286748,2,18.09,26.1,4.5,NA,NA,0.202,21.65,0,53.3,29,558,386,2660,NA,15,2.46,47.42,NA,NA,NA,6.6,NA,Sandy Clay Loam,48.47,27.05,24.48
MANAGE_03219,MANAGE Research Network,Colorado State University Sequencing Core,NA,United States,CO,40.0719627,-103.16728,2,Cropping,75920968,11.369844,0,12.65,12.818,2.2,NA,NA,0.115,25.6,0,13.5,21,1271,232,2186,NA,40,0.73,8.78,NA,NA,NA,8,NA,Loam,51.27,20.52,28.21
MANAGE_03220,MANAGE Research Network,Colorado State University Sequencing Core,NA,United States,NA,NA,NA,NA,Cropping,76014532,11.390976,0,10.5,8.41,1.5,NA,NA,0.073,2.9,0,23.3,15,636,254,2878,NA,15,0.05,2.53,NA,NA,NA,6.94,NA,Sandy Clay Loam,56.45,23.05,20.49
MANAGE_03221,MANAGE Research Network,Colorado State University Sequencing Core,NA,United States,CO,38.1496333,-102.93023,2,Cropping,77042812,11.396806,1,27.69,17.342,3,NA,NA,0.178,62.22,2.08,162.6,6,764,615,3239,NA,176,13.71,14.44,NA,NA,NA,8,NA,Clay Loam,22.98,33.38,43.65
MANAGE_03222,MANAGE Research Network,Colorado State University Sequencing Core,NA,United States,CO,40.0722029,-105.09537,2,Cropping,76099118,11.410305,1,14.74,19.14,3.3,NA,NA,0.168,0,0,21.1,5,600,441,2984,NA,47,1.24,9.69,NA,NA,NA,7.9,NA,Clay Loam,41.44,39.04,19.52
MANAGE_03223,MANAGE Research Network,Colorado State University Sequencing Core,NA,United States,CO,38.0395604,-103.69008,9,Cropping,77124996,11.413325,0,20.2092,14.2808,2.5,NA,NA,0.141433,18.82168926,3.319919517,22.2342318,2.293444101,172.6405722,416.9140115,334.2110377,7.520832578,70.16343858,5.193554089,22.28037294,5.482579039,NA,0,7.67,1.326020723,Clay Loam,32.66666667,32.93333333,34.4
MANAGE_03224,MANAGE Research Network,Colorado State University Sequencing Core,NA,United States,CO,40.5179096,-102.61095,2,Cropping,77427000,11.508799,0,9.92326,9.92326,1.7,NA,NA,0.110804,12.10359408,1.348314607,18.29146188,14.7391769,461.0001681,158.9215733,395.769179,18.08908478,0,0,20.24730546,1.478267718,NA,0,6.05,1.46287632,Loam,44,22.4,33.6
MANAGE_03225,MANAGE Research Network,Colorado State University Sequencing Core,NA,United States,CO,40.8508386,-102.25937,2,Cropping,77664028,11.520275,0,9.26742,9.26742,1.6,NA,NA,0.108127,41.18873827,3.219315895,12.55006048,10.52116807,566.387499,252.9774808,381.5290861,47.98262978,0,0,24.97743061,1.16172708,NA,0,5.45,1.257994287,Loam,37.33333333,23.86666667,38.8
MANAGE_03226,MANAGE Research Network,Colorado State University Sequencing Core,NA,United States,CO,40.4750915,-105.11772,2,Cropping,77968076,11.529387,1,22.91,13.572,2.3,NA,NA,0.131,3.15,0,5.9,6,367,538,3731,NA,405,0.12,2.32,NA,NA,NA,8.5,NA,Clay,22.76,42.48,34.76
MANAGE_03227,MANAGE Research Network,Colorado State University Sequencing Core,NA,United States,NM,32.2020336,-106.74296,10,Cropping,78222194,11.544303,1,15.8395,10.3973,1.8,NA,NA,0.107233,1.380952381,0,18.50152811,0,307.285125,393.1158714,304.8479673,0,281.0005987,0,17.86530787,5.44997327,NA,0.006264127,7.75,1.161395689,Clay,31,50,19
MANAGE_03228,MANAGE Research Network,Colorado State University Sequencing Core,NA,United States,CO,37.5604981,-106.13411,2,Cropping,77121576,11.574951,2,15.43,16.936,2.9,NA,NA,0.134,0.13,0.79,34.8,17,869,436,2659,NA,52,0.62,8.65,NA,NA,NA,8,NA,Sandy Clay Loam,58.48,23.36,18.17
MANAGE_03229,MANAGE Research Network,Colorado State University Sequencing Core,NA,United States,MT,47.727734,-104.15778,9,Cropping,78789704,11.68742,4,12.334,12.334,2.1,NA,NA,0.135182,19.47619048,0,27.5521134,1.992145919,198.8192371,540.0003035,347.351998,42.13039995,5.572117091,NA,35.62017111,2.365849984,NA,0,5.84,1.222784935,Clay Loam,31,35,34
MANAGE_03230,MANAGE Research Network,Colorado State University Sequencing Core,NA,United States,CO,39.7110186,-102.96547,2,Cropping,78076748,11.703077,0,11.31,13.804,2.4,NA,NA,0.13,51.31,2.15,84.1,9,756,321,1409,NA,74,2.86,11.94,NA,NA,NA,7.2,NA,Sandy Loam,56.7,17.83,25.47
MANAGE_03231,MANAGE Research Network,Colorado State University Sequencing Core,NA,United States,CO,37.9741184,-103.78281,2,Grazing,78125684,11.711164,0,7.4,8.352,1.4,NA,NA,0.09,16.07,2.77,1.7,28,1077,329,1469,NA,0,0.6,13.98,NA,NA,NA,7.1,NA,Sandy Loam,61.83,17.76,20.42
MANAGE_03232,MANAGE Research Network,Colorado State University Sequencing Core,NA,United States,CO,38.0317771,-103.46956,9,Cropping,78285964,11.719335,2,22.8,16.298,2.8,NA,NA,0.14,20.34,0,50.2,10,335,590,2709,NA,296,3.97,10.64,NA,NA,NA,8,NA,Sandy Clay Loam,71.86,25.59,2.56
MANAGE_03233,MANAGE Research Network,Colorado State University Sequencing Core,NA,United States,NA,NA,NA,NA,Cropping,78254980,11.727346,0,5.19,5.8,1,NA,NA,0.065,7.69,0,33.1,1,187,111,654,NA,30,2.95,6.83,NA,NA,NA,6.6,NA,Sand,89.96,5.02,5.02
MANAGE_03234,MANAGE Research Network,Colorado State University Sequencing Core,NA,United States,NA,NA,NA,NA,Cropping,78298050,11.750901,1,16.03,14.326,2.5,NA,NA,0.143,16.32,0.49,5,55,788,305,2462,NA,17,2.7,3.57,NA,NA,NA,7.8,NA,Sandy Clay Loam,61.22,20.68,18.1
MANAGE_03235,MANAGE Research Network,Colorado State University Sequencing Core,NA,United States,CO,39.716144,-102.51842,9,Cropping,81135716,11.97521,0,15.4,7.656,1.3,NA,NA,0.07,4.88,0,1.7,6,498,211,2188,NA,213,0.16,3.28,NA,NA,NA,7.9,NA,Sandy Loam,72.08,12.69,15.23
MANAGE_03236,MANAGE Research Network,Colorado State University Sequencing Core,NA,United States,CO,38.1798807,-102.76986,2,Cropping,80232656,12.008875,2,29.72,16.704,2.9,NA,NA,0.254,73.43,4.71,145.9,45,1447,717,3777,NA,51,6.58,30.25,NA,NA,NA,7.8,NA,Clay Loam,28.12,33.37,38.51
MANAGE_03237,MANAGE Research Network,Colorado State University Sequencing Core,NA,United States,CO,37.2217387,-107.65274,2,Cropping,80111890,12.024078,1,32.22,58.58,10.1,NA,NA,0.327,7.52,11.46,8.5,48,622,353,3219,NA,56,3.31,153.82,NA,NA,NA,6.64,NA,Loam,51,18.05,30.95
MANAGE_03238,MANAGE Research Network,Colorado State University Sequencing Core,NA,United States,CO,38.1556506,-103.89784,2,Cropping,80725224,12.02536,1,5.2,6.96,1.2,NA,NA,0.06,28.48,5.07,57.1,10,483,459,1366,NA,490,0.53,6,NA,NA,NA,7.6,NA,Sandy Loam,79.81,17.66,2.52
MANAGE_03239,MANAGE Research Network,Colorado State University Sequencing Core,NA,United States,CO,39.1794323,-108.69681,2,Cropping,81940552,12.10079,0,18.7356,9.50004,1.6,NA,NA,0.096416,0,0.224719101,7.363928811,13.54016321,115.4254672,408.5760782,406.535042,0,261.5708612,0,36.44700867,3.362891368,NA,0.042620676,7.82,1.501357201,Loam,48,22.4,29.6
MANAGE_03240,MANAGE Research Network,Colorado State University Sequencing Core,NA,United States,ID,42.9558479,-112.82791,2,Cropping,82621994,12.203379,0,19.2931,7.195,1.2,NA,NA,0.084155,5.179704017,1.011235955,16.93299886,14.54075068,232.2192627,200.3858437,373.6279807,1.064992406,22.10188113,0,7.297703412,3.207594177,NA,0.010871893,7.9,1.459262382,Loam,38,22,40
MANAGE_03241,MANAGE Research Network,Colorado State University Sequencing Core,NA,United States,CO,38.103543,-103.47003,9,Cropping,81429824,12.207637,2,19.39,14.732,2.5,NA,NA,0.166,9.61,2.85,31.5,18,1194,532,2466,NA,54,2.8,9.22,NA,NA,NA,8.5,NA,Sandy Loam,55.5,27.97,16.53
MANAGE_03242,MANAGE Research Network,Colorado State University Sequencing Core,NA,United States,CO,40.5179096,-102.61095,2,Cropping,83228196,12.301473,0,9.7473,9.7473,1.7,NA,NA,0.105458,2.959830867,1.011235955,17.39868949,6.149721342,518.2402394,173.8189034,452.4396104,5.880433177,0,0,10.07098233,1.559250635,NA,0,7.06,1.461903014,Loam,46,20.4,33.6
MANAGE_03243,MANAGE Research Network,Colorado State University Sequencing Core,NA,United States,CO,40.4248898,-102.83699,2,Cropping,84596012,12.521392,0,10.6,11.31,2,NA,NA,0.092,15.84,1.21,0,24,1620,310,1852,NA,98,3.33,15.77,NA,NA,NA,6.5,NA,Loam,48.96,17.86,33.17
MANAGE_03244,MANAGE Research Network,Colorado State University Sequencing Core,NA,United States,CO,37.1938673,-102.72619,10,Cropping,84906960,12.54957,2,4.09,3.944,0.7,NA,NA,0.059,0.64,0,13.6,8,465,76,933,NA,11,0.41,3.21,NA,NA,NA,8.1,NA,Loamy Sand,82.45,10.03,7.52
MANAGE_03245,MANAGE Research Network,Colorado State University Sequencing Core,NA,United States,CO,39.1794323,-108.69681,2,Cropping,84930424,12.552616,0,19.0445,12.0049,2.1,NA,NA,0.106953,0,0.224719101,6.422522635,14.93308671,118.3844533,250.8499009,393.9374042,0,131.3857471,0,27.24811147,3.152718953,NA,0,7.84,1.456032321,Loam,33,22.4,44.6
MANAGE_03246,MANAGE Research Network,Colorado State University Sequencing Core,NA,United States,CO,40.51684,-107.48538,2,Cropping,83853968,12.583922,4,21.6,25.752,4.4,NA,NA,0.18,0.12,0,36.1,11,517,860,3722,NA,2024,1.15,0.15,NA,NA,NA,8.5,NA,Clay Loam,42.87,32.46,24.67
MANAGE_03247,MANAGE Research Network,Colorado State University Sequencing Core,NA,United States,CO,37.2151108,-105.50552,2,Cropping,84244182,12.621441,1,22.06,20.706,3.6,NA,NA,0.207,2.29,3.22,90.4,5,682,583,3239,NA,57,0.6,14.3,NA,NA,NA,7.8,NA,Sandy Clay Loam,57.76,23.04,19.2
MANAGE_03248,MANAGE Research Network,Colorado State University Sequencing Core,NA,United States,CO,37.1668015,-108.15868,2,Grazing,85957960,12.752399,0,10.5699,10.5699,1.8,NA,NA,0.101202,1.407716371,1.106639839,10.12933609,7.144003374,144.0685174,211.0363255,477.6160906,2.706169126,1.589887473,0,12.21200588,2.170140385,NA,0,7.21,1.529689921,Loam,33.33333333,23.46666667,43.2
MANAGE_03249,MANAGE Research Network,Colorado State University Sequencing Core,NA,United States,CO,37.1689682,-108.15676,2,Grazing,86511370,12.815403,0,10.4248,10.4248,1.8,NA,NA,0.106781,0,1.011235955,11.79278884,1.588845744,171.0009403,141.4064835,448.1846127,0,0.905970972,0,7.110564932,1.74859571,NA,0,7.78,1.418416788,Loam,35.33333333,23.46666667,41.2
MANAGE_03250,MANAGE Research Network,Colorado State University Sequencing Core,NA,United States,NA,NA,NA,NA,Cropping,87612172,12.975318,1,8.43,11.136,1.9,NA,NA,0.098,0.54,0.27,20.2,6,204,204,2012,NA,18,0.38,8.08,NA,NA,NA,7.5,NA,Sandy Loam,66.9,15.27,17.82
MANAGE_03251,MANAGE Research Network,Colorado State University Sequencing Core,NA,United States,CO,38.1426103,-102.77479,2,Cropping,88636646,13.101187,2,23.37,18.502,3.2,NA,NA,0.191,27.7,0.72,74,23,1019,1044,4510,NA,462,11.02,10.3,NA,NA,NA,7.8,NA,Silty Clay Loam,17.36,36.16,46.49
MANAGE_03252,MANAGE Research Network,Colorado State University Sequencing Core,NA,United States,CO,39.8432757,-105.13605,2,Cropping,88578202,13.114549,0,51.7,41.992,7.2,NA,NA,0.43,52.42,1.12,0,154,2191,896,4070,NA,119,13.66,51.09,NA,NA,NA,6.7,NA,Sandy Clay Loam,58.48,23.35,18.16
MANAGE_03253,MANAGE Research Network,Colorado State University Sequencing Core,NA,United States,CO,37.4357263,-102.14836,2,Cropping,90416614,13.369195,1,7.31,9.164,1.6,NA,NA,0.083,14.79,0,32.6,12,1081,321,2641,NA,15,0.33,4.49,NA,NA,NA,7.7,NA,Sandy Clay Loam,49.07,25.47,25.47
MANAGE_03254,MANAGE Research Network,Colorado State University Sequencing Core,NA,United States,CO,39.8498136,-104.53012,2,Cropping,90297668,13.393292,2,27.8,9.628,1.7,NA,NA,0.27,0.13,0.6,3,71,1268,425,1147,NA,17,1.51,42.84,NA,NA,NA,6.4,NA,Clay,39.04,22.86,38.1
MANAGE_03255,MANAGE Research Network,Colorado State University Sequencing Core,NA,United States,CO,37.1672997,-105.38848,2,Cropping,90164416,13.508664,0,12.52,9.396,1.6,NA,NA,0.103,19.89,1.58,51.6,17,743,245,1850,NA,0,0.82,11.46,NA,NA,NA,7.1,NA,Sandy Loam,72.23,12.62,15.15
MANAGE_03256,MANAGE Research Network,Colorado State University Sequencing Core,NA,United States,CO,37.4848014,-102.61051,2,Cropping,91300526,13.531489,0,4.1,13.514,2.3,NA,NA,0.13,13.13,2.91,104.9,17,1182,171,2632,NA,0,0.53,3.18,NA,NA,NA,7.9,NA,Loam,49.78,11.3,38.92
MANAGE_03257,MANAGE Research Network,Colorado State University Sequencing Core,NA,United States,CO,37.1689682,-108.15676,2,Grazing,96893876,14.321716,0,9.47507,9.47507,1.6,NA,NA,0.098721,0,1.207243461,6.870890734,8.612450067,188.4636674,195.176921,462.0330266,6.078244465,1.973153505,0,10.03829641,2.401267746,NA,0,7.35,1.63062479,Loam,37.33333333,23.46666667,39.2
MANAGE_03258,MANAGE Research Network,Colorado State University Sequencing Core,NA,United States,CO,40.2795405,-105.0859,2,Cropping,95580808,14.342087,1,11.3,12.064,2.1,NA,NA,0.131,22.96,0,57.1,17,1269,366,1839,NA,86,2.96,10.35,NA,NA,NA,8.7,NA,Sandy Clay Loam,59.44,22.81,17.74
MANAGE_03259,MANAGE Research Network,Colorado State University Sequencing Core,NA,United States,CO,37.3799283,-102.20663,9,Cropping,96972878,14.346796,1,10.9,11.89,2.1,NA,NA,0.13,35.24,0.76,49.8,21,745,495,2247,NA,25,1.07,6.79,NA,NA,NA,7.7,NA,Sandy Loam,67.12,17.71,15.18
MANAGE_03260,MANAGE Research Network,Colorado State University Sequencing Core,NA,United States,CO,37.1668015,-108.15868,2,Grazing,97972968,14.515768,0,9.74434,9.74434,1.7,NA,NA,0.095766,0.886339937,1.207243461,9.323231415,1.603496675,155.5326064,262.0414941,441.014773,1.134270729,1.318803986,0,9.693709908,1.689243809,NA,0,7.52,1.395881937,Silty Clay Loam,33.33333333,27.46666667,39.2
MANAGE_03261,MANAGE Research Network,Colorado State University Sequencing Core,NA,United States,NM,34.6010163,-103.2194,9,Cropping,100267648,14.868237,0,8.93898,8.93898,1.5,NA,NA,0.104871,16.19047619,0,22.62048779,0.525233277,469.5552415,440.251766,406.691733,9.3554244,41.25377981,0,9.361500529,3.03996228,NA,0,7.25,1.082795154,Clay Loam,44,30,26
MANAGE_03262,MANAGE Research Network,Colorado State University Sequencing Core,NA,United States,CO,37.3782388,-102.21041,9,Cropping,103165308,15.221526,1,6.9,9.57,1.7,NA,NA,0.09,22,3,20.4,15,676,390,1833,NA,20,0.72,4.14,NA,NA,NA,8.1,NA,Sandy Loam,69.75,15.12,15.12
MANAGE_03263,MANAGE Research Network,Colorado State University Sequencing Core,NA,United States,CO,39.1794061,-108.69694,2,Cropping,102714404,15.225727,0,22.7353,13.3962,2.3,NA,NA,0.116403,0,1.348314607,4.915350668,20.3791007,152.0969521,252.6530396,410.9016567,0,115.6093913,0,29.348028,3.437715537,NA,0,7.74,1.404337111,Loam,33.33333333,19.46666667,47.2
MANAGE_03264,MANAGE Research Network,Colorado State University Sequencing Core,NA,United States,CO,37.1689682,-108.15676,2,Grazing,117771414,17.454027,0,10.8241,10.8241,1.9,NA,NA,0.109719,0,2.02247191,19.29631606,6.771973616,211.0757735,187.2621429,445.0697639,6.8200204,2.509055458,0,9.059095173,2.817789305,NA,0,7.66,1.392898645,Clay Loam,31.33333333,27.46666667,41.2
MANAGE_03265,MANAGE Research Network,Colorado State University Sequencing Core,NA,United States,CO,40.4466569,-102.66185,2,Cropping,119999104,17.760899,0,11.8686,8.31076,1.4,NA,NA,0.093448,6.871035941,1.797752809,23.91759953,2.989465882,409.500793,378.3906472,371.3169295,4.347002625,3.844242087,0,18.75058809,1.983037365,NA,0,6.97,1.344527024,Sandy Clay Loam,51,24.4,24.6
MANAGE_03266,MANAGE Research Network,Colorado State University Sequencing Core,NA,United States,UT,41.20951,-112.08561,7,Cropping,157114816,23.091144,2,8.67267,8.67267,1.5,NA,NA,0.096184,22.95238095,0,21.57774278,16.94353856,79.50925736,129.7671493,413.8276527,5.335016157,30.83075606,0,16.42048044,3.545804134,NA,0,7.61,1.551475891,Sandy Loam,70,12,18
MANAGE_03267,MANAGE Research Network,NA,NA,United States,CO,40.6523,-104.996,2,Cropping,NA,NA,0,NA,NA,NA,NA,NA,NA,NA,NA,NA,NA,NA,NA,NA,NA,NA,NA,NA,NA,NA,NA,NA,NA,NA,NA,NA,NA
MANAGE_03268,MANAGE Research Network,NA,NA,United States,CO,40.6523,-104.996,2,Cropping,NA,NA,0,NA,NA,NA,NA,NA,NA,NA,NA,NA,NA,NA,NA,NA,NA,NA,NA,NA,NA,NA,NA,NA,NA,NA,NA,NA,NA
MANAGE_03269,MANAGE Research Network,NA,NA,United States,CO,40.6523,-104.996,2,Cropping,92123542,13.910654,0,NA,NA,NA,NA,NA,NA,NA,NA,NA,NA,NA,NA,NA,NA,NA,NA,NA,NA,NA,NA,NA,NA,NA,NA,NA,NA
MANAGE_03270,MANAGE Research Network,NA,NA,United States,CO,40.6523,-104.996,2,Cropping,NA,NA,0,NA,NA,NA,NA,NA,NA,NA,NA,NA,NA,NA,NA,NA,NA,NA,NA,NA,NA,NA,NA,NA,NA,NA,NA,NA,NA
MANAGE_03271,MANAGE Research Network,NA,NA,United States,CO,40.6523,-104.996,2,Cropping,NA,NA,0,NA,NA,NA,NA,NA,NA,NA,NA,NA,NA,NA,NA,NA,NA,NA,NA,NA,NA,NA,NA,NA,NA,NA,NA,NA,NA
MANAGE_03272,MANAGE Research Network,NA,NA,United States,CO,40.6523,-104.996,2,Cropping,NA,NA,0,NA,NA,NA,NA,NA,NA,NA,NA,NA,NA,NA,NA,NA,NA,NA,NA,NA,NA,NA,NA,NA,NA,NA,NA,NA,NA
MANAGE_03273,MANAGE Research Network,NA,NA,United States,CO,40.6523,-104.996,2,Cropping,29637052,4.475194,1,NA,NA,NA,NA,NA,NA,NA,NA,NA,NA,NA,NA,NA,NA,NA,NA,NA,NA,NA,NA,NA,NA,NA,NA,NA,NA
MANAGE_03274,MANAGE Research Network,NA,NA,United States,CO,40.6523,-104.996,2,Cropping,91722348,13.850074,3,NA,NA,NA,NA,NA,NA,NA,NA,NA,NA,NA,NA,NA,NA,NA,NA,NA,NA,NA,NA,NA,NA,NA,NA,NA,NA
MANAGE_03275,MANAGE Research Network,NA,NA,United States,CO,40.6523,-104.996,2,Cropping,NA,NA,1,NA,NA,NA,NA,NA,NA,NA,NA,NA,NA,NA,NA,NA,NA,NA,NA,NA,NA,NA,NA,NA,NA,NA,NA,NA,NA
MANAGE_03276,MANAGE Research Network,NA,NA,United States,CO,40.6523,-104.996,2,Cropping,NA,NA,0,NA,NA,NA,NA,NA,NA,NA,NA,NA,NA,NA,NA,NA,NA,NA,NA,NA,NA,NA,NA,NA,NA,NA,NA,NA,NA
MANAGE_03277,MANAGE Research Network,NA,NA,United States,CO,40.6523,-104.996,2,Cropping,NA,NA,9,NA,NA,NA,NA,NA,NA,NA,NA,NA,NA,NA,NA,NA,NA,NA,NA,NA,NA,NA,NA,NA,NA,NA,NA,NA,NA
MANAGE_03278,MANAGE Research Network,NA,NA,United States,CO,40.6523,-104.996,2,Cropping,93603648,14.13415,0,NA,NA,NA,NA,NA,NA,NA,NA,NA,NA,NA,NA,NA,NA,NA,NA,NA,NA,NA,NA,NA,NA,NA,NA,NA,NA
MANAGE_03279,MANAGE Research Network,NA,NA,United States,CO,40.6523,-104.996,2,Cropping,NA,NA,2,NA,NA,NA,NA,NA,NA,NA,NA,NA,NA,NA,NA,NA,NA,NA,NA,NA,NA,NA,NA,NA,NA,NA,NA,NA,NA
MANAGE_03280,MANAGE Research Network,NA,NA,United States,CO,40.6523,-104.996,2,Cropping,NA,NA,19,NA,NA,NA,NA,NA,NA,NA,NA,NA,NA,NA,NA,NA,NA,NA,NA,NA,NA,NA,NA,NA,NA,NA,NA,NA,NA
MANAGE_03281,MANAGE Research Network,NA,NA,United States,CO,40.6523,-104.996,2,Cropping,NA,NA,3,NA,NA,NA,NA,NA,NA,NA,NA,NA,NA,NA,NA,NA,NA,NA,NA,NA,NA,NA,NA,NA,NA,NA,NA,NA,NA
MANAGE_03282,MANAGE Research Network,NA,NA,United States,CO,40.6523,-104.996,2,Cropping,85646542,12.932628,2,NA,NA,NA,NA,NA,NA,NA,NA,NA,NA,NA,NA,NA,NA,NA,NA,NA,NA,NA,NA,NA,NA,NA,NA,NA,NA
